Size,Weight,Sweetness,Crunchiness,Juiciness,Ripeness,Acidity
0.4553318438068023,-2.1741663913318128,-4.785681728992213,-0.5683569453328219,-0.15198740304411018,3.108227292869385,-2.7709738613223696
-0.7677607237164632,-1.1672693328422685,-2.566340449106578,0.6959629149006864,-0.32928683270048054,2.2177776283755666,-1.5807866150843712
0.7461380075010834,-2.399486599776619,-1.2693827368706931,0.9881568870286964,-2.7829794540827133,0.595265274811756,-1.8695489833116314
2.4322164144388814,-1.869813528073587,3.4288431048314165,1.7949475790344098,-0.006743703441686177,-0.7300636671999787,-0.7685034351012956
-0.9524618145894385,-3.9000622339709023,0.21611011424497506,-1.0762778951436174,2.2941531636802344,1.79309298769835,-0.6288024279078825
-0.9524301907486412,-0.5773021711950561,-3.178312790740483,1.6890809322239466,-1.9897167581860078,1.2214870231152577,1.663838994802127
2.5404357709277194,-1.3972741990091149,-0.02055215415042988,-2.9610828867488372,2.607782020988154,2.1625552795034557,-0.9298740296026059
0.9767925679834008,-2.47045103376304,-3.704162705112549,-0.04957483850331357,1.649235312689279,1.6748253978714354,-3.4317264417363624
-1.405736060194474,0.1890074064514884,1.0190776373357966,0.03690921579401607,-1.034764902297158,2.452091960159666,2.0209058653610255
0.5436399866171577,0.35699353396203004,-1.062945361884512,1.9862288969140813,0.09351152275670416,-0.5205417286588615,-1.4103330880720801
-1.3940696858583166,-3.3875493393939125,-1.3331182613798755,0.6677304268386028,3.9099078186533847,2.9544899199753467,-0.5608638079896826
-1.3985231666180091,-2.054557248485434,1.9263871444823377,-0.9992824646512979,2.0758794925719863,0.8540582579914608,0.9381196156597136
-0.03537005435347436,-2.2541500837727324,-3.976732430643766,-0.9105136285466072,0.6955184632506443,4.376043153620923,-0.33728392869967194
-4.186788240971535,-1.9464261536422618,-2.721690328292525,1.4303632764166054,0.18139929728578047,-0.8093151960025516,2.6357012141804157
-3.8239654321383534,0.7935949408788651,-2.47518086448156,0.4195722366030953,0.46415378493872617,3.739613583400783,0.3773996363114458
-1.5845123084251793,-1.1315065965048703,1.3861013092826604,0.13360816677625742,-0.4465865910436352,0.8546419452344005,-1.7594229607415648
-2.4523472939778284,-1.122363441565148,-2.971353800660735,0.48900046901055205,-3.533837964394317,-0.7384692354643413,4.85681552602825
0.10386509654887406,-4.220756169125655,-5.5269925978780385,2.0590383917189277,4.868984785676852,-0.424224179234158,0.6960131902542356
-2.250468448025219,0.2688430884754929,-1.139044793788428,0.35246231692912056,0.6791136566366105,-0.1174701188670637,-0.07541121296994713
-3.2218095356228558,-2.552661055644632,0.35197143527576424,0.7479905233806836,1.4853810956545144,1.2790354607418943,1.9127841540877308
2.3216892285811026,-1.2742520081794715,1.5185146394107747,3.8179050011368525,0.4496792602659011,1.4641128446274032,0.3989307426951593
-0.9363259328612726,-0.47847616269437054,-1.0276427630625617,-0.8237484264992327,-0.9570275116095395,-0.5926912798492212,1.155251813454043
-0.37136414882424795,1.151419389318923,-1.220881954353099,-1.5534296725261574,-0.08705523222106809,0.4377321918677335,5.247802618899381
-3.2457800449541323,-2.6590341605930217,0.5751341858189065,1.4966417966477326,-2.3718852778263475,4.501734832700246,-1.3437533629707437
-1.5500241562263222,-5.5926350663629485,-4.887673160997998,-0.40020312599402763,5.487375229393254,3.723818752367393,-1.2624800889043823
-0.2877780846940579,-0.7161214764646296,-1.4214152833480975,0.42932279261777956,-1.8962418536820145,1.301840062647953,0.16018154463645487
-2.718475181092547,2.171339682281082,-0.12284352322886449,-0.10181743129480025,-1.8475286473916854,0.5546990729143705,2.2922498601820362
0.22223112379824547,0.8769624410555226,0.32011762933849697,0.5916039802047842,-0.5471213302534846,0.7085611398101475,-3.0584137235979214
-1.6583841371021752,-0.48490949763818886,-1.743027706266627,3.0110122453514765,2.9633598062496973,1.6342086690703597,-4.206492349308596
-1.0632958194552595,-1.6736236792595172,0.14491424467529362,2.344301852326427,0.6375117419058525,-1.4350675084636417,-0.6958304525865366
-1.6604411641275396,0.4576240502314223,-5.00062787919701,2.22784079066495,-2.0390958690645222,0.0006460223715960075,-3.1671621168360384
3.0664130242879444,-3.007644558022252,-0.8153466824602154,-0.5290898693254777,3.1982740979205317,-2.6463977830652117,-0.09762668488542481
-0.527434956988516,-0.22150124442202668,0.1805599577826641,-0.7028901373014578,1.8527603842113867,1.2322494668214807,0.9712767192877082
-2.538794574189047,0.1039807757283896,-2.6487422636306093,-3.081299668701507,1.4409529238615846,1.697379429961975,-2.00345803341196
1.0829455480055716,0.4754454322853332,-0.0942742953981129,-0.005111690842097838,1.7402282131882731,-0.4229123469034697,-2.647893746131813
-2.853020068423096,3.7026958996208332,-0.4530539542683295,1.8815976553302458,4.60817681999285,3.4357884485790313,-0.4014414151464799
-0.09912457236949286,-0.4134173465951474,-0.45621361023386525,2.0060737016781545,4.692685713221683,-1.8157901642979324,2.3768888520333666
-4.276144212203281,-1.254379783985067,0.6340126119059588,1.055701330728139,-0.7709032213120585,-2.2633565455802658,-2.8005995460194955
-3.059782501767824,-0.6611043445603516,-2.388460777387695,0.8900671700842558,3.6349102110760296,0.9044257514637621,1.6979063335802669
-0.12224346113625886,-3.8190509680784466,-1.4025074916386466,-0.23747327208588243,1.6070968635269751,2.4474881454940696,1.3562156061028992
0.9209942527869248,-2.269699298199656,-0.2042252714968702,0.8221901317657224,1.6472729786693479,3.6420079062796664,1.3784817493667219
-0.17134787276929048,-1.6677217043768364,0.07701860058158638,2.148109645202768,-2.66981183224307,-0.3773279910953574,2.7981014777554067
-0.7241978527273967,-1.771936442495201,-2.1331596829850827,-1.5165111310018515,0.29100876224093974,2.506728434682771,4.199271064300092
-1.081421213613268,-0.655478490618406,-0.018885122345386085,1.3997420111866308,-1.0865041891874858,0.411183344797046,-0.6209547743908638
-3.349358898307287,-1.8775444208265262,0.9735858077586487,2.3020772527510074,2.237910473144084,0.15961267915212096,0.39419347304879054
-1.8879972565636265,0.9843116148272593,-4.7801141032425765,0.1803203381443096,2.3680873096987085,2.1409219595855564,-1.1216807467092276
-1.3887169394125953,-0.8527152090458587,1.3726489184400033,1.7700789017320453,-3.507303390814575,1.7069961808681207,-0.16431471497794578
1.5347872876972495,-1.2740623250637304,-0.2589951309474003,5.247107605462428,0.5191548326025845,-2.473470671906906,3.902497837584555
0.16043929830065695,-1.585483543172423,-0.441712814417233,0.45231700399522307,2.7723442776688816,3.253005322267868,-3.2787633609831035
-3.897396474447069,-0.25959900088441673,1.0595847585913696,1.1596052643531385,0.07943326557164293,3.072093082436728,-2.2412391731950256
0.12281238094832837,0.23810935616613738,-2.707515596929296,0.1296541920941705,1.7943014176694025,-0.6899716789345034,3.193427648793212
-1.2431803760801443,-2.240804954667652,-2.003070463324506,1.12460230141428,1.3572416577380482,1.225835242059974,2.040084944150564
-1.8053206974626852,-1.8330386132651189,-1.2640574105951987,1.4815954913121692,1.2902912734668426,1.4100818863177813,-0.8527598046729493
0.6767713792015458,-1.6191352797996212,-2.0712717040889492,1.1783396307498721,0.07728651245752827,0.9723683315939434,1.7536014498820762
1.4844698563628127,-3.3749480943564403,3.090697320840259,-0.2759968215883246,-1.5450290908643924,-0.5488088660875889,1.0260565462582123
1.2923908018558845,-2.5177387377857743,-1.715548092352664,1.4363312306212983,-1.462914799116738,-0.7763690362291324,3.466100385822057
-2.1179335845838394,-1.502722848674559,-1.4910812695651559,2.9901229071358193,1.9633213090844097,0.43548229405950506,0.2618698921757209
-1.097040116105879,0.48539880972907357,-0.696573264593721,1.2893260499602017,0.3901168072896263,2.6831374045032295,1.7346253631022108
0.1366414275307787,-0.6509789397454039,-3.0071240233938967,2.156523518408865,0.2193338372407701,1.5030617451731634,5.32508435375531
1.3776538559596692,-0.932247261780216,-1.0082110237198796,0.7503082680073507,-0.30006265841109336,-0.21175746553530458,1.4825577604918436
-1.4244198701717528,0.493855493987837,-0.27206044341195434,1.8065146493018935,-0.23984315355582836,1.930912967785427,-0.11536085004252768
-0.859052128886823,-1.1433090512360808,0.4200187627424776,2.10181601802091,2.5745098580832244,-4.8596810041151395,2.750065652645941
-2.632453985326552,-0.06437366046992876,-1.2434893717659814,-0.6230975666732151,-0.23162581170240387,2.6381886969746335,-1.124337129306136
-2.8055643428722723,-0.818895738557951,-0.5354755510614351,1.867568157264481,-2.0904382268175374,-2.7798178788879118,5.7327571991382165
1.0636468236540595,-0.7754108515414677,-3.114984521079987,-0.28641810056357064,1.9432005748702237,-0.19642639436547443,0.6170452847173896
2.1109466179245544,-2.258535789444509,0.7357592265861257,0.40220495889917773,0.28210677018216185,-1.6167831867920575,-0.008306448307017877
-0.6401422288034981,-4.803301480042552,3.5218557125082173,1.5748428879610488,1.0427455861265649,-1.9450575969334396,-1.097574687094
1.4315637708307145,-1.4568164601649745,-1.0397913575469317,1.084874352374666,3.698030271402705,2.6608120353727434,1.8871311840483211
0.19514497721467802,1.170597525038295,0.21001457137501053,-0.5298760995126435,0.2310289814869367,-0.393866183873843,2.0771621042211406
-1.7440633585860106,0.6570660990274174,0.6579705002469942,2.3338483072857565,0.892234797516906,1.1333624240729891,-1.069398883201739
0.1946818822079565,0.44938302380217143,-2.8211406844383906,1.7753058510444002,-1.927274996535044,0.3954045018942494,1.3058361947781791
2.4611222700847724,0.5613267287478021,2.4865718144995306,-0.11109837536426936,-0.08219354149052949,1.3782144419515927,-3.2082506444570185
-0.5704446161669292,-0.8269575609302432,-0.12099638101713622,-1.1488954919253,1.689488268207965,0.6275119205845149,0.4479228856141474
2.5123727227744035,-1.084091913609142,3.2843879343343345,1.1136037405143038,-2.4740630243747566,-1.9231317213555594,1.5550577310476115
-5.5475775923206925,-1.2490667519019543,-2.3648931931590496,0.10878294446717607,0.9479750004688486,2.3521420258360135,3.2126179788478706
1.08170814520518,-1.6948915093972858,3.217008725776394,1.2623257773857337,0.8072013300441483,-0.44273903591096575,-1.2905733999021531
-0.3337670039486045,-0.0285540234171352,1.8191148774409371,0.885530417282994,0.4935820876916532,-2.4363119831758904,-1.9037022977138485
-1.0773832433128092,1.0023071956727945,0.8050470910327104,-1.6618701586392723,2.3002274985292206,-0.3196134746352877,-1.5743611291611583
-0.3246874807837413,-1.2208548329392457,-0.814324348432437,0.0566816302713542,1.2034335268450413,3.2984344454632013,-3.2712256240073083
-4.329882734115526,-1.1542184766349113,-1.377183138622839,0.3390957614705194,3.411114178018923,2.0782009453894776,2.5077000323382697
-0.9245676413933687,-0.9167236811958163,1.9798110967861628,1.9382150248537984,-1.4056147209784107,-0.17056232037327576,3.434073487772294
0.1864319218931321,-0.1238284381846878,-0.012164859247088822,0.11251432142992634,0.6882670950398433,-0.1716982058041031,0.9007146330856413
2.3452760223439744,-3.649124565224941,-3.9870940580666403,3.363813519790505,1.0081833063010914,-0.11988557662514551,2.747906521933509
-1.4997263672142835,-4.458874566580734,-3.658094326428139,-2.1812480066906312,-1.1305900161414346,4.3788325716819285,-0.47329717582037717
-2.058753311060207,-1.6281509143008939,-1.011787148716427,2.6772160104247718,2.456663466626278,1.1998224710812349,-0.2542352348973399
-1.4679187663493534,-2.7671950528064513,-0.10542135840564071,0.5597084543064331,5.2432618297790885,1.290056686872536,-0.7645827153127878
1.261806668821411,-2.022830039424066,-1.1116909850392307,1.889704961802737,0.6180213855844024,2.4159480356065424,-0.9627844690088243
0.13180220498405062,-1.2974481892788563,1.7038593326914033,1.026314597021984,1.5430275194355012,0.9313187259469861,-3.191982927016106
-1.5218583242363717,-1.549345048976825,-3.990182264812138,2.6084700894127852,0.7583516471266858,-0.002478208669281005,0.7484844438394457
0.4872166955331596,1.1768708320164798,-0.08694691327741155,0.4989205043365904,-1.112344394791989,0.11511559056726892,0.09469459493552723
-0.3144463375333013,-0.4870574277643983,-3.8391227773706627,-0.5085573367013635,-3.0592718780237456,0.3491102178600479,1.6642797899106783
1.364362844710567,-0.7618344777216585,0.9867494435555365,2.9359987515064376,-0.8664519156100209,0.4135959701429776,0.30584665452278414
-1.8537280939002232,0.19286343058881372,-1.022832636887084,0.6343478244915959,-2.3094641162666036,1.8482511249771807,-0.534692766987197
-1.132577979357748,-2.6846755557196484,0.3004756803770562,1.2691899620444942,4.031179270953363,0.5808512601870388,-1.7202509808252937
-1.2567135796754918,0.767373500727924,-2.471399415726756,2.4813484804931027,0.09584950469034492,1.857649531326745,-0.0523477677810778
-3.320452402822889,-0.7040261045345874,1.986476192246175,-0.4147974770309758,-0.17617112604471985,0.3320123406480117,1.6533069024172997
0.06894884585620302,0.0017516296026378608,1.4554544514337073,1.7748832245387103,2.1325844015938413,0.6309131797463118,-2.292438246043797
0.0014067952997813217,-2.7366676803253878,1.6925362203745216,0.6893658126075067,-1.437284270715846,-3.264669429767409,1.0934858262894558
-0.4915871484164707,-3.428141453499083,-1.1884873420141275,0.5597058362327116,-0.6674411604649692,2.2021978025788655,0.20453713367528142
-0.9532973185024218,0.37631493885601663,0.44587958539516337,0.9880229381968655,0.4972829109663464,1.1333335268959095,-1.5246049630215681
-3.2277172552915294,-0.003801272811621015,-2.316691321191973,-1.3369879203596406,2.403728071294982,2.3554119673352716,-1.5218849421071814
-1.3116817441015751,-2.2863573578320064,2.6785417088514745,0.6636471383577032,1.6542719776558967,-4.94917723772115,1.7551277103727614
-1.1615717848365132,-2.256142694525864,1.5349351066584191,2.2886103345880917,1.1598301008618515,4.4006411572993,-3.0919946905825344
-2.0467794378352804,1.0133272317350397,1.6251213164695923,2.2300986470707964,0.44092237293847625,0.22158241938322676,0.87643663633713
-0.8121044583497534,-2.8089866611386074,-2.417620800049779,0.6051830949811302,1.5199372472503265,2.5620661792324113,-2.2010482952120354
0.27684423038641937,1.5060808936173562,0.7684231901696517,1.5824034651288281,0.6216012900091576,-1.4671675486839582,2.714191737063646
3.131725911687881,-2.9017133982763155,-3.21469289223449,0.41637811417796733,-1.2398320306938273,1.6328129992910239,4.669484241833939
-0.1651656877352258,-0.01631401735476512,1.1720309502966901,3.1123638389389696,0.5014084918220764,-1.4925079734557438,-1.2477177967165662
-0.005344291185160444,-1.5635818383812499,0.7159957725084749,0.8663314211139248,-1.4838003823533865,-0.6866071061223017,1.4540747242432743
-0.6448340443211522,-0.005162721761137967,-4.986416947005663,0.7995405617124254,0.5678946828106876,4.073620166314954,-2.182088868548037
-4.197364923275567,-1.3207647099240498,-2.5430244121913903,2.599587143935124,-0.36377796596367395,0.12574619137181245,2.3225248320323266
-0.552507569506551,-1.2260084420865263,-1.1076435013379782,-0.14324227961912794,5.475782072473903,0.8912601075669263,-2.600527573618333
-0.3854215126197599,-0.9279622256145091,-1.4860181910527794,2.889871610995343,0.44335930652062383,2.1154266544109213,0.7339679696220671
4.243248922278927,-3.216388729181224,-2.995557595999275,-1.2479447496875866,-1.9274617698525118,1.4131800321352093,-1.9050078475783907
-0.8719614674634524,0.24347142750857598,0.1908463361731053,3.173960521807604,0.12126216484771929,0.7655600213744136,-0.3905085508397267
0.07940243392726405,-1.8664825789161616,-0.18099276253993746,0.37323240299428506,1.6385353259862447,1.1679829925202676,-2.1776190660640458
-0.5682983155828063,-1.327596565269258,-2.0964513269942016,0.02185278682707642,3.810099001186849,4.991572674834847,0.8132159665700619
-2.752538906696815,-2.2316461637800558,-1.8504313135748784,-1.5971120692838803,-0.4661496513115966,0.3753375369983758,-1.6049832959619015
1.6998633652978674,-5.323346627573233,1.4038246539089632,0.3032240096498847,-2.0218879345406138,0.8606222651194257,1.154135149835336
0.946933271802803,-1.4789522431640794,2.094754671367128,-0.7194773702029709,2.1687264842039973,2.454158415281355,-1.0406165295672436
1.0222454201637419,2.616735048170765,-1.953850834272849,-0.14128062702419453,-2.575964225806592,2.5570825835750015,-0.5894052239516681
-2.2530945828888247,0.5044868711093957,-2.2386232673442423,0.4823318928958935,-0.4948360385849006,2.7099627511195017,-0.08181813732768906
2.200619261732073,-1.3823176226641354,0.12476791379912944,2.12605813171111,0.07562962003506923,1.6815000323911053,-1.7340993833263987
-3.2016757115084222,-1.0156491526565994,-0.5290630858595955,1.560492548489579,0.39618164192122596,-1.660553371918794,0.9980155681976624
0.6289647602743713,-1.0980594144962956,-1.5862145169777893,0.9763991831173335,1.8760439471663855,3.5472907638031383,2.5875921974754013
3.717808850768243,-0.6999736190783235,1.5354902419202525,-0.22510057021937402,-0.830923801437202,-1.6668192098098618,-1.0393113131530376
-2.409403162364335,-2.573408289295882,-4.208713456419883,-0.3071048867860746,0.18619409483830107,1.0510771349649155,2.3911304554070982
-1.5922367378518614,0.9326217164989596,2.4155970605985044,3.6407863050735196,0.27154097520619086,-0.9314027467540992,3.495334194492455
-0.30948866553585774,0.12516466909607282,-0.2901028871212445,-0.012281688298029558,0.6851201051778433,0.36310862464518084,-1.5593711487783704
-1.4712291460227083,0.2910638589725316,-1.40771362053801,3.1640487338407377,0.5650756579403626,1.1000842202456536,-3.0374043479565462
-3.4883174083918798,0.13030433461927438,-0.7982026323931741,0.5622494918868624,1.2393790469257433,1.0861940767636489,0.5894388291673499
-0.3693709793990316,-0.9637889622598812,-0.754287362479382,0.8724753067716305,2.159720965111175,1.2748240872456684,-1.2034043848461788
-2.547641175014117,0.3691996417999154,-4.567137930165236,2.0270977786059623,1.1269180421063094,3.510300881515049,3.293313159806391
0.41079488889091137,-0.16982673670088455,2.1089188218284356,2.604772993020328,1.3091609743043462,1.3341225549269078,-0.015492291446045026
-2.2724273811167524,-1.288560972794086,-0.25384299342992334,0.8904638236626992,-2.5017421648402576,0.025442984650268903,-1.4571370412297622
2.4840398317849637,-2.2959528281989257,-0.1378497082518657,0.1962451055209138,0.7807855500130506,2.291781700327127,-2.661599349937943
-2.0101355413692117,-0.6060319393284999,0.6986543577707423,0.593276845618927,1.4113013499891665,2.714539875384814,1.8603564340491503
-1.1217900709477948,1.552786395367782,-1.7305032713911128,1.7611748980580695,1.6375812841987991,-1.819245543659747,-0.5794038231858549
1.065556444079749,-3.1483459198049086,0.11329135623476627,2.045646396891952,-0.556386676300596,1.6039758408898832,-0.055586044967258025
-2.8723218299107733,-2.9612334550836925,-1.3342917063176096,0.8025912133738501,-0.5141223703770279,1.7986253185292946,1.783007168783763
-0.06330438886985129,-0.7774266791842483,1.288003994386909,1.90468803023122,-0.6095003796209557,-0.07473386080928582,-0.7795967092301579
2.016375674812624,-1.2460794561103468,-5.185516004375312,2.8675965633599474,1.5977319215674526,3.0638688692296934,-0.5582740176973907
-3.597763451616235,-0.2726210074393505,-0.5674778209938727,1.5406715607073904,2.4456288795526038,0.20195111009766092,0.12482168783255512
-0.14579577892351683,-0.6410680333323846,-1.6598278467684988,1.3735727089117775,-0.3028905850244978,0.718962298423228,1.4558786296293813
-0.0008516262799042208,-1.3979564134539113,0.4432289855121872,-1.0583758357268125,2.3356268745858166,0.15877887166580837,1.3867874215849307
1.0045069418939747,1.1639463021590617,0.4144812270927058,-2.6315866526650638,0.510876519774772,0.5126369037849449,-0.36256999730097295
-2.8840454147955725,-3.1699529213199393,-1.210739754792758,1.796174940608468,0.5467229374892023,-1.5729008524904908,0.67634482459572
-3.0448940981800003,-1.9294476467911084,-1.0375188202286931,1.2230612130750025,0.23032878611993118,-2.2177313022702614,-0.08145283931344693
0.5039247695235659,-1.278951060578162,-1.5116391493501862,-0.14100397686233157,2.0088695219342587,3.474275231945666,-3.600376717055433
0.07061384176631427,-3.6473231157360217,-1.6977648717622218,1.5328364070475975,1.4750840914615366,-1.105255683185088,0.9746431202635599
-0.018938492883044226,-1.3207710458613589,1.645862185427582,1.153692480199875,4.976462210285294,-1.3761691930689124,4.4048962902234585
0.1658902770046645,1.5511476864505434,-0.01583890569167612,3.0844559595730394,-1.4254871199806285,-3.555762841814668,-0.846266682520064
-1.8112971448563477,-0.7613654489352049,-5.585624926270595,1.262993253484341,1.5045605156364483,-0.7151046670126244,-1.2358868841889101
-0.0540706655597692,-0.674717322176065,-0.46540237480453034,0.2987085539839911,-0.5347394973158668,-1.9983439204632283,-1.1582505527039577
0.06307818031033799,-3.042215877755342,-3.2804474229408407,1.9097994551128021,-0.9118055411585344,3.5633913289592907,0.9222558569232885
-1.877417069109658,-1.7571664291220461,-4.0600537154349645,0.4189437455612982,0.5982933118422069,2.3775586687197285,0.6107390361217707
3.09240958635774,-2.067612026111874,-2.4221433142097957,1.8795549765633794,0.9223974256180925,-0.8073691773102866,0.051564827968319404
0.41125812015165875,-1.6042920865657837,-1.4459454134864662,-0.2606929112932216,6.2546588722173615,4.708375426527427,-2.714671010487201
-2.7961199625115967,1.3638362155641963,1.5171131306627084,-0.16695478463883684,-0.10889281770087009,2.324941446718162,-0.11228487681142232
0.7632138654427684,-0.2726261391531467,0.2996954706645926,1.1787228053683827,-1.7469005379912272,-0.12588103184564586,-2.996707182756608
-2.37886399927112,-2.4682748818039624,-0.2788188316252693,1.645850940471985,1.2329041653711332,-4.204794561293134,1.4133890106824691
1.0146420657182171,-0.798339333501007,-0.8151637008331114,1.0415880400846211,-3.5140733667336477,4.780603711222653,0.9605276684728877
1.7302447914594346,-0.5008267470245846,-0.5886090087141274,0.971654276437383,0.29165555964039025,-2.123047441476378,-1.9158416122482902
-2.0822311585159454,1.0414604181576756,-0.8959189905375251,-1.1110763082630146,0.3172792536727225,-2.6029083781285967,-2.391676682154048
1.35421398841645,1.2583440182039978,-3.1705721247937175,0.12000420502556786,1.7998325542732685,2.401480491579414,2.938110178515186
0.2936600511592272,-2.687769599988956,-5.042661472788614,1.4333823006612907,2.6163562306085533,5.0597307272261585,-2.1594436736363183
1.0820118207313063,-2.4752490314731617,-1.9252691083254136,0.2116561840012665,-0.27076961543253575,3.079936379084449,1.8758362178490713
3.1521572230042025,-3.4675034321238707,-0.461741299431693,0.49468300519001057,0.5311327977818094,1.5411558736564261,-0.449935617682958
-0.9741021213849475,-1.2797394522942158,-0.9566448023307673,2.1766697801280475,-0.9217205304943505,1.5990131701126016,-0.478932580038943
-1.953279785701213,-0.03908543817555932,-1.6935252720673155,-0.21880792048188125,-1.7705985763065406,2.084191681978679,0.6537789238936975
-2.2148152535374583,0.818888149863944,-2.639137953810903,-1.3332525398177508,0.913098055352332,1.9069596735688612,-2.0351252886555367
-2.0728466702955584,-0.8777318748706376,0.5337536680255436,0.6856881053815833,-1.9527046897288054,1.010853911137044,0.2563104371895892
-0.6499496217872407,-1.4601522596347118,-2.9908739638527537,0.2881207071637718,-0.219281472853728,0.6788679217468925,-0.731564746784584
0.15568869420967957,-0.8283722192612573,1.0308246540007149,-0.3294248664069903,-1.419200601922293,0.36600703715002936,-2.6001931555907443
0.03152387552615703,-2.36753621642453,-1.9453341296051034,0.9343918860119101,1.7569234559773395,-0.930818904983987,1.1014526407353724
1.0918798911960401,2.0975381709655783,-1.7261856678288041,1.7256735124440872,3.650521597590492,-0.043055738649613796,-0.3307798734517584
-0.47639248087726155,-3.515261653853604,-2.321878443929778,1.4060246204867182,-1.6930161169176332,-2.692114454506636,0.4646653349712351
2.29835396522362,-1.0741763148934744,-1.3508470464509676,1.4253388158802203,-3.051883769513674,0.29895626961769944,-2.3580485490163174
-1.011217435582947,2.285877835168756,1.894935152789982,3.721787174537413,-0.10383627313171656,-1.3709148198456516,3.7833749786032658
4.738140627975103,-1.6939219638344323,1.091891045785448,0.7955925757042634,0.6422309079333791,-1.586620371102365,2.356265456552885
0.7037208923215258,-1.4435875744655635,1.2829554905823257,1.313804615884444,1.0056406294671159,0.8208476139848342,2.0129270384887623
-2.1524895937141317,-1.310601260810376,-0.21538273464455115,-0.08076119086072275,-0.2984836356487509,3.094434771008386,-1.100171009434332
-2.5641848517562416,-0.9741495439151051,-3.0201860877791202,-0.41989989885034673,0.13743854433199265,2.20592849997146,-3.8433397632609005
0.427899474254764,1.0595499643237702,-0.25183931877943905,0.5850913602855936,0.9960739926195241,-2.462419710637233,4.7664293345892474
-0.931869650637446,-4.404826022482104,-1.4035092067807404,0.5797083047478531,2.950164782895671,-1.3728600066660315,0.3755426470650073
0.8738677910501018,1.2508183424353931,1.5424229574681638,1.227355809210287,-3.526290245083406,2.24804722497402,-1.830474233220308
0.41011146309269453,-3.3487656626133666,-2.1901481921917516,4.4545529841512,0.09402808981210398,-1.359465903303575,1.3582897534986766
-0.6417193803957654,-1.3774031121788757,1.3376288943532897,0.05567621955897761,0.9883657332333966,0.06206376470709369,2.596594393846172
-2.132526816125681,-1.4266088027204153,0.9266250165972074,0.26489696419727216,-1.1984350479062091,1.515163848581484,-0.17420497222693831
-3.4193283969820527,0.35739956192793954,3.489662254472249,1.1439770287141273,3.7215274354883685,-1.3329375740235796,3.1299160357477978
-1.3615117046538352,-3.3771941798380953,-1.2862054087490478,1.494177056013567,-0.41883326165346424,0.6810707827525472,2.2884463923271423
1.1481547396760992,-0.4767713055169672,1.5833630264599887,1.6868161880072186,0.3869461207319739,-2.0188563399297172,-1.5779460830684806
-0.08905028326528854,2.1588103061091957,4.1450943477442905,2.8955534605435522,1.2304437691358923,-0.6445882923116933,-1.0465455996608142
-2.9009729504934265,-2.792680729154676,-1.7903637626700701,-2.43048626620162,-0.40292100036842005,1.0832392749221422,1.942199123203844
-0.1678563649896397,-0.7235536592261955,-2.502999069544455,-1.8794712411852899,-3.0811305262593414,-2.5046107411207847,-4.846988107119071
0.2407598932936105,-2.1235305996978866,-4.226446721331307,0.18471547686766632,-0.16749746423293155,1.3096263444736445,-0.39020427206158215
-2.203918778914853,-0.06807410553056581,0.8891280245777801,2.48834755399507,2.412679366878228,0.44657962093437487,-2.8452899476510445
-0.20533207548806318,-0.9873290527605225,-4.291574580557538,-1.3109404076614393,-0.12496725326805591,1.519736606201342,-1.1105442318618772
-0.38931530020671345,-2.0036304485208003,-1.2786595376965924,-3.202407702996397,-0.991152381190682,0.9034172007185137,-0.609905537791933
-2.703020776976773,0.09905417058053045,-0.3600641297844507,1.407595695680373,2.191751413531112,3.042173461166261,-1.1977014860862287
0.18773169703539042,1.7734418757223196,-0.17882346569115998,1.280448408907198,-0.44171830284482666,0.7183021338312339,-1.092357397205946
0.5787439012321035,-1.4275801574401799,0.5659498585870515,-0.404072009878081,-0.40824058558634047,-0.322033878948053,-1.9898706239586073
1.5847316404758707,-0.13122066278394784,-0.10752987315062101,-0.4039065234558099,0.7153621990933967,0.7128118738936212,4.774905846385011
1.5283919835092084,-3.2981018268794107,1.6554096388475807,-0.4916226758952722,2.2959695380822445,1.5024950393086993,3.727708479852925
-3.155097042534341,-2.1159006392614677,-2.2760443198475393,1.1177891253679344,5.276246379607795,0.5750631046221949,-2.318913270530237
-2.3078709280859795,0.01973907791842633,-1.7542832927988845,0.10978303363671782,2.010487429105028,0.5595538608220846,3.3443013869862015
0.49062188940759455,1.226309754282686,-1.5414250055478265,1.8386336284543559,2.5112405346441697,-0.8333317939479246,-0.4396981017655543
0.4882154621239439,-0.5530955194592235,1.450016505395875,-2.762267221358262,-0.5042020128597833,-0.7600080774977022,0.6346920055429869
0.4906458110156595,-1.6079820294066292,1.9730608161537964,0.16866378242254854,-1.3858706315472726,-2.1474934601852538,0.5395563078222423
6.919676948927108,-2.0089865646115537,-0.5377152692753189,-1.019286207422147,0.7700775776171245,3.765147778497796,-1.9768155058158667
0.5982100015917556,-3.101209033856639,2.4211257212263013,0.9506699011599542,0.9869500031934593,-1.8497363172542602,2.6344709574919793
1.6858846295924481,-0.32702734886334106,-2.30803030481162,0.4213432726411094,-1.6403304556007,-0.8162879953038126,0.6401261737017808
1.3361571283766838,0.15972409220532646,3.05233278966824,2.2593523327159764,0.05157779882346131,-0.8641229797276688,-0.5919889698609222
0.7532701565858361,-1.8637507216779114,1.9287214736467018,-1.8025208713580436,1.4056490702851308,2.162051002563405,-2.9580768058793248
-1.1087068288103095,-1.6332562250653349,1.077748945233333,1.1179376418440257,1.302804243929529,-0.06983103165345922,-1.6249147614768538
0.9604863442781522,-0.7602584501360472,2.228064791933317,1.4202280379587746,1.477666563969486,2.823841612238903,-3.7966595664973655
-1.9900490260471695,-1.458201714705437,-3.2176570991003404,3.6992055664289114,1.1474606540241563,-0.7798715042289098,0.3977762284986793
-0.9575955721978205,-1.0172620571943578,-1.5936665131799264,0.24601270232526173,-0.4509729705454104,1.006732442152292,-2.4841739602181905
-1.4363416904940611,2.4650084809062247,-1.4007147444903332,1.6407645166003895,-0.8788115303527935,-1.083470405686819,-0.10910928159531769
-0.3437310756259173,-1.387869294843892,-0.23900294108157882,-2.051264443776455,-1.7473921512002644,4.507134625345517,2.04832374787339
3.9570479821657223,-2.161209024481351,-1.8061143581335442,-1.9916786824848214,4.125163629257061,-1.7441987334707445,3.0558709561772153
-4.098154260077416,-1.497668509941787,0.7990878986839061,2.0565686490549644,0.6145172730837384,1.0645547119652512,-0.095215176576614
0.8204345460725315,0.013547438264181366,1.77983869643066,0.8066784481671725,-0.0270350928610239,1.672208903674346,-0.3404359296442384
-3.6078425321371896,-0.8303989897591983,0.6270496531337911,2.48708072936826,-1.2903547714072854,1.2595900548839776,3.8061472328926196
-1.4104696465469817,-1.8741319067288766,0.17060137050332824,-0.8557243666484786,6.320650478800876,0.1358652686311283,1.2474219285879626
1.5960949485200546,0.8158865987182256,-2.2483882349123547,1.7254123376608188,-1.76632423556694,0.23990628798267774,-0.5253589788461979
-0.37762078891952583,1.2452491197564965,-2.0751822025249425,3.5295436540877776,-0.5688500423875962,0.5655932990590318,-2.861251538481415
-2.5773836816097178,-1.6347391318143139,1.9654366074596243,1.5925156409577967,1.410393814943879,0.20767881075070696,0.9701063067526723
-1.8792513680882494,-3.7285438777152065,0.4943301048607962,1.1077122295993806,2.0168145921517944,2.2913914519740555,1.4149567045655616
0.8076013821235016,0.43061077754387633,-1.702713357621114,0.41641111495545774,2.214785458431368,4.629758338199291,-2.1069404502541853
-1.9082654997980621,-1.860543445343298,-0.9511745525966915,-1.0297551147393493,4.133612417316357,-0.5622890431763702,0.9258374844249541
-0.08449512887170142,0.21255794113692295,-3.543269051290432,3.1931722307389734,1.365496976571131,-2.085965228381112,-0.09319114222889469
-0.4136563973255802,-4.095583188394145,-2.4262872793782284,0.16445386504537896,-1.1482128766063733,0.31782156761875757,-0.2457754051151081
-1.756546246910932,0.6057827626020941,1.7673869870004886,1.0003713278083994,-0.15970087007501055,5.3222520917281315,-6.085903208049679
3.6282185438786754,-3.460487800167042,-2.441922021671151,-0.9550420853872397,1.418466480199784,-1.0240613862307557,-0.03173841625145374
0.719615229757583,0.006384037919096253,-0.9711882280078746,-1.0638043387587284,4.416302476529964,3.557954799153411,1.428288912349999
-4.402256967799244,-0.41166423780142,0.5455455960337763,2.5104745764660583,-2.2488364588901297,3.630327967805742,-1.8890253184585093
-0.14228922452240106,-2.5307287122486413,-2.5261703979238836,0.6466448354383285,3.0412273674851065,-0.5549670513047456,0.4319778083608032
-1.7761666987725677,-1.441117189643849,-0.41432975602898137,2.823440213054483,0.9302842817201218,1.5506732491982054,-1.6935262392962076
1.140516489838415,-0.12221363232538773,0.4409553957576615,0.4486639043292074,2.0479087845848447,3.5378466354294744,0.17675761190802053
-2.0279864532636975,-0.5971822466954481,-0.2366495275041642,-1.4476302779035828,0.2836775877561294,-0.2277263189558108,-0.19411665408607515
-0.7224414689535688,-0.023984481399795476,5.037403503281496,2.254778682573546,-1.2190323505662526,0.10155310673388686,-1.7563405601539657
0.47126750086176633,2.0054354600936595,-3.288706082939138,0.32137444544866123,1.6261925768926209,-0.6076613093155961,3.0834753394652674
1.1661769938736013,-3.6750950883629496,2.0655270895813125,2.200408038766656,2.1154917896191203,-1.4199944554931005,2.427718655321532
-2.813442063961369,1.8954629397714102,-0.4420323460336616,1.1821848959770815,2.067792385590921,-0.7344543139201426,-0.8849264444003223
-1.145751401490208,-0.7222350915811306,1.637154456312543,-0.8185590333597772,0.4703856028215309,-1.812366214464215,1.6238412323235147
-1.416274131112198,-2.2666663922509587,0.35069400830786535,1.1953271463804616,-0.48207081239386895,0.5473461941359078,1.192266857567621
-1.7598764171559333,-2.899464259119612,-1.43124523388833,4.189797514153872,-2.2645962030611635,-0.9608467896522954,1.7366700416450958
2.899173143676784,-1.7472962332456738,-0.15387505179380928,1.5940528230199789,2.2055804397471768,0.9219339868066476,-3.492001684685934
0.2786372373466271,0.3687204926738512,-3.129341531057155,1.304300018583612,1.187527497264126,-2.4350247591028724,2.808716382507949
-2.9301455178717113,-0.8399457677853734,0.4980876308964973,2.3671864819774964,-1.3608818943735261,1.1040566815779913,-1.2122339182891522
1.2665447807665462,1.1611026869868586,-0.3410116576676726,1.0512149325743383,-0.7714109007802508,2.046889802209818,-0.9803429538697033
3.5862508062741556,-3.8331597744222736,1.7937502228820572,1.7841491632099926,-0.037825478536641755,-3.256294218214432,6.351847458354856
1.4872931542392018,-1.2718587553639489,1.3300610303964913,-0.6147440067690624,-2.3114705409362166,1.1850438178572844,0.5677559775743151
-3.4280400803367677,-2.5447110221813496,-0.4188755370853303,0.9805991547447603,-0.8710464835649199,2.786189940724932,-1.1999292435498803
-1.434166101034027,-0.27324773857137763,0.45727862840503447,2.712696082303938,-1.7539010117810157,-1.7855446910163013,-3.9570661456172624
1.938881742777452,0.08313077593820672,-3.0006731149380834,-0.6017294171458019,-0.39881360872033417,3.6207084248233956,2.281697289192243
-1.864546323224608,-1.4504790319408887,-2.020569167256544,2.822944816339931,-0.8482693504192432,1.2693811983844185,-2.8476770116586785
0.3534462689224157,-5.202249496696744,2.1423046035924163,1.0363817346866675,-2.122662757550427,-0.8389968124950118,-1.68415315493214
0.990659873174136,-0.8700065668553634,2.2680796313899956,-0.22361321532974554,4.4322048793112625,0.37880711045886073,-0.5628867034681203
-2.286885860842139,-0.039428627993431054,-1.2032689869098572,2.20156353422745,2.841491733410692,1.5306851615301555,2.7912911886468295
-0.6160941310886698,-0.3228272269455106,-0.4143357212237309,0.5660349745816716,-1.0606085523156894,0.6259803879933576,1.6615540729931944
-6.744750854452154,1.8403497064514243,-2.4454286882810394,1.8802111457612,0.7189170331990502,1.493975406647237,-0.44759229068386414
-2.474607411385374,-2.39124619782807,2.2300659962386518,0.8181543955387673,1.5035935538852097,-1.2435199255727098,1.1092690811471644
-0.9879322724122366,0.16400673520424536,0.7003190362565189,0.8529346560656438,2.698218015726306,0.801089940094564,-1.2096218955033957
-2.9049108706025657,1.2383825273981917,3.9348624027020183,2.0228400631368295,-1.3231266315697663,-2.168331363001475,0.9626247319291872
2.642906453777807,-4.218394357366456,-2.0523508814443607,1.4066368564198757,3.028088282614446,0.2747848023607236,0.29440671575980126
-3.2561683860037385,-0.08935817227644838,-0.6930271032986651,-1.5219168408125672,-0.6406500832104198,-1.212071533173158,2.4646552240111905
-1.349048324124335,-1.6536877789781712,0.36324296676923495,-0.36709116735311476,-1.9809962340364113,-0.8962404925448647,2.392670892904332
-0.24960476850026772,-1.1399407796861953,0.10072781480959847,1.931961865421858,1.9487820085661935,2.801991429984447,0.6122405803098909
2.2747372917954882,-0.813930644751353,-1.442902880942893,0.5142924325398699,3.0077197303087493,2.530417562956439,-1.0948442599798782
-3.267187712971955,-1.3603419995907022,-2.4231589551168433,0.10271469907935316,5.585785690670258,1.6259932511832305,1.379227146084423
1.739043985490559,-2.3534318254984736,1.7733087760083932,-0.5997611938394769,-1.633962769744727,-1.565468607251147,0.35376898666247836
-0.4817257900962344,-0.9252481115335409,1.0618714530565119,-0.41907102590650336,1.8743738661986846,-0.11008188522863036,-2.004565402443428
-2.392014098215953,-2.428262774966374,-2.8238904421714297,-2.1078986721947093,-0.09470060218492649,2.758858135489077,-1.2289746231123306
0.38866491415786897,-2.812523217877028,2.0116461342777416,0.8032858154849302,2.2625992764352514,0.7492374379770534,0.21428087032745455
-0.11800879820136007,0.04176230525453728,0.5121436252837408,-0.44398776289771413,-2.4436208624722062,4.83384998737007,1.0287457494296173
-1.6575716433108396,-2.6274131002763736,-0.4161877044769465,-0.44833328627420277,-1.7234903818138676,1.2211727520655082,-0.44123740260192795
-0.3669842110820911,0.0557707982181167,-0.4125599145764856,0.8356657051098758,-1.0995800102402233,0.8436470427494107,-2.4745481152091053
-1.2436259367496507,-0.1436649439554245,0.7440403284746883,1.558223511237193,0.5802760157376927,-0.0964040919004943,0.34092268318620733
-0.2827800785470772,-3.7284981598067692,-2.150535999632268,3.8138374167412774,-0.3880058090779044,0.7339014558194293,0.2772826419757539
0.7739563840121978,-2.222217198588842,-0.3235455526513796,-1.0540940590970136,1.9515161227310855,0.19742263103532307,0.5432665802525151
2.553541605550767,0.4822098708002165,-4.8798049227841656,2.3843949383771594,2.34224800491512,1.8116352562281226,1.7060694803670073
-2.885711165350814,-2.1923438677639715,0.680609510437223,2.0644413486894377,1.8327332947095325,2.277929715487406,1.8089314214619558
3.607202375644628,-2.2798538043947745,-2.979404428538714,0.11507503009808207,3.8177108075625776,-0.9908889059640942,-0.8070852321248294
-4.261539174024667,0.27497417837104987,3.068533149311517,1.6034046200742176,1.1830653732456782,-2.013618287326827,-0.6298511392697292
-0.7938044144490141,0.2997382423510905,-0.11009347904799816,0.8285997013345577,-1.9830303508967346,-2.960810022450997,-1.2984212054882804
0.6317772225873176,-1.5305779720252204,-1.1269615431862243,1.1015405590780458,3.2337068499380983,1.436269211616377,1.331796366255327
0.039808573635094865,-1.9939218028222898,-1.0568555622607376,3.3344692258150594,-0.5248691656542903,-1.586202625399746,3.5361356381337896
-1.7008776058309922,1.4335390889750232,0.13643012983302027,2.368473833591699,2.0033591278614944,-3.554825876122964,0.32633638772729556
-0.9023207829895601,1.8217365141674784,1.9996780634213176,1.575255755334657,3.2422241773156384,1.2122832287575376,-0.5587266386947157
-1.4510527897529641,0.699360724845705,-6.453883415113,-0.25861680445466817,1.2117142299897647,5.159607911790834,2.1057968382349834
-1.6366683394445447,-0.6840241073146156,1.9423109415979312,-1.053978818936022,-2.4069624307756565,0.47202743373906514,1.1429518411482493
1.1350629727042065,-2.4785354283957455,-0.2687200221325593,0.47532823789741246,-1.0736840379608066,2.0561968216309667,0.6553784978087015
0.18624491616120617,-2.3816318004367707,-2.772123718565193,2.611838741980825,3.256287492883671,0.6369045757757658,-2.3918695357899677
-1.836115929069147,0.03319145952370939,-2.429059901613532,-1.0889670945592536,0.0785956699705252,0.2979245688027673,1.5379849889033033
1.2313684627029282,-0.557373448862547,2.2037621589090883,-0.7062463775839136,0.6306995534348216,2.2073538237564345,-2.193564165527986
0.0904822536859753,1.1517906109108256,-2.083934171131752,1.227459891266777,1.74320497065987,-0.06106174404107676,-2.122696108346771
1.0642945963136887,-0.16818645515285735,-2.7693781554860726,-0.44038740028860757,1.7792316626321283,0.9849705116858029,-0.7265447884615741
0.7113515040844344,-3.5154201863248673,1.5065722595101552,-0.1911009896398852,1.36875887228398,1.086832932920814,-1.2416804855372026
-2.0982430285753897,0.9045852367477676,0.5288626398520273,0.5717959542256513,-0.10173790383849463,-0.7697422441676166,-0.0866845532335882
-1.5804547989517177,-2.400413232390849,-2.7476978108406493,-1.1509072880355045,0.09016425634260661,2.3442180624080335,-3.2790099212558865
0.9379968278445575,-1.781997597778274,0.03899598911931118,-0.3110299942657375,2.2843481501075473,0.15523762088167198,2.146701405531223
0.6742557229425271,-0.7451992608860605,-1.9886213674035997,2.1396168370017605,1.5713497075389637,-0.9341587740850154,2.731965113183136
-0.5416972188150865,2.17655512520801,1.3244141704843697,-0.9527133398510075,-0.3473537128883139,1.4897622386229556,-4.137506623435792
-0.27544120082696505,3.896810614963735,2.0090064437109345,-0.9781753473998778,2.042791853544731,-1.2018682022872775,2.4824169277236945
1.9595955598448802,-0.36159009539657383,0.5242582617707052,0.10792147957370712,0.2032509712944718,0.5362750546501797,-1.5854349779683539
-1.640918743608845,-1.1069027593934946,0.22386428899059851,1.984761072285751,-1.1080159538262335,0.4663100501612527,1.8689899380086055
0.5523797853282325,-0.2798864687937235,2.2749071052651653,0.4268845158595203,-1.0268784003527305,2.520261322096366,-0.48646787955117304
-0.8908992188392816,0.477668142881445,-0.7121788066673223,0.21873005213760455,-1.5428188764227515,1.3738203683057586,-0.03656845317361475
-0.9207331938855937,-1.4238079967837105,-2.6683669175709706,1.0462621846692273,0.05191569977673394,0.4364710141239172,-0.2737817554785594
1.6150222355833765,1.5606458724411736,-0.04832229739005456,-1.6267008056499415,2.614584685219074,2.0173233091121325,2.2641047700957113
1.088476496479222,-0.8345197426518156,2.724487004332815,1.2959853209650474,-1.0502207377850843,3.0910683290061596,-3.026097196786459
1.065541840881715,-0.4091910786404075,-2.6624903626212744,1.359690313200363,0.8240429200056123,1.5297161480247325,1.1238338277767803
2.0131705875348986,-0.27567171312350114,-1.1453399471875452,0.4151350641313183,-0.8292258221172021,0.5028335383611557,2.365023400563428
-0.4609791621947311,-0.3171168196480274,1.01561434715515,2.698777471052426,-0.056367376799505764,-1.9772352824235109,2.1104646627073933
0.8121380005626926,0.16412669167964977,0.0012697292793417275,-0.2900407080990577,-2.5348108119104236,-1.5144504461823438,5.327016395850851
-1.0990710594247914,-1.8667592340660524,-2.145178542167649,2.604501425167477,0.20513267906177313,-0.08910420259906694,-0.8686400610812968
0.12297106688304893,-1.9436461206002917,1.969892520720054,1.3490891176873503,0.2662688255604818,-0.6598652815537278,2.3208896931620995
-0.7521176156094763,-2.676558017798821,3.9981281274151224,0.5661390319442432,1.7755037675884133,0.13270720747369924,-0.044754424774402723
-0.31460348494194723,-0.3092095427034567,-0.12197684275484383,0.9369867840902397,0.8795719354187177,0.589674765739237,2.6185380714463355
0.6449520502821883,0.09273360128207164,-2.4396103890863405,0.6942908068015429,-1.92254131431731,1.4769752223209438,-0.13421495123562566
-2.07748956831357,-0.03536090749615595,-3.3341603505470068,2.670158558019544,2.5148701159375433,0.35117817481599123,-0.6734556550856534
3.528910047420643,1.1042410787387038,-0.2330366154648471,-0.623466230487566,0.6861896291289944,1.3959603760800914,2.593023300741715
-2.4392227016851287,-0.7158518290270258,1.5797403662726908,-0.08314446416467158,0.8797581388593325,0.6043513933931567,-0.9423786533769752
-2.840201166518852,0.4033671804440673,1.4768524077426755,2.912826562360867,0.3443941029940917,-3.2220263704432144,-2.0099321868880837
1.729311153948499,-3.008133204693519,0.03154761974481939,0.40655324780213986,-0.23482838592488564,-1.278524418370141,-0.5849549349368066
1.023460361969441,-1.7988104103664244,-1.4917844862120475,2.250928559287882,1.0462617245413202,0.21314552332471493,1.4333061798702056
0.7007400458054984,-0.04654721475832391,-1.8734014422177825,3.622982529091834,1.3371145323531537,-1.785645462996699,3.462408737538859
0.7088795546396138,0.1945048042779478,0.7908779205027952,0.27227056099277835,-2.997295447256695,1.6087189236778756,0.08218877909165831
-0.5250263423278495,-1.436700246768368,0.4472127723157464,1.5153629360479721,-0.46256315083656907,3.354689531355738,2.1919570462362286
-2.2297238938228903,-0.8490635908107184,-4.009771081589006,-0.9192765012103128,0.017337172000636725,2.7694825527567244,-3.2007280386917922
-0.355422274903225,-3.3904741540246786,2.6399148693296723,2.0690681987190067,1.310046264467602,0.08305370284145999,-0.7293681115462903
-1.805782428081522,-1.3581354943448294,-0.16999644557711635,0.865067909495044,2.8837058974605183,3.2796140236544313,-1.1056589262954521
1.3768344645693782,0.16676579462809493,2.090942146029706,1.5888184608314293,-1.1047824825491213,0.7622747785563037,-0.19916822819080884
-0.784697914462994,-0.029852833741964013,-2.8045210695947813,0.1814998353401367,-0.5509751643886859,-0.14886732506031666,0.4087493761916018
-2.0915055551441815,0.03423274071260518,-2.7029525030851653,-1.1388886994531489,-0.5868346189901708,-0.6671627352836591,1.7730431801302782
-1.1204885897431858,-0.8118271140408119,-0.5806167078228206,1.747438742151767,-1.0460101339792547,-0.08393653392588658,-0.6962266567345736
0.2939499962250505,-1.075785307827109,0.689488698554562,-1.7489428565359004,-0.13437644321312647,-0.24469994194519298,0.5428966978195364
-1.587280296579245,-1.8668221048384286,2.825053711930035,0.499618376307783,2.12570845323742,0.8030695820426379,-0.06483018181139909
-2.08519379574751,0.3458739968083977,0.7813779977014924,2.227506911425846,-1.672615979552737,0.784608198256335,-1.8773849136839276
-0.03204748303019659,-0.37770408681963386,-0.918260100733307,1.2412314236082629,1.2839765624032689,0.4891283327492819,-0.13791063718370222
-0.02958318644154294,-0.2660014914985731,-2.6203977942015837,3.5364352535888672,-2.855314620322722,1.3029926986478684,-0.3768067729881592
-1.477908269458629,-1.6702439749489666,1.2213030210593314,2.0749631420316472,-0.4785047345174559,2.7167453317768304,-0.7285146931743516
-1.4087484750698682,-4.2462529610829565,-2.77555787858061,-0.16416831932662623,0.2772824068334906,2.2645216598453364,-0.2241644979221909
-0.05446314675250413,0.6918016205829998,3.384775871898627,1.4021513293751555,3.5726325402971657,-2.3018523105127877,0.8597107205798624
-3.290730039547283,-1.3438362736761091,0.35533759223400696,1.5774856433419524,0.03776216727385062,-4.3070507505206175,0.2482137019067414
-3.2124868906549913,-1.9602133815649847,2.0344446969040346,-1.4327945788545577,-3.6210527529401806,2.2359463739550747,2.3415055387949675
-1.8853006077922183,0.30965318706473255,1.5379849933639576,0.04484715865569644,-3.499199039944341,-2.08048006752443,-1.7565577406420219
-0.912577583400146,-1.5374584305386065,-0.5992005269219425,0.2685885845173772,0.6591224221651975,0.061815695906355245,-1.2975146571252938
0.09743205277437449,0.6119957585129074,-0.8179740735040981,-1.508540381232019,1.52643671297848,-1.7114008635957254,6.308835708703209
2.340387670165156,-0.39830144233218534,-0.1484621466945874,1.512190558857591,1.184991675193364,-2.8966132964357785,-1.307832990255487
1.1505833424422438,-0.12794848271124137,0.05801102159428362,0.49682870051325817,0.7500658146812833,1.4990525111390958,-2.9152603491037326
-0.8095095231725387,-3.0877711870755946,-0.7169986958100092,-1.5116537128716252,3.029423065792529,1.9073846586012302,1.3028672262230092
-0.538065596886037,0.9400551621645722,-1.2716769911626415,1.6828576101775383,-0.7470714759400536,-0.5979628244071239,-3.9510372542484857
-2.43250409970568,-0.29594714838361097,0.5981284602432093,2.6334655527611184,2.179171557923004,-4.3766800054617425,0.669713658599801
-0.5370965820944901,-1.5537927877322208,-0.024113898350892782,1.4320996760797657,-2.566635975802535,-0.5411920802443849,4.7463825534620145
-1.0574496029008333,-0.6729511741114685,-4.668119877207141,0.43289518392094617,-1.2629008817477638,1.2183332087758023,-3.2485055756572807
0.12018233632573445,-3.8640378402062385,1.1823585101641407,2.1739645847957467,-2.63073966393173,-2.2906234431993067,-3.3865836159399536
-2.094845090150331,-0.1104148608425356,-2.398659330352252,1.8638332748551139,-0.10913236999596082,0.827348458924145,-3.0690878870253924
0.49892619354183837,-2.738817098351002,-2.6198685511959408,1.4043478879158386,0.6465663356349098,0.45469768457122317,1.9568699526947757
2.4509179544364077,-3.5200029324079876,-3.937783283555441,-0.30201150281898226,1.050226907179033,1.570009058921895,2.1812436793639156
-0.7109299609429001,-3.3481341742450117,-3.894943641528663,1.3270772402664397,0.9286052324629239,0.7077152639523706,-1.0082305578335795
0.27233859989417536,0.6708787241601917,-2.4932830066510006,2.870633785823899,-1.4666484268734123,-1.3417994324849016,1.9039157291145965
0.8279155062803033,-2.1535422792242573,-2.425678127553661,-0.1498294822982077,0.2979642695928895,2.727859455460596,2.476927828719828
-1.2742656859983394,1.5498623676985528,3.293826554643894,3.896213826715564,-2.6753516850178563,0.18605620339222503,3.8488301899696977
-0.06979076089766842,-1.8813683684257323,-1.4344047114542673,0.2654505885758921,3.275174770034136,0.43219888837410586,-0.3991542811146026
-0.47718124073647067,-3.6723821213092473,0.36688845242429624,1.2658274233741553,0.25908190501746875,-1.2671435511743239,-4.268196164211806
-0.31329341482551043,-2.7633696342414362,0.5263751430923149,0.17219238903635037,-0.20802829767454678,-0.3480628353360138,-1.4144162403574696
-1.9904045426153663,1.179564562258199,0.2535317608260813,1.5148934133841552,3.34811987114788,-1.1762358544927225,-0.42149343268049677
-0.45422528047464755,-1.228795671006341,-0.5146880489380379,-1.3645470847086139,-1.8502039160586419,0.15901477160445332,-0.36572434429731643
0.457805344946247,-1.9743928876163412,-3.611864623436823,-0.21430537969373042,-1.5354477163958182,3.6941171550597254,-0.9880990863917289
2.293749454171894,-1.112525454685046,2.991391446784115,-0.16184531079356157,-1.581140165483721,-2.089900815572205,2.965235770978108
1.3463063724205522,-0.4418451656351571,3.7886746259864634,1.583668787986193,0.33129684807604276,-2.5431901187747044,3.384624280701196
3.646013446036688,0.2093826903490379,-4.4005487693109355,1.9600519199383806,1.2214923085819132,3.242932612395053,-0.8565720289393652
-1.9794979987235122,1.5134741215227376,-2.2742956061793977,1.9189432536748268,1.6630565206875265,0.09078019670766338,2.448787157141069
1.1788233190098238,-1.777301842411172,-0.6326585832760171,-2.0985602871825404,5.604585197355086,-0.7715847452894619,1.1084346713910405
-0.1482841398123156,-3.1167401998677042,-2.823014697433975,3.5082829148683166,-3.5767527682376707,2.433994868208817,-0.1934899844561332
3.7165516373096303,-2.21471776084026,0.8104350040521996,1.541081793522785,1.8531387030728859,-0.6525561963478346,2.2146065654996585
-2.0583770913199855,-0.349478832615075,-2.7946638007239337,-0.5599351911954701,-0.6275610609535309,3.9085153665358465,-0.49825968018722333
-2.118905001433177,-2.271474662255715,3.249573234190616,1.0182395897016057,-0.4555247565413101,1.755020473592134,4.065370450050976
-1.6559840119863198,-2.3253971140994887,2.0346824903831706,1.3472421290863805,-0.5137304657920202,-0.43177506787856734,-2.6698589447313497
-4.592474805721833,0.13444657942644067,-1.201776980701847,-0.4956819313657943,-1.3664077483637538,4.529941782408006,-1.8449880186659402
-1.5141435609888358,-0.912336745414144,1.7896001470654217,1.4076315558067483,3.7822940945290866,-0.6527426124865592,0.08396795090988252
-1.9636744936914883,-0.7214018907472723,1.2252577514831042,-0.04662714412948621,2.127882464593067,1.8753851080337698,0.701344655691204
-0.21174884767321933,-2.212843067652524,-1.6786270487731787,0.3468531249224357,0.7185234273089564,1.0448067867987625,2.590803254757237
0.15685211807188787,-1.4312290362476063,-2.6827308832165926,-0.30005329831819527,3.1979345241407247,2.925129543629677,-0.4836887847952572
3.1124349455011533,-2.9362707202529315,-1.1393814137159421,-1.3907730942925414,-2.1705974622830997,3.4123876585907964,-3.4726883692605037
1.3292653451649752,0.17308630684832038,1.141684082971878,1.1705627103105711,-2.1884414256287115,0.5434459534920674,1.8223839623277813
-1.6126658236732672,0.8107577724524657,0.19908827232818693,1.977068997986689,-3.905781771777188,-0.9297934088499284,1.962269836434902
-2.231958858062396,-3.6474223256931193,-3.6673265943316924,1.5653113282263917,-0.5106677400519002,1.3461982049107575,-4.094967481781654
0.44609577256499255,-2.5739856237163936,-1.6109475066993681,2.2790527300845924,1.029836568463357,-0.7877959846035155,0.36644311876435814
-3.0444637744514225,-2.9830481732128784,-1.6641650810660154,0.9005354792979319,0.9645330477948065,4.259984961040125,-4.003379133127098
3.0263107561734084,-2.4918498242039635,-0.6749818562434752,0.21316097866427808,0.9961211127268252,0.739518189988362,-1.3287750314129951
1.7703954514948297,-1.4237317928993147,3.439402553197181,2.2249564068910006,-2.1540448862212327,-0.20182963975530194,-1.6152052689280891
-1.405160640469542,-3.1369636166836976,-3.1628220551112807,-0.9300602242429665,2.3395683916451606,0.8298251462424814,1.6915131316432312
-3.801268487475773,-1.9715558476121355,1.201793267437687,0.09417850192431221,1.109106102825041,-2.043429888700426,0.8883822657889462
2.1063860529374336,-2.922166240939355,2.8515032327199177,-0.09046700657579643,2.1781928012603995,-1.339070428983338,-2.157309413775089
-0.722062786233066,-0.6188262303851034,3.173250723273375,2.147752763641117,-3.183080256559251,2.735066770811835,1.423101099026755
1.8828394016329235,-1.1984109459499372,-0.8732243539024931,2.442077847683329,1.1563045612155027,-0.7487412474725083,-2.591412243595903
-3.5726158618358164,-1.687728530122854,1.0164484535525191,1.9189739623515492,-1.6900291687430162,-1.4803071390265115,1.2057833778086637
-1.6559500676269432,-0.537036853151982,0.3263580211599366,2.3090496253879134,-0.295634587750278,1.4900302971893151,-1.8000827687254235
-0.49133627480518827,-1.839932007955006,-0.7201724982931841,-0.5344984295431459,1.6644471670786087,2.707475250573117,-1.1402259322178225
-0.4109428621411626,-1.4173697413843365,-1.026488350873753,1.2700650076275237,0.7553812327288159,1.831976857621343,0.8444734630345415
-1.3683506987572303,1.7832963561947548,-0.16795326387792964,0.548584940480537,-1.4517927994237056,2.351730990369688,0.7668444069201815
0.6982939997489018,0.9708888312228918,-4.819098923733508,2.336552038575711,0.30678599201394763,-0.9361281571747538,3.1640365246600943
-2.55788220817084,-2.7400777884346113,1.5729270198726644,1.1903561076962037,-2.2307716975989287,-2.1835175887413687,0.5082470086521721
-0.7756873718537463,0.3703049874726003,-1.0172951778817696,0.061199186079066714,2.5945833915708754,3.2995108541530356,0.11724637975788121
-0.26972377445367257,0.27106131508621023,-0.7080639952225907,1.8043126160372245,-0.019774390533168373,-0.12184531574122802,-0.6733997436121444
0.4894730426272426,-2.9250050835422905,3.518531707287425,2.2452590685878913,2.925368730079814,0.012919898606978588,0.5754647109292547
0.8692726285162199,0.12438679831684185,-2.4312152513312997,-0.28233965275675577,-0.6246835759866786,2.9747479430541364,0.4622739547520952
-2.667717071192556,1.7501758674537424,-1.5121668571050666,0.7507177317784707,-0.8124712037425432,1.5267519381921086,-0.33194699114651005
-3.4564402995310495,-2.335981750085369,3.0409234857962146,-0.5905098259982546,-0.7922515928992426,1.3385370294293397,-3.8084546581762724
1.9596185318630759,-2.7654204518187027,-3.168944895034854,-3.0081037275875464,2.436807833961127,4.544373893177023,-0.10193963728544941
0.13866505098707105,0.5395936131121106,-1.1541327208535543,1.4209385669166341,-1.0284440055728175,-0.7236513966532164,1.1122393325511248
-1.9431679768621941,-0.3478057013725256,-1.2274761392176543,1.5726600327112115,1.700397449260189,2.223792052619638,-1.6836572184055583
2.4863851104716206,-0.5219399753926565,1.089182082752712,1.3234067416171853,-0.26862155969779544,0.5903560307447305,-2.5745257954816037
-0.27862471835270536,-0.47020264544542656,-0.21210650042805723,-1.7634974336848739,-3.361959834938183,0.9872213212128537,3.0321591140894837
1.7701201275649936,-0.675946132898503,-3.697885983253114,0.10088888262634049,-0.6142434050606467,3.35040835489833,0.48772393774726097
-0.37138287775709444,-3.0863999146160537,-1.7291723033577089,-2.1941308385501475,-1.506776971652367,1.4359774031877295,-0.5819150825546271
3.467966475943378,0.12360681112086302,-1.8865686540403424,2.7168395836073254,0.46116397056896585,1.4931127334567813,-2.4669824084270497
2.8796927634426877,0.39820732064397024,-1.1727895012712735,-0.7885563072426187,-1.943432614817966,2.495148625020369,-2.0348176584342013
-0.9809902586344188,-1.2714815461141253,0.5326205848113057,2.794801388836494,2.3554698495442996,-0.2011378298306002,2.933251777289353
1.369998816168796,-1.3050568104956413,0.7690252848965609,2.493665125419559,0.3890878159247799,-1.0907156254062083,0.7241078248224979
0.7416835101768481,-3.5638373475447787,-3.2456839554280665,0.015751260197599093,0.4903257967227029,-1.4763647517365686,-0.6115083005000421
2.1348151238136333,-0.5317747554149725,2.5784701245960298,-0.06315922015082065,1.744180465228824,-3.2049385165988884,1.9513067791163279
-2.3600677808904313,0.18415211617472593,-1.0731618632433804,0.9250961264437843,2.255696251794169,4.340303483698745,-2.4208892497861405
0.8200324905855915,-1.2581276970148323,2.7245514148951813,0.10805858117238976,0.5210090884606354,-1.5859058090932001,3.6433676755136295
1.5372956961130972,0.5134523182716344,0.49113376764259703,1.1769246649317235,-1.1450005970945407,0.06840284256852087,2.97817755481649
-3.8891125457865288,-1.0323653957144254,1.7553921388199818,0.38894937857525014,-2.9037155113947657,-0.0358120891061246,-0.7515895889661655
-2.7806237504305757,0.23085575683489679,0.2536054943935705,-1.5427155734815803,-0.9463978323941848,1.060026677319705,-1.3242837770393505
-4.429396273146368,-2.038494695070007,1.6379446562028301,-2.2907356701946657,-0.5429204101265102,2.0135172911183763,-5.634933905734765
-1.0203668659821272,-0.9413843194596395,0.06586024027966175,1.0661712301437896,0.7296532873838509,2.097430449693455,-3.309062505286276
0.8806899160960924,-1.443449269506031,-0.3363067051068188,0.36058132642171303,-0.08666283412144393,-0.6102808119399793,-2.4269640465691906
2.392396554194296,-1.0232698155989655,3.8981707258045595,0.26412980733504854,1.8647561066075073,0.1699396702918804,0.4447854511318281
-0.3587156409594461,-1.5789808295915768,1.0606874635346828,1.8595028749942117,-0.5894222773093448,1.0134584114856158,-0.6903825388206111
2.635595081544511,-1.6197449115780314,0.7490866616766162,2.6522366116303604,0.4924813351806675,0.016937505676556473,-2.5754980092418496
-3.1597817235629146,0.6958708473203803,-3.708920764411519,0.18774607710282054,2.621159414947605,3.498360562398259,-1.1379566409439246
-3.7824840572403553,-1.2091319411827632,-3.1412090594760866,0.38446993869698787,1.2163487620119593,1.4043510921355404,0.9396924263442878
-0.6084323862171009,-3.4951992948495523,-0.2990795272703789,1.4736862152595158,0.7099072322366149,1.8618468681145885,0.8865859087280992
0.2383484299854599,1.6800388205539836,-0.5376226408347292,-1.0534932255165614,-0.9559496746377001,1.7268008664265888,-4.090745299254079
-0.5644131378655433,1.2110484357457176,-2.235130541277753,0.9800165779539658,-0.9607404761488042,2.684534519641258,-0.6455732588650883
-4.483734095230786,-2.4608515928835875,-0.29137359739339147,1.688506157468312,-0.9448264976769375,0.8229623257440508,-2.8292144152825514
-0.6730992737493197,0.135215620022626,3.210466901092412,2.248382726906092,-0.6540159176205174,-1.9490913014462194,2.486704247772921
-3.014099795722562,-1.4203530556606023,0.6348858064281091,-1.7799945275160474,2.043241906277311,1.2331213606310925,1.551979771618648
0.7884835074945213,-0.740121695267778,-2.260406550253011,0.10441554974281608,0.0684161750313107,-0.7383546099587106,-1.488635186462784
0.2047031844951375,-0.6105044110070041,-0.39064754550553427,-0.08774092179793302,-2.1321136432421497,-0.5081271561142551,-1.266504324550519
-2.3118287711409575,-1.0944136165870164,-2.283340568098261,0.9635541756934636,3.9660144336098737,1.5832751927341338,-1.0928367718094596
-1.4912447492742058,-2.0748525649883884,-1.8438996869174789,1.3163141202694448,1.2770430422760692,2.806099083240559,-5.0538320800613254
-2.541688861761048,-1.7818230878130252,-1.249119998774444,3.0252743192452645,-2.1034529912383317,0.5233145494512917,0.782019065955795
-0.6221688528530284,-2.404496864731075,-1.5214911683803758,0.220165621498147,-0.1596168161219681,1.0627020582481517,-0.5909798430627066
1.3383540640209988,-2.543942403998586,-3.7193005775568118,-0.1453921390319418,0.9278199508546302,3.676309849113132,1.4042055766779526
-2.4001376255523317,-0.818404678157964,-0.8277847860644401,2.4924980702661124,3.809990782104717,0.9350026973427848,-2.2659184092955527
0.4694554066224419,-2.2401301361616426,-2.8897137291549266,0.7096424444498934,-1.469963204994995,5.363468955678241,-2.240701226377243
-1.522816441953339,0.24124855156940506,-6.264683742656201,2.5698692554257034,2.2724075240045645,1.544158026926149,-3.2401592998867
-2.028664654773168,1.5814150800907698,4.328371721592922,1.8321929737745675,2.9332510166079335,-2.8193000752908546,-1.2551431450258286
-0.7075980503140991,-1.862504808639374,1.187118936534986,-0.803060402627962,-0.5860352835962875,1.8964800308094187,-2.647432062892145
-2.4955156479886083,-0.3216417950725487,-1.369283097766856,-0.9476675333022924,-0.08915997904577694,1.1983649028222445,1.996431173568043
-1.567873401433129,-0.040096144238760734,-1.1071750845003439,-1.4830935169162118,-1.5927204788443243,2.9026422925876716,-1.8686315209403337
-2.808783532558511,0.0887263991033902,-3.018331464740336,1.711676218070298,0.005460048194766476,1.7461210366667936,0.07920815371431478
3.2830078172796378,-1.3826017338429202,2.7992455530300746,2.6443743381364593,0.5038757545096895,0.22370882935763312,-0.6310586286928813
-0.43351217395953995,0.1854593891947085,3.7521589190539357,3.8323112577707494,1.6660900491863637,-1.813037668516714,-2.0209503124322907
-1.849244708712617,-0.028485096047881964,-0.05561732441429773,2.1890699344441273,2.5256471528521374,0.09134370315470407,-0.1640636873542693
-0.08926954862719878,-2.9855522572651223,1.9125444383584882,2.794047902595119,-0.6837614716432316,-1.1119316035995028,1.6804397326455542
-0.7178024358311182,0.42443352693377956,0.17574964210873018,0.3346128137977358,-3.451711025621322,-0.6054902195126891,-2.1563551654824247
-0.9270672876716907,0.4821203470128681,-3.2838035266250207,-0.7592961761705641,0.3116512210699203,1.5874287815630885,1.5264016802802332
0.6815683977647135,-2.344565351537949,-2.117447922808415,1.7105079286574707,1.2579468259516098,3.6157041985656972,-2.3361230762819423
0.9576711896031553,-1.1193475452921522,-0.4213544431042884,1.4490195156791736,1.0266366943169956,1.2237119093269073,-1.0594133469366493
-1.5232855268476635,0.24332756917814957,-0.6824835650583942,1.4369209443809732,-0.25164610114977176,-1.7597384839198658,1.6802384833811963
-1.6105751022761696,-1.1523093138874272,-1.1065742926918263,1.3944967972520868,0.7890398237873487,1.3173692256169658,-1.4519665945975282
-1.0312399744730543,0.7894435649344815,-1.2650632890170022,1.1111357263981692,3.2521688869541245,2.7279719710677597,-0.3129825868723869
-4.935386587343123,3.367946071554865,-0.29017069113131794,2.8973572505606704,0.7488673776038297,-0.6603730456192521,-0.3024744064525495
-3.419990695211912,-1.8102677377368592,-0.29153274672723195,2.7890703545261712,-0.09767615971416788,0.23203485055766826,0.419269674141004
2.1314302397577367,-3.520344244782182,-2.4614746021737455,1.7212086980274928,-0.13984205627983226,0.5109659046843568,-4.8184683541372255
2.6670925519331985,-0.9376335893051121,-1.3930230625739632,2.3423733900539836,0.19273705761610482,-0.9888422083952166,-3.355673254211336
-0.9811287348956897,0.22826768326716707,-3.217385559377763,1.5152655359087968,3.553954865642572,1.6994136477677357,1.1036814326084965
0.6091246959774788,-1.494827159152913,1.4408825952934716,0.3781484210123398,0.23300439812951035,0.25654879511849504,2.2862906388642217
0.09809194601994098,1.232208152080509,-4.639395134574626,1.9071395132470568,0.22518003244038798,1.2703442627715462,-1.9512760149340354
5.429089336801473,-3.9117737795154803,2.1765036217117215,-0.7022155532112522,-0.05860317092656242,-1.181280561413701,-0.04342327235918941
1.655083361691598,-0.18332698908971712,2.3759587855666364,2.537383038536899,2.561126032321657,-0.3371386780662004,0.884114259501408
-0.7478309392689491,-1.8976132626189983,-1.410412837881507,-0.8462979122799502,4.43294432561915,1.8384069472944624,1.232775191907146
-2.3419942511155605,1.9910569015476256,-5.155334259568928,1.4676161263580463,1.0461973882023035,-0.21591937198750608,-3.9321667796433015
-3.5957661520707065,2.5960850267899,-2.0526927254785434,-0.6283236888485839,0.261549115305445,3.7227321067965162,-2.4343125187095827
-0.1095259487351667,-2.239922519492426,-0.36991106264854257,1.841414508804116,0.7480690530474299,-0.2661946164294399,-0.4251131891142493
-1.9583159794141027,-1.6405661389871657,-2.47853402517818,0.8740699413910425,-4.013756376669453,0.9048626223871888,1.4563101553091722
-3.2409751956107753,0.7600527682145752,-1.9219036541643986,-1.4495902993613978,1.7633422164049959,2.232703088536641,4.870233889972826
-1.7468623701862438,-1.413797515684205,3.1649204370440724,1.9241632805906215,0.8384029242641169,-2.1770558242856124,0.20622974217319257
-2.584709437369471,-0.7584216444560348,1.7199542541261659,0.6441094945227704,1.3303147252961924,-2.8193864579396712,-2.085660865849957
2.7483277649981197,-1.3880317434783007,-1.3913839438917883,2.5832665149245155,-0.8029381279729484,-2.378303948440105,1.5499379052522202
1.1967737653794461,-4.239892110519306,-4.13041558974757,0.6527619800975218,0.17003413545084356,2.8516812492526977,2.3071465257191806
-0.5167935299026556,-0.9960582213238734,-0.7833467727515967,1.6644003970131283,-0.2675432443126502,-0.5517218593021116,0.5457146673886183
2.3492249042300446,-2.460354264671179,-2.2143492735531547,-0.9983791838560012,2.682281494996722,5.281905049642883,-2.815976811713881
-0.35241018792306683,-1.7747779515285949,0.7702090207828742,0.31761330754086936,-0.11234544856782203,-0.57496112308651,2.30384216854661
-2.1604383180958915,1.530947957790723,-1.5641553650761537,0.3022532557618237,4.2628014106471195,0.8295831721146136,1.391022053131676
2.432397902227654,-3.365771307681294,-0.31475095245087525,1.7527871321786914,1.64554422381026,3.375996169853553,-2.647720512285659
0.5366093736548705,0.16183719643757422,2.115283408160957,2.7573190738366007,-2.08050497036659,4.246302714963914,0.06592942365010113
-2.4993754197587768,-1.1386125572887325,-0.018088833586611175,-0.6604211518033672,0.29668320000996923,4.35023818575745,1.3134827221035192
-0.8680661481611373,-1.3666141064257011,-1.1898769059281429,2.141289091854718,-0.6896592442442974,2.749983178117178,2.0423646531996296
-2.1880485030042323,0.5045417582636349,-1.3462395614000886,-2.261517767309015,-3.9011346094357036,2.404279256150334,-0.4571189637119044
-3.164979124078253,-0.0698614389796487,-1.444157276136587,-0.8121060561636988,3.5172375249220735,1.5948351840460062,-0.8825282681949274
1.282562252022075,-0.3244341618608877,1.3465364981171062,-0.5376568500237703,1.8110415303877452,1.9434097642658823,2.3114184323631752
3.1764728544216663,0.03932384307173309,-1.3480248353544235,-0.7320244570998331,1.4385211459490934,-0.5504605632377343,-2.1732777806546846
-3.1953510702042336,-1.1244282492208755,0.05699882809120653,-0.9794465937797923,0.8644772971735281,-1.0513050752373718,1.3361731592594195
0.5829520801708388,-2.092641111563449,-0.36260168347607385,1.5460086802929212,-2.018167124205343,0.47708525267375723,-2.7265170551971254
-1.754701378415969,-2.5135415816357742,-1.31357776462512,0.7296935311242525,-0.22755691091760033,0.16419448158400218,2.364531608398103
-1.439735330740947,-2.1476894398971296,-2.800123659924491,1.6168215985516898,2.2966493651116826,-0.36671846370060546,-0.249521555047433
-1.642503107505534,3.833193099770125,-0.221864833736512,1.7446099174353225,-2.0826362820556272,1.7896493991313727,2.4300653699587236
-2.1656516975617186,1.2179085737921005,-1.08034474877376,1.094908293329286,-4.639679639214732,2.275309118180117,0.7215179299321812
-0.40797452921656274,-3.1201135625515057,0.4327197902357913,1.8577141991365678,0.3415924343716162,0.6492422395288503,-2.461179305240533
-2.1020089437438916,-2.8395204393323583,-2.244577788527797,0.4997818738014388,0.4735434825984829,3.2548617906587802,2.4331839973393636
0.019516024448470483,-0.2888378115180896,2.4372491449052966,-0.3517126209273955,0.7072080976118292,-1.6580852894891283,3.7630225154181867
-0.5982050795312754,-0.09983843069029574,-2.0058536849956234,2.4794246086663447,1.8334706892203405,0.120162034470281,1.996489492001423
-0.9616972899402599,-0.04676138655570561,3.1357142204269817,0.35755211056272695,1.6510235505594222,-0.8611500514751818,-1.1805196260770745
-2.2495816017059567,-1.1354715202947354,-2.7578815299677713,0.18123619034362926,1.046674169574842,-3.0177032358071867,0.2282010703278835
-1.612410939687853,-1.0198008512929073,0.4001471106654249,0.7565191337792507,2.8477363694072437,0.3283282093048783,0.4314453227588686
0.9535944274648399,-0.661519463713402,0.49721350287492116,-0.24080227421222822,-2.4538338155526613,0.25504941229392886,-1.3039500002178905
0.46342770967835145,-0.9750208764872774,-2.75584431822968,0.013514218531314515,1.5037987326472848,3.32223736570994,2.9706947284068246
-2.3843990653464253,-4.214662386838245,0.003397050694224024,1.2867375729499437,2.1256775036805102,1.6666469969386348,0.138056524643829
-0.31010323677718715,-1.365376502529876,2.4854264158524186,1.7225643783762155,-1.828746709125181,-1.4376827616422274,-5.059964252256103
0.9458817438000777,-2.520276519875248,-5.606819065504812,-0.7335642715148828,-2.2014007027976636,3.961191205906904,0.0411800328953722
-3.7170374118816403,-0.253093739769567,-0.16143764299443641,-0.006860150434618184,-1.0048266382514695,2.7737439175642233,-1.1185069353563435
0.5451812295307901,3.5861498237196203,-5.45378026709173,2.3005380589792046,-1.298289508854473,1.5752727386943224,-0.29427376931529176
-1.7777794909524203,-0.2194156913989781,-2.155543824127511,1.718305218574208,1.895945163095877,0.05859188508029248,-0.5700945541115526
0.5976478566858008,-1.623598644513454,3.1082568398500356,4.0729219216017984,-0.587125088057676,-1.3162337924003675,2.15376059593966
-1.9716229292919447,0.681734721716486,-1.3570943828927697,2.6934902316453955,-1.329992315433425,-0.2147444599191711,2.558977286464676
-3.977992236354017,0.2680929341763013,-3.2422403896965175,2.2648250631782796,-0.8066605936739326,2.5256128798119937,0.23733150426548089
-3.636401396466012,0.1218985942131382,-1.8290203054939103,-1.4132836835440725,2.56286259499456,4.0183892171340165,-1.3710038903188235
-0.40881566268910835,-0.03219105358095442,2.60948056879083,1.6252146584487286,0.439296470184258,3.3781224514022155,-0.6171620347337123
-0.0011603810054235863,2.1974295530978876,-3.6442585172763553,1.0331413171720267,-0.19863056830312964,-0.4335345278676548,0.3376521337908127
-2.2433271741451613,-2.517757288476841,-1.8442556682999296,0.5144665710714184,0.4967594543840156,-1.616684783507002,-1.1004079777447333
0.7286171814940376,-0.4003851625945175,2.278913702392802,1.17268164070932,2.961018636715906,0.7476793317724093,1.2343168264900548
-3.7018489397245853,-1.9925051739101027,3.965475929380931,2.7341655596894165,-0.8040454501223377,-2.833699313469225,1.7681566656988401
-0.6287192681430055,-0.082589580289114,-0.8258393327183813,1.5815874635563252,2.968618956137494,1.0895900829045833,3.1430497660266017
-2.834090479192737,-2.1009844441360572,-2.7110075705436714,-0.18701241983758066,1.0680744661157044,0.2065522762830447,2.7471356050507905
-1.7570003671129086,-1.4600732515779438,3.724364775476693,2.1178619225399373,0.2731967441079098,-0.39074365778437975,-1.1262755629034276
-0.4101375630908874,-1.4544402502453795,3.378891428180785,0.5191596053000848,5.428420563241961,-2.5078169890737674,2.440292372358656
-2.1587609177269296,0.7929323681091129,0.543732559197394,1.1425741159729004,-1.7293232415190563,1.4467897658680096,-2.073119421577401
-1.242165779269025,0.5750650621819259,-1.705621293621687,0.7014729776361048,-0.34346458239176114,-0.5157879321677601,1.750471337014874
1.4368798992808005,-3.2103830939036127,0.06584537635433402,0.98283349875111,-1.5953246327281492,-1.7110328635427345,-0.4903933908531567
-1.6126431212662378,-0.7352815672058444,0.7567263059555773,2.7755760224501773,2.342961431951507,-4.9041725471192175,-0.8407403634998847
1.10826962388766,-2.3191757076728376,0.17569260361404926,-0.43991282113542995,3.9587827836107428,0.43180429949400534,0.6865847691184614
-2.6774727939581093,-2.6586745851622196,1.3290950450622825,3.185221940971226,3.9618673532420727,3.807679673276117,-6.141604305103848
0.5190696970406012,-1.4604684418720804,0.31364812089524974,-1.9491672164939169,2.9552422277353076,3.5994879722279642,-4.191421678000741
2.2753061581443976,-1.8488258149530772,-2.2435403213189424,0.2783495496643048,0.247397712930837,-0.37397417471303374,-0.0818024305231631
-5.262306892568497,3.512496485362886,2.4445546191796184,1.6429223933757355,-0.7154865527282643,-0.6461721892021649,0.5135173774024521
-2.0364126277900394,-0.0802025739699409,-0.12001289662806935,1.6582075457875447,-2.8178904593073284,1.3627085894213868,-0.8552157641526313
0.6101170027367318,-3.303484113949178,1.3584348704818188,1.1005742007885444,4.747590309138271,-1.3892863387599161,-2.752438290653889
-0.8925417503810941,-1.8127019232387003,2.1357859979167446,0.8218694277487332,1.534529215952141,1.0494948343034856,-1.7122599205363653
0.2134628031603417,0.5350667047378788,-2.9545582708001943,1.3427565273782247,-0.6065825603759155,1.9203743078537063,0.59205704384437
-1.6648301437858828,2.478979372110878,-1.1766492519034921,0.34343133613419835,2.688032411673912,2.7848098377738095,0.79707342907599
-0.3346478160479614,-3.5007759840151174,-1.4063627594823715,2.914890332700798,-1.0576958711138027,0.295552852561438,0.10517307848165314
-0.801301437238421,-3.899482129693289,-3.2992607813691874,2.1825307690522324,1.6621085790831316,0.10137793220279614,2.5668257395217378
1.747939751941681,1.661640852915338,0.655169723946204,2.4035995104925805,-0.12202801761657209,-1.1634431396177696,1.2756281598004522
-0.011372410983239174,-0.4300331287474688,4.6963732103848965,-0.13074945706842755,1.698719012421374,-1.0675891670003839,-1.1064663425933008
0.14885202438997358,-2.436124228125247,-3.7987609595936,0.9289509479597665,0.5769975804679502,0.05860165190756644,-0.3883558635035591
-1.2947921760088708,-0.022943668877842938,-0.715500753310036,0.471600483266467,-2.398021382067304,1.1724931926008886,-2.945517151555818
-1.4406615231223716,-5.0026085115660335,0.2600755930041172,-0.6369761920517296,1.1520615085873163,2.197052585258997,-0.49802698505152365
-1.3346282497818915,-0.8552363918827767,0.19536481566363467,1.6813566847249386,2.5440036195295397,-1.0231317421905652,2.719173753238846
0.25835523094491614,-0.564976542426137,-1.4624327529450423,-0.14589645786368344,0.42084090269825086,3.2832950157303937,0.9021247255517185
-1.312335028781451,0.5939900756415407,-2.758757990244231,1.947881427058591,1.8411593656003213,-0.025139752332840187,3.100017952750479
0.056726326817371144,-2.652947217307804,-0.011842772415820935,-0.48263416866681463,-1.2995817640688823,0.44333555510817446,-0.5182103558743597
3.496190773752049,-1.3968851711564894,-1.487644362166162,3.529711157691269,0.5255870638556475,-0.9181522720627397,3.1789583041250147
1.176519717828748,-2.669066761848494,-3.2941532589471847,0.3799476788275866,-0.4820040518132891,-4.063804490135097,0.6882171699553207
-1.1294216878063112,-0.4863217924604849,1.3168746858684197,1.049927614760051,1.9152405325576356,2.141644976221533,2.7721860192467327
1.8123360473305294,-2.7100063004327626,0.9508219983543851,1.8730915198860412,0.7937709995587691,1.8655347608743125,-0.2479573812112103
-1.2874695649252161,-1.5107226137396337,-0.21476690088080935,0.26973883462445236,1.9269237449398238,-0.044279615197270195,1.6712108370201988
-4.427262737117083,-2.0011795381553923,-0.0655368411919297,2.1302010757693832,2.755661175198018,0.6090712964177037,3.112834917945094
-2.4432078639797767,0.3204218394183789,1.2854849612459924,-0.8401833014971153,1.7119599446559197,1.451177305955879,-0.5116867692873023
-4.10494742810858,0.8783480262790342,0.7871640552247148,3.375598454895675,0.8347722247086932,-2.447498756398331,1.1857413034836513
-1.178520315448892,-1.252273663746323,1.51798058043807,1.1357874932812042,-1.374630845677964,-0.5089449659779363,2.9718959914668117
-0.4659592680189029,-0.9209962979802596,-1.4395910309114752,-0.04501665496674112,0.5144216894918706,1.973240624662189,-0.5006242020086418
2.7277091478348288,-3.709750951068536,2.668099576808686,0.8946473150628906,-0.18102170235054316,-1.869293026709855,-2.1147808901907856
0.1282893333200661,-1.5365126805269114,-0.012986471352782747,2.011639482490474,-0.07348771792852093,1.0340501371157342,4.397915309362332
-0.923467092269657,-0.9968860167896227,0.6213456087027349,0.5301379885586245,-0.19674947876551818,-2.061165878630655,-0.3176035454558028
1.0961605371206844,2.934774175151711,-3.0939419404219297,-0.1695243916946837,-1.8375776545431537,1.3583113658659018,0.23488822118532326
-4.760515291088259,-2.138039507397163,0.09750022663951519,0.6845016779868618,-3.1273586630508317,0.41656103767390495,2.496559455623256
-0.04759699071558017,1.2696745423149904,-1.1700417178545541,-0.21496597863664846,-1.0353545108798206,-2.5461357984196997,-0.4982378704752858
0.9834003133198618,0.3893718985425103,-2.275914532800188,3.172161038894208,0.738491994001005,2.6681509534137597,-2.456182161238419
-3.34948266678609,-0.13791839721855448,-1.604461292527148,0.3933120000391429,-2.1852723922020787,-0.8944803720154345,0.9208255619809728
1.701657093705872,1.4908972823960382,-2.035876314904768,2.3295122705524505,0.26311924653961466,-1.0363996901710564,-3.2698300881222613
0.1505735526911245,-0.4801554882139173,3.4262664331112855,1.2140073563112281,4.148822307072487,0.8596284107370822,-0.5778703486788296
-1.301362327875302,-0.25144820043127036,1.4339520928342502,-0.6691586903873163,2.4221379418686406,2.637947945305697,0.13449134835836385
0.7174248447114222,-1.2295610259587133,3.6852995264404944,1.2346835391232471,3.740653718241174,-1.42199227316033,-0.04452930092812557
3.8723614366782195,0.34536015379042717,-2.79129945266503,2.0377203979310057,1.1268374963035808,0.5991095450605347,-3.1107458605029783
-0.1511267239601101,0.7041594988273518,-0.5534284191213583,0.6094584214409215,2.5882500040497822,1.2877586425919787,3.2107743233979376
-0.02331531739928617,-2.0295696592269574,-3.257855320274328,2.4345358777210726,-0.7507991083596424,1.783493554203947,0.028514036557999167
-1.3862555093826483,-2.933943136076375,-1.8612532994715323,2.3335145534237447,-0.4888936257807255,0.8143714775620684,2.9775094450724433
-2.138402966764256,-1.068955808673143,-1.9918988810240699,2.334045468694889,-4.769228490541377,-0.20503017430348888,-0.2887987526666254
1.0979523521788088,-2.4604023378038633,2.3064321592839003,0.5637996160033332,3.0010240118737697,-1.0689206848396307,-1.3795724120257524
-2.150421378966856,-0.8473518463500684,-1.2507484008133498,-0.5237947446561712,3.495192315341435,0.6449974572641081,0.6178020806351269
-0.36358610920081597,0.956009672038416,2.1140033074381175,0.4163054785071114,-0.7752913180868373,-1.5276281013701787,0.09016332763650331
-1.4214982341943019,-1.5696869207895343,2.219309187559523,2.006908411422794,0.10503943555389889,-4.996248870572888,-1.1393826431268481
0.42117206448707684,-1.1721436685687252,3.6376201837923565,1.6137588909495335,-0.9107780408493451,1.3022829870981216,2.951054518132023
0.14126174209319523,-0.9741950035038792,-3.718744690814341,-2.2329065285014567,1.2674833413635294,2.1789521972313897,-1.5544786943328814
1.4970679865715086,0.08389177448435858,3.155152252621523,1.5816874967352275,2.579592138511809,-3.9488075860744636,-2.733635708239228
-1.4838278983474393,-4.383347518766046,2.2277004292125797,1.4579902262728905,-2.44441542829356,-1.4105669895815274,3.2490829766415392
-1.02126851967646,-1.8609306559591183,-2.6171619266408035,0.43761233260004867,1.4249211338115362,1.644780822051417,-1.1949666258424003
-2.3867268165772964,-0.38111170886718926,0.34414970576624726,2.2146534066842722,-0.08045046737816808,4.342720060795327,-1.9953581102816824
-1.3572322917957935,1.0352033340690676,0.16009791947620888,1.5517682455287858,0.5066615605412854,0.5224181962898059,-3.551804985586842
0.22531780316713015,-1.853154768509108,-0.5031526440308366,2.9642271422633826,1.5200016237298501,-0.8821218729864422,3.9854766463450613
0.9566713142883356,-4.138514582102056,-1.9122497242526357,0.7304010228875465,0.538179932018717,0.1403505466852866,-2.487143490286574
-2.2777072559142657,0.24785860308123464,-2.5389133396931385,1.906967464617328,0.18000985214077386,3.0623112742837977,-0.3426562900781738
1.1735942443965197,-2.2112085891879567,3.732996359218003,3.3882873828934654,0.25904032067541455,-0.728239335212932,2.2436015940497454
2.1097867213010164,-3.2155174433886007,-0.03675110039964371,2.984779675078739,2.672767856399353,-1.015653313097143,1.2936395955091626
0.29491973726502396,-2.071702310009683,1.2644415964935325,-0.3928656676073472,1.4680676094715748,-0.4220815109962763,0.17170060916932686
3.113638766268118,-1.7698591982151999,-1.4428103022426506,0.8788454393158757,1.0482038696323412,-1.304771905465134,-3.0229192218965535
-1.9919058486686572,-1.7229324910137325,-1.990973899544399,0.47389146782940783,-1.8469998233443565,0.7135111702178759,-1.6223305458766446
-2.8988848094607036,-4.121491188502315,0.7136592058910025,1.2275996331558712,0.16732719175051414,3.5308723637692836,-0.1777958292809772
-3.9275993982508792,0.9145965888860923,-3.167573289416466,1.835943919410464,2.0423651069125324,1.089424191370461,-1.6575905686265937
2.3802369823756333,0.6336723166314173,-1.1074470140569317,-0.10553732808184657,0.4078020720166858,0.010067878565033175,0.6201595746230715
0.7589994418605851,-0.12406140791968423,-0.24236110805769062,1.147758045841308,1.702701948498393,-0.06394422416104807,1.622919794239797
-0.6085036015394976,-2.755709787912551,0.5752151049062004,-1.384087093313565,4.16054346052247,-2.448708511625445,2.720729730721186
0.03783761074417326,-1.3690944758301502,-1.2640880416071925,2.7263008664311403,2.5852935103163985,2.139890007529543,-2.7915364368590065
-2.669348472891223,-0.6853247069587876,0.3243900147047495,0.2967520643325463,0.6722477370111637,0.3374132848679633,4.66008136408116
4.209559509078362,-0.6868285487801066,0.9368571688680418,1.1024194705291968,-0.4980153133336038,0.14488329897148905,1.7543237300278491
-0.25253142073485424,0.04306070435637177,-0.7683719378091325,-0.2750832344963514,-4.542036182881943,6.472821333706114,-1.2086160678184448
-0.29072091657328614,-2.1635093011575846,-2.4711025841157546,2.472434245952229,0.3414930779946686,1.0437945079555162,2.223026460832398
0.8965316559736708,-1.0413668606795015,-0.5970869621690347,-2.7157043969672676,-0.097451851735329,-0.9267419338848881,5.283136272626403
0.4250810969383354,-0.38398299464604957,2.01005614368459,1.066939971818999,1.2121738479677173,-0.3163167583186511,-2.6956112494211975
-0.07019229083223558,1.259638804276849,0.6134132685628726,0.53552861383662,-0.037903997691172975,2.6375884800422402,-0.8354208109295308
-2.024044912418588,0.3463294451400021,-3.100393555188696,0.3276287906299249,-0.2517237826836024,0.6958794889314768,-4.853932705673116
0.4067035083210424,0.14180936325374383,0.9603833200752139,3.7190930773394357,-3.0539932155423513,-2.2144058131677404,1.0819544665671805
3.12371023309451,-1.348046356606441,-4.664150604582529,-0.4763026394047495,-1.250391704195406,2.2076397817177718,0.4763261859201008
2.0901052177378467,0.8878263224969585,-0.01912336422802323,2.2105857084525895,1.2279568877981375,-0.769842843104533,0.28961247255110645
2.567352061430106,-0.7566875850188506,2.1152388780346056,0.9806782285337992,3.8245668408763605,3.997214987342756,-2.016540037189226
-1.486137941279569,-2.197505803892023,-2.81296029079653,2.427791634450498,0.4828189622559553,2.5092929928025045,-4.570009119956473
-2.407608901979306,1.5018070206355638,-1.791958259926937,0.1805028675973135,0.866521874025882,-0.3556401162014802,1.050692536748218
-0.7437268498893561,0.1579574306372118,0.29785917707708043,-0.3586765665159586,2.236672661145921,2.8862551825076244,2.5769038774143582
-0.3940995961622041,-1.6900050126326351,-3.3957394831777887,2.4639312496537595,-0.9596285337513689,0.6106934148484207,-1.1488859822402027
1.606189987329297,-2.0255186920139794,-2.100578443906044,1.340484613677848,1.3619333291642928,2.0829876817752626,0.6574382142520503
-3.761454222705384,-0.0555189972337804,0.403949159652252,-1.2649454862025342,-1.0177810504712776,1.3926425357251107,-3.334289313402413
2.444776100273733,-0.6553993064877318,-1.2050592121875872,0.45948452412962615,2.163669115668276,-1.1041214419871925,1.3860939831771555
-0.8057907499112108,-0.6229199213228673,-0.5637678547796481,1.67583007071369,0.7776599307788495,-0.7237106733437519,-0.4509969896403897
-1.3236930115408037,-0.3711208947666876,0.3933105833533337,1.8598746817194156,1.0325730531694932,2.4153428568527997,-1.8949525742075868
-2.450947440970294,1.9755731325007337,0.5085885371470031,0.1347567528224326,-1.3411158197758446,-0.14453319097727718,-1.3338771538453715
-3.6890139478867265,1.1565985771586513,0.25423704621548826,-2.9113641750780896,1.6422936169507913,-0.27372056450223164,-0.5493542294363791
1.0841507142518831,-0.8961109202943152,-0.5928731446301752,1.944368635583733,4.55566509226764,-1.3081369102145735,1.2762402977862757
-0.360211935020112,0.48852363844272917,0.01085505030798628,-0.8040442181963793,-1.6006249934440966,1.2779721456066782,-2.7813878467060977
-2.986153395899888,-2.2593791708416724,-1.7836557179212562,-2.322455562720041,0.02089354491554085,4.35215394835833,-1.562826544554749
-2.996011417944618,-0.0020724128263949204,0.9641654654822908,-2.6265764684503035,0.859145547538114,-1.5189883073271289,0.44780709925997986
-1.1482236028618291,1.9669528611406746,-1.4072484351706733,2.0885493356318703,1.699613581627945,0.5288439752260504,-2.178867892070605
2.7134248931722733,-1.7670959627361087,-1.5503809761962537,0.7883934890176885,-0.46350550869146856,3.132358777590057,3.227153993096974
-1.001460327777738,-2.243655675846968,-2.2788371211056164,0.6902844801519523,-4.811304206702226,0.3340291042675414,-1.6300598892243683
-3.396783683112617,-1.6023268053315534,-0.7655715002266593,2.765652071986926,3.2341352438829007,1.3319420093451853,-1.4675130296876784
-0.9747858207442003,-2.6290154207393237,-1.4229185665467,2.1286589468016532,2.196483427663167,-1.509348208470015,-1.4865023354390239
-1.0267555462136513,-2.140985512798811,-2.7805990492686075,3.0834777581725032,-2.7116585985843997,1.2868031400551974,3.6323526677652564
-5.69616726838846,-0.8386477894362774,0.12443363087828824,-0.8817452290466787,-0.667052657734909,0.13238277748773689,1.3144865786034263
-0.6060191862718464,-3.1785256052469375,-0.5820067559559567,0.6755022185083464,3.8266378486922354,2.3323777931759264,-2.236137286666008
-0.9462616911427928,-0.8899095725502498,0.38277708241661834,-1.5458846075855748,3.3210000686885746,2.7106300344444936,1.8948803248326427
0.8395928213673646,0.2601976448161305,-2.6399803905178456,-0.008250651218637495,2.1976940119351234,5.340736102513629,-0.5448847337886935
3.0600140307045978,-2.9029989605686413,-0.000251396203721832,0.487537601783,0.4145419322294015,1.570649946244314,0.3918487055181794
1.6685476949363365,1.1180462696807247,0.40221073390114714,1.7533401540379572,0.4378921693202248,1.0945206303352162,-0.7456426334827535
-1.0193688196133746,-0.09881907519026345,0.272451362737113,0.9909138503254125,0.1683091011861103,0.8480272186344039,-1.5272050033721922
-2.632821762933032,0.9451916084696159,-1.8254503310205212,1.9253306171801028,2.4834809126830715,-0.17902966109269433,0.9385050718098323
4.455357109950259,-2.7027984564956657,-0.35888066707833194,1.8553661189629747,-0.9649057037053943,1.1183190005714905,-1.1645749567050976
-0.3873703907393194,0.35543103153329714,0.3798919103057724,4.009898595037134,-1.193222578404951,-0.0706783584685701,3.9653326408198835
-0.4746061272104466,-2.70216666898326,-0.5361799360467221,0.5029419464047182,2.689078096017896,0.7994020689668072,-2.5888634872367735
-0.5479062964336869,0.43408166714286955,-5.078213607809928,-0.653402461617842,0.2725841786235209,2.954871574635903,2.7284667343995714
-0.11988671312384737,-0.7583986416660149,0.3731953276120545,1.5777941687015156,3.1710323314465167,-1.4045869019531416,0.2788631925448508
-0.7795030241101001,-0.0651978061948657,3.0945368871662793,-0.4170298280141489,-0.8829950282097567,2.621518826474581,0.24953648244084203
-1.6064217747518057,-2.6767893505219122,-1.833600769277588,2.6684094544122523,0.6226826761524192,2.953966594604697,1.2787372482397705
-1.554793833433479,-2.2415552090402597,-1.7663877393439225,0.6213556677378196,-1.1100296677613848,0.261950186739211,-1.1539385190158598
-0.5645258629066318,-0.025723336850522527,1.362912922307483,0.7548279475074908,0.4275211720222214,-3.4966113050698526,2.746026722000387
-1.5481789508254786,-2.326498605333283,0.4478084103645541,0.4907231437437456,-2.1773422910577747,-0.6566948950572736,-5.238502864214562
-1.874516921249709,-0.05500419034256043,1.0950426704752876,1.626889108788279,-0.5279717353656391,2.9162259373918054,-1.9163993784082836
-0.29643125167730094,-3.1609508893352194,-2.8123179199531956,0.7686329682891104,-1.9960831409791184,0.4405205201795718,-1.7987686908271396
-0.992572604275056,0.42953520257436606,1.4421962326690927,0.35888935338859906,1.7034373559843832,-1.3910059947644762,-2.0798372286383646
2.395547687503773,-3.3228252633643263,0.9158290335105717,3.3931267760312167,2.1939840293285373,-0.46340645921533025,-0.1396154819375558
-5.60772247362318,0.6044015149389093,-1.172190993803366,-0.41316403649308087,-3.013860704510064,2.06019072281933,0.5503835445788088
1.6010187950154409,-0.28193038498851286,-0.1132091983742195,0.8856717005656756,3.0279494881125792,1.508939181952576,1.3239176684572413
1.8987668811312144,-2.4088517652441332,1.6003118337901054,1.935271833273176,5.5352695465678705,0.035242801911733186,0.6920623250999546
-4.495191360343264,0.49664626701813674,1.3726288526737465,-1.162164568931655,0.44021093367463704,-0.20464859974596575,-1.1255445046177721
-1.1615199269444858,-0.47388261506380075,-2.4014451952839373,1.7391154951075143,-0.7754589351911119,-0.25141754972238073,1.0187047056174179
-1.216904346589141,-1.7267199738892614,1.5683737098247013,-0.2278755029214925,6.087424993707819,-1.2467773015715296,0.7304668919605091
-3.212579194595148,-2.1901056677842616,-1.4362737987368972,1.6872528040817545,-1.8844183577788063,3.5134228842143163,1.3692678331911963
-1.999663578402885,-3.8633421155728755,-0.1532282376381349,-0.2570220082690995,0.908992983591966,-0.12117123547274361,1.831703066907065
-2.6406227323574765,-0.12760647947175607,-0.966603582696705,1.612467966723976,0.7733743099054347,2.7664751375164536,-0.33599846086286056
2.8737785750234655,-3.9133285912909472,-1.5473163459077082,2.0997241627394807,3.482004380089655,3.3369924340652393,-2.373530456499606
1.300862736993423,-1.0765150736087994,1.2510370618595825,1.9005494909286884,1.2352688218347954,2.3559761648432547,-1.6562628936667645
1.9478268897564808,-1.732284598821625,-0.3897081236719244,1.4356103232780506,-0.3496407204760503,-0.32618819167224433,-0.8600558231164035
0.8886447336796895,-0.09852128315274777,-2.7779393403180532,0.5569722397592081,-1.4208500324021132,1.2407033197852315,-0.7171940518568346
-2.676210975258955,-1.1504363285189119,-1.1873340816949929,0.19501638694649903,-0.11509768332971826,0.4380304063766847,0.6604910748161326
-1.5117651808348171,-1.3555043797334654,0.35303084291498227,3.2303721988149032,-1.379227695839571,-1.2116855441496492,1.9415338168639276
0.44119435599174645,0.04682839106587666,1.6778658170499117,-0.064259300700508,0.49727559421271456,1.0918251414524054,-0.14000815777566616
-2.855493609409179,-0.12075323794955906,1.2961536189164693,-0.1364728637125905,-0.6684742463220936,-1.7281450614910172,0.612096207275923
0.8719376201532782,-0.6686585661503083,-2.6869130810758772,1.5825632865340957,-2.404682207988683,2.7111802551565836,-0.09126022285973062
-0.9643503376408258,-0.17195386687317615,4.455281999315048,0.008220590062484545,2.8623127941489988,-0.3880816137063657,-0.7767070157984224
-1.223414774409004,-3.2977390868525474,-0.06938782423368672,-0.37575949591721836,-0.16144585816005608,0.8607359515133494,-1.8929182558038251
0.8680111441178887,0.026800542505742708,1.7863566421518147,-1.0736942239314269,-2.0498129530069034,1.014786279997152,-3.638386515471106
0.3543012749626913,-0.12940032736179796,-0.6088097496364523,0.3841842566390101,0.0996215829387439,-0.0022209108642357953,-1.2303300961443133
-1.1967280274577048,-2.4831186176349282,0.23149367900576734,0.7131380529401024,0.838214378624197,1.5838937759573992,0.8342423535057313
1.731659051026567,-1.6716938039470213,1.368048023946099,1.4355792061701311,-2.7743351773610083,-0.4073760427864798,-1.1582076943961805
-2.5837758566675046,-0.7489250172803514,1.3679693753751978,2.0567491737037082,1.141854000450953,2.117732989243912,-0.7482116137119579
0.6849756580722178,-1.3533874664766927,2.2381013227156497,2.050946311202227,-1.4574194518865484,-2.041279159681993,1.608962193986118
0.6409922404732831,-0.6086376044548593,1.1116303495511066,0.6844485954480245,3.79749284070257,0.7204687458071535,1.1201183272747481
-1.0976835876059128,1.3638868543137836,-2.077902151553497,0.2035303873326852,1.2629472858471493,4.12032141738658,-2.9198743417546327
0.1267592570848581,0.6423476292393739,-1.006120783770926,1.9382014298589474,-0.4410059680010128,-1.3929362937147,2.5623445760509727
-2.911325860962865,-2.710881876345062,0.5227947053624242,2.8995947908208253,-0.7107817229191892,-0.7878515076503444,2.699446126444072
1.2784199142893327,-0.24270656775826105,1.021232049007236,1.0186067248886115,0.23572547581674627,1.447367008702168,-2.4422166467761595
-0.8575943067468744,1.1689697519162645,-0.974091075445594,0.2891604152175483,1.458242594059486,0.8202616937914875,-1.674657398788037
-1.508303334346188,-0.22639158753157773,1.3557028554878183,-0.47326838969017837,0.3877512693375054,1.1411020926224582,2.4113135910708823
1.5191600638092413,0.4633412750221959,2.0105364113238466,-1.1293791881783268,-0.06566657870471693,1.4009976223731992,-0.40471291328454184
-1.8581402306242323,2.3857186516597553,-2.5181685231690936,1.7274498960162474,0.23931225238523274,1.6739806946896465,-4.7394734776817815
-3.214408312902014,1.0151931928891487,-2.6200974933886885,1.4830172463049367,-0.880523694849921,2.564911708400969,-3.2418354443810626
-3.4998085939774644,-0.1664302889534912,-0.9410806371399865,1.6639948102828557,-0.23490309128723208,1.2521238246116022,-0.5837671953594281
0.6658569060728228,0.509571052144778,0.24503615596585437,0.865244270865182,-3.691356899772279,0.030880688625022898,-2.2025543928847457
-2.9677937735925664,-0.405057787533208,-1.8019906470774258,2.732999760357374,2.344851879651301,1.7449812494244659,-1.0293358251434275
2.8786397885901365,-1.4084870555440483,1.0759473297751285,-0.17829943662407388,1.1567185547458454,4.047079681749988,-0.610603100853784
-4.511639480729329,-0.9731789636202857,0.40644555296996987,2.322991218473012,-0.9724201521531384,0.23462977300194032,3.1677665506209327
2.7662697611268277,1.0350637954779307,0.12880303518744096,1.179006668389004,3.9654985245414096,-1.34453868013043,-0.10366258540556428
-0.09497579368377634,-2.3235936653413924,-3.744344471221117,-0.14265022254149218,0.8553481286099496,2.5599988485909027,1.8581617636610868
-0.6877250146765603,1.4661911939542351,-2.8696553775015343,1.822526571308095,-1.7716893348320555,0.2576123050402211,3.0936854101270463
-1.551057294781582,-0.04215118455818134,1.2162547059677729,2.104955237842128,2.075008298660882,-3.5919258446443605,3.942504083226221
0.2673774761406001,-3.2900497361930294,-4.916279244367219,1.2481754491827612,1.572958838419853,2.0729487805421005,0.33930668906993383
-0.5739284550956857,-0.3864809051301109,1.7254193002938787,1.2294456696215486,1.2206347347239446,-0.5207161234843116,-3.733066028784975
1.6237383275393171,-4.583669939930256,-0.7099354504532562,0.9505202049776779,0.13094332647689078,0.31359886136493365,1.0851528949766116
-0.2814118953958169,-0.020475310056165874,5.4583566566169965,4.16694163129802,1.2853980190006504,1.1061201686694224,2.1246251364614066
-0.2119261058310543,0.37947135175313407,3.775760057244326,2.5529656507498064,-0.1420883175422052,0.8407407183841218,-0.14715909427750115
-1.2018248298097456,-1.8132120066138757,-1.1766953933139632,1.7855705846238807,1.703067971744474,1.814154624582777,3.4064799989678827
-0.611125062561436,-0.7662786621509641,-0.4301701490954304,1.2453490837969834,-3.189130611861703,-0.3334398709778742,2.048850614386689
0.09144968149506683,2.023086006691351,1.1390198881236788,2.2263694979294466,-0.6711703298341248,1.445862576962378,1.0604677759269578
-3.7955551291671585,-1.3161060391810528,2.8772705762877036,1.7564987595757646,3.9032565962463597,-0.003424573852262889,2.4443144180755043
-3.09830520212692,-2.2853997996261084,-3.9294528595656817,0.8229389339570431,-0.8038530917916074,1.8692235403898265,0.48389047259706286
0.9302352021620339,1.161337602759514,-4.142959321770774,0.4029249798700518,-0.8978789443149187,1.6376778522041813,-5.294702783096713
-0.17231644675435545,2.0730426520852214,-1.1349356809926028,1.1110341362925027,-0.7044096240805895,-1.271215278108319,-0.5500224799416227
-0.8558245182539016,-0.9212829098830895,0.060293387219110706,-3.6495372545805442,-1.8336449216947315,2.5204236671410034,2.1238103565456012
-0.4659293082150504,0.6138539309315073,0.7565214459343276,1.40689979354334,-3.941071591345745,-0.5219076979205436,-1.3491950754150148
0.16807361150726915,1.0461874686920882,1.122486577677693,0.09936942636674118,-0.16105526007416576,1.999112786170438,-0.6928439023994342
-1.5411192697967775,-2.0028160936838173,-2.909292756147427,3.0669353515439948,0.9117923557172448,1.172346522894963,-2.2070533338902534
-2.000603634582599,-1.5333588720487779,-5.7850610015193045,0.5279297078986928,0.49098699540792884,3.931350430246386,3.0270714371953913
-0.12420043860866337,0.9123848402761343,1.2699546280000902,-0.5929566199502421,0.02091658476520597,0.06425305561740292,3.657003071224646
-2.3859737932839766,1.9429756365326336,-1.8322637954915055,1.0013158638396158,0.26231253593450027,-0.17180904604445704,-1.5826719447030357
0.28493790865241664,-0.19796332054597754,-4.243513103892639,-0.450141752352462,2.415355071567352,0.4469888920849454,0.40949205866639504
-3.780945344724634,-1.9080715865340399,-0.027688421336805435,1.7067089588840194,0.26834865513707007,-0.08526848269017234,-1.1820387401264187
1.480918173258741,1.8818482404059254,0.6069934392247573,1.1699954016605005,-0.9259925337936181,1.9838895588455991,1.0396920361291273
0.40887842421789333,-1.940282920502427,0.16463574906348163,2.7119563019618895,0.09650562344433822,-2.5483468945105883,1.8084686358034068
-0.008273372540940762,-1.5734561805111804,-0.7638732298687345,0.1684567222696609,1.7198745542827232,-1.4930085231135564,2.2018230625171054
1.3914181723887036,-0.6995729629930781,-0.19548599070408562,1.3029729168610944,3.2290468182180847,-1.5194947680697128,1.218029770365884
2.706592522456216,1.0287660184023129,-1.6594690039751754,-1.1392485779908472,-0.9291872832519099,2.2659349405959297,5.764261879859994
1.452438272127006,0.09884015388235046,-3.898342761614798,1.4962365597433953,0.590099481480071,3.692063029348793,-2.7202741286351046
-4.047320112313162,0.170767804741075,-1.7484139714190952,1.7174077838894806,1.0453842822435377,0.2874963272927362,-3.3877117079183905
-2.966151912074962,0.09685758424654389,0.6082642432723415,1.702509407899003,-1.5242992650388114,0.16675091226392375,-0.6440926854816186
-1.7049593253288688,-0.7404594350670983,0.10686747692337228,0.9629695058964151,0.5378855632126353,0.6148137412140877,-3.1647698338359707
-0.45118020451309565,-0.10312388383793736,-0.7591066820551166,1.2457220622755376,-2.417045741735758,2.662784393656782,-3.4544843799650113
0.4956757508272226,-5.104283687847266,-1.8403735571734874,3.419264559593891,-2.4095142842243003,-1.2560489388218936,-1.5890524269633253
-1.8993610480186474,-1.2498385500710134,-0.9277173165742358,0.526185390364774,1.269474919736223,0.9305305888222329,-1.9014934999276027
-0.14168738533772446,-0.6457887945130711,-5.067407165309447,0.9156738577185026,-0.2566356972302322,2.3126219222744395,-2.2690184689224058
-1.9564517826136623,-2.589371376056478,-0.39014896466443866,-0.6402083923257506,1.1102889953053765,1.4233320098454882,0.9621321432413377
-1.6793394344880361,-0.20338358608777685,2.1243009820740952,-0.26060793898300794,0.39973485823066096,0.8390186800646695,-1.0235930326910885
-3.2109407769049017,-0.9222289180385146,-3.7601085800341796,0.8529819883390194,-1.3716575207978736,2.361106650088642,-0.6809241532700644
-2.279764282212851,2.0393363614077114,-0.13238153287339283,3.1946066812052902,0.07978475001623556,-4.587118115464725,3.045082226363006
-3.105045313253605,1.8662987175037955,-0.20055286046801934,0.45150751325195987,-2.200888234146531,1.7549256520667946,-1.7593480950964362
-2.381159220464104,-1.4497099603524477,2.2396041872409795,0.8254498479434669,3.277543987906375,-0.7434543237025559,-0.18097883748183208
1.5280833002453031,-1.49634638435291,-0.33498425628367123,0.8967228674886976,-2.0386802237210957,-2.9503575635821884,1.5990767150549008
-2.3301644224471807,-0.8388063146205349,-2.0317813577276906,0.11304240202635851,0.1307328849765912,1.4422926908401899,-4.115270594836133
4.569045517786194,-2.393445876715922,-4.886944423268274,1.0264674117436754,-1.3241579249884081,3.0600268719509574,-5.381547384793889
0.44878999862969843,-0.8008763722500043,-0.19354065381386787,-1.0379458308687066,1.6106242647027216,0.2255985694910261,0.8677123983520475
-0.14540617670098724,-2.2217280464093556,2.8730906855704506,2.4874532479484865,0.03254552368134178,2.2707498546062324,0.7237503221211712
-2.1548014591901685,-2.5296312410279658,-0.7918543402583645,-0.35213425002468834,-0.2935449193631785,3.507612940175463,3.697355209951048
0.8474969922404231,-0.18179905131901808,-1.1977112913824646,1.6270128026213917,2.0847800427223904,2.9498388381549736,-0.11267332551353437
-1.6102275888783408,0.17056609580666737,-0.7224471875905949,-1.1881450830140303,0.4469104559528469,3.559544900051104,1.1193339439819607
-0.2664219231995338,-2.277506276072999,-0.8738338640925604,1.7030709711560967,1.6821999719759235,1.8754453547114955,-0.6081937250085954
4.429786355819476,-0.24973835060276928,-2.0283156585899738,1.8805259251333037,-1.4612456290170959,0.6249079348616176,0.6800171980868148
-0.6864668004565168,-1.9467002254323518,1.9335474899762732,1.9218255784435427,-2.079708375064314,-2.5214399344504637,4.19009657665411
1.7122883112963394,-0.8848047658477063,0.09376033964608782,-0.32039694121317885,0.7232103445952928,0.021868119988606157,-4.18254120028177
-1.8558918493660979,0.505642006601492,0.0183582759938066,1.54012146137568,-0.2677053807043683,-1.098287810870758,1.2949071715926745
-0.568831333894531,-1.0200116978084266,-3.441386916082486,-1.2068967779292805,1.7452248879510717,4.5555164261340595,3.616602110515997
2.909471345730652,-0.7333064231731298,2.08197793878174,0.6781265956687081,0.34266883642299817,0.15350059068689037,0.7512249672461815
-1.7090977177653315,-1.6229615664828416,0.723381598769453,2.358171845601852,1.0006742631269756,0.7145137304348284,3.4517837070090147
2.989693381545435,-1.7714636547352773,-1.7912496379672247,1.9278842028974714,-2.5240032778342454,1.5178522887637036,-1.4249902098220544
0.8618318462462435,-1.4905142864946157,1.398997093191571,0.9884356921456077,4.246161264269082,0.5652012235329428,0.013880097823252266
-1.5848575725013925,-2.0031934253884183,-2.291882238644842,-0.7977748917628149,0.3304373561368999,3.6628723016529827,-0.5247006875568403
0.71670420291313,-1.4244724200050296,-1.6009358859922893,2.025746578844833,1.9312134292366647,-0.6845070411646913,-4.221931759136923
1.3718932267719066,-3.679049443008435,-1.9911438862327548,0.9549618914757965,-0.7716939698752047,0.8484457945687423,-2.39098692578378
0.6962908140841901,-1.9174370190981271,-3.3962527178970414,-2.0091048568855903,1.235144724260677,-0.90925926254923,-1.8615801793743607
-3.5259962726346235,-1.0052417238981664,1.123480904087234,2.394787774524981,-1.9942126820577073,-1.9925905283487868,2.331863321018478
-1.9020449367648438,-1.1857077479479534,-3.5782562958671353,1.1046579045025466,1.4271386134797965,-0.664098594670575,2.1461862339890656
-0.9782059183055103,-1.290961801514641,-2.749531578882943,2.6370199966415777,-0.12578908370052122,0.4139438044373536,0.7812009568791217
-0.644809992562506,-1.0538484246124915,-4.13409603785619,-0.4110385384153874,0.5921844934162934,-0.3218400849240544,1.9726333317541036
0.694099064415679,-0.38642535077337536,-0.2562321397323526,-3.1961362956924733,1.8084070051175218,-0.8153797333948181,0.041733228125372224
-0.15914981723023977,0.3552382112825705,0.0004912304193110395,1.7268911396091913,-2.0199434304329866,-2.154456528512136,3.150541172037003
-3.0735708050858577,-1.6435872581500526,-1.0305909767803798,1.4002453666461667,-0.7202688704014311,0.32753123656640554,0.14980298198071632
0.2308986806982463,-2.9757054495082826,-1.6242270792737863,-0.9478978407412391,1.6503813570329955,-2.3390337842130626,0.8310667919697698
0.674670779235679,-2.783230952951964,-3.0653542666918483,-0.5599371958473216,4.806455261205819,1.9090743222146693,-0.7601304547593125
0.5768291119348299,-1.8946016387182056,0.3684660807030459,4.7346809030362085,0.36819219541203546,0.6380495106199191,1.4758015184743962
1.5803581799151818,-1.8207374116273,-0.7245423811123284,0.938638996695689,1.7721479075871902,-2.250557728066665,-0.17623996085781346
1.104860339889623,-2.4139830722685804,0.29739971089983797,2.061354701727148,0.49028541446429363,-0.09657780856340949,2.237808549365729
0.3830338841355294,-3.1433872457139884,-1.7264809429639048,0.28235527322117704,4.547144750777583,-0.9274272420170341,-1.9303804742229964
-0.6365895345405023,-1.6769232414309139,-0.2891011874997993,-1.9695812479062709,-2.775175311550261,1.0820999122397217,-2.298961567976265
-3.700771948501434,-0.24555268827547716,1.2798002421339314,0.3973075156627558,0.6227364794636013,2.997737456080038,0.9686476445529018
0.3260919656700399,-0.152982594626484,1.6324128115927932,1.1019764809737884,-2.7208348359494687,-3.0339017604512843,0.6802531840314276
-0.10138960062633233,-1.9110752713999326,-1.296433097413567,0.4008701468266632,-4.218427355592461,0.6991726485820111,-0.8853097332830524
0.021677237658111928,-1.7004107381961218,0.10740386806879804,0.8633872341666295,1.188877777434888,0.183048991353779,1.9988380539590322
-2.9607038785489737,-2.0960210337264975,-1.2678243366157493,1.1668300288004445,0.9299351010257544,1.7426673029110258,-1.4286201109613872
-2.5837627832103056,-0.7365181788458642,-0.5585147246901263,0.7177662849725479,-0.05396601632757858,0.8833140573634969,-0.40213252162257107
1.5271414999659776,-2.596372634162159,-0.6748975605747034,-0.5585345174599752,0.5135008662671758,-0.9270763420482631,3.290475649836269
-0.5776276197792442,-0.06191053762039023,-0.6007238743199312,1.7283494741830405,6.420038777033125,-0.11504410168026649,3.402409522250484
0.8112668326210807,-3.9752845750262082,0.35886176060881075,-1.4866620925251213,0.3831898026404029,-1.0097144719823765,3.6656129722379442
-0.4468899396075666,-1.5511162492293216,-2.89626428445689,-2.111435702976544,1.583107829343898,2.5017133060346475,-0.9231439676567545
-0.4441205264497608,-0.5094656193349154,-2.3809262301560437,1.9867603556207056,-0.7872077527357821,0.5233897135691868,2.627381507656821
1.3058812711577292,-0.9376562583001773,-4.075208212666915,1.1801202844576397,1.0937696443096168,4.049534544526362,-2.6351567800647224
-1.4954396385402693,3.408923500571702,-3.435785935762536,0.9160238693570506,-0.4571015644808665,0.36963153595439996,-1.7479563871531822
-0.31628926812752034,-0.45044126446622335,-2.3735780515521445,-0.750046850348391,-0.3315055671932511,-0.8453647479707759,-4.460972972199183
-1.3918691923396949,-2.436078709396276,0.6394265250470328,0.4017128415946818,4.223989691706815,-2.355904131456829,4.165661668406122
-1.3383612927382933,-1.0105957810337092,-1.1849525261409006,1.087181029300021,2.811097360246162,-2.8987877147809646,-0.9484635222287887
-1.0969625821523588,-3.6948779843102955,1.3421906046844794,-0.7973352181376601,1.114913346052377,-2.4879959208789,0.4831542074730203
-0.07356361939905409,-1.1629541379513528,-0.5366034420729783,-0.10358764763134354,-3.9154340569663852,0.9844721996089103,-1.8887566697314058
-1.4236000502468968,-2.16198978007882,-4.428833330690971,1.7410727097410559,-0.03186747965742387,1.437645427546246,1.3239680561558966
1.9173949877830663,0.13106868235979485,1.6062820011088428,3.3464267404944676,5.631291004090206,-2.482471445085899,-0.031815259338463076
-2.2246251212203876,-1.6035238415593414,0.5898297010230302,0.17142222402941132,0.15418780240492053,2.162264717818473,-2.9585924001395107
-0.861387963423178,-1.1104872580779772,-2.0728716644086504,2.1415177623821995,2.6796868644068805,-0.4226771104938915,1.2057897294380144
-1.348444599743038,-1.8609654136940545,0.25141923310771885,-1.6831859769940705,3.4252413047479067,0.7587588261035563,-2.9191756848312616
2.2857254569073215,1.3785370377965431,-2.922590179487915,1.4641599933493128,0.6703199311871628,3.5075048423766697,-2.2871870197663213
-0.12283376173621957,-1.5356192709907264,-0.7512475415136243,-0.35617837579540035,-1.0379223153698993,2.1656429102580015,-4.613590814214451
1.4860975241551813,1.6374629567060204,-2.6948863029509758,1.47005214171133,-4.502747767205683,-0.020276073277078047,-2.729561250173422
-3.362916198517715,0.7053455544404486,-3.359031894076388,0.8708239481553017,1.6516997677009346,-1.1882208503940994,0.8296058321238562
0.012954324472653475,-0.2876093005243089,-0.04224768234945464,3.3481299626673753,-1.1340345398862366,-3.5528091073258374,-3.0760800433047604
1.2121660671883767,-0.6330302343088451,-0.3128677435958161,-0.032994514729510316,0.8268075924625489,-0.8655223747161546,-2.663647297035525
-0.342941624661308,-0.3773494639560486,-1.0962929640279258,1.8941880271868403,-1.9662226222476422,0.08739157542439277,0.17902758488073808
1.55088671542585,-4.3017278641561765,-2.163692023621773,0.8522270544076749,0.408363267965704,-1.3682670773998011,-0.620625794020357
-1.49783528989055,-1.2776964431809241,-1.14269573646785,0.7960254505471722,0.6276019594728536,0.23721223872552666,4.259873375456866
2.2132418690445985,-0.02081463813269102,0.004831532542237338,0.7069367695744766,0.9330312331990609,0.6275681772775391,3.848799100299722
3.9266902895013986,-1.6689729270354925,-0.4260718401630266,-0.121976195417971,-1.5509457583639794,0.061645792474188346,-1.6005650256102277
-1.2003346253332965,-3.0953237508791873,0.22604311487200973,1.1284831000601492,3.097453645733916,-0.7358142849810309,1.5120708674063117
-1.3595615653776663,-0.9397402713536237,-1.8090662299318852,0.8492492967017023,-0.6343406258994336,0.7997653897271768,1.5743395071342008
2.298065806317833,1.3220248023615837,1.5076467230127557,1.194855933169967,-2.9911869074363584,1.3123759983294463,-1.3148443650465609
2.54112791114529,0.5671772797933816,-2.094350403009459,1.3780699164385353,0.13146959968787605,-1.561879047391131,-2.541863107394569
-1.5085672358926465,-0.9341684694597848,-0.2903794652219861,1.7063823283464468,0.587984026172995,3.129942508304868,-0.5032845002135905
-1.3107985725973441,0.6366402077820744,1.8125628538490557,2.2706057009923173,0.6455346576113539,0.29849014050512246,-0.218497851774762
-1.0442088779290057,-1.4789378864089278,0.4331676167556897,-0.4662557861500485,3.225149982652248,0.5187716189364823,-0.8086813649246145
-3.0911110336606598,-3.303560007998108,-1.2156459956440944,1.9859699919824787,0.34532735041462115,1.8118336082000701,0.7210760597755794
-2.270939804018176,-2.188374413955807,-1.5766948460615917,-0.7079957476828701,0.4389279116910938,0.9208652325829462,-1.5457584564250777
-2.435607975020283,1.7572727712985838,0.9824784998695724,1.5372314294398088,-1.9362172529076207,2.2712414584172125,-2.667109710350336
-1.9803647909150108,-1.2029147174873875,-3.286494770901149,1.7539619234369401,2.1430705145908995,1.0219821297178986,0.2055983366074878
-0.5682465349850673,-1.3509194240539184,-1.9598556887714706,-1.4821864568129919,0.9280622933050067,-0.6653521142810599,1.1437127408596544
-0.05029332827116321,-1.5119453134602479,-1.3988374707501263,1.0125003837259958,-0.2235799316225373,1.1614976999410884,-2.476547029442795
2.485130227485715,1.6114888743143545,2.4699581297976216,0.6338100028673933,-3.471628049952671,-1.6619063255613344,2.4786052849952203
-2.4244616100837817,1.8551901886061264,0.19566924338335212,-0.08945092819304723,2.9877009160593087,0.6870434803817947,-3.598120572744608
1.3945605955281943,2.2592912799526568,-2.2621990900893985,2.839475214109565,-2.237162205133139,0.4210843440460032,-1.0810247765162098
-0.9136209890196261,-1.1699049736364007,-0.9336950582446155,0.13688117644885334,-0.5960630339849344,0.09304386452641342,-0.34945533676104934
-0.5967134342173257,-0.4969028273726429,-1.5470836646403003,-0.09312714202377181,1.1635773865902432,0.24231320230138062,-1.1619891322575642
0.7983975259922382,-3.548907928461567,-0.7994413311048534,1.5716010709706396,-1.4855318481268056,-3.0464252116756816,-0.2998312558874773
-2.6640186406903807,1.6534638375205244,1.6690830252597018,2.0613809941040095,-2.6800560092671337,-0.5458447516297092,4.180725399741824
0.23515922298064953,-2.9204353908190823,-3.087495982582376,0.7606415553027335,-3.357010999641961,0.6575667555278978,-1.6950516331724303
-0.18081718984589595,-0.6790615448708336,2.478133056587442,2.5364062157400524,1.8878421408893296,0.7832621952007197,5.067531982158229
0.4471206866856338,-2.8387490762409793,1.639199498429372,1.973844842882606,-0.30812881786531143,-1.4442259004792253,1.4186476906207175
0.055558642156887675,-1.9824796990640858,0.920142442783791,-2.3359934901760813,6.3172967807437885,2.857540536154304,-0.22880219218922004
4.2279511313645575,-2.9541623413635607,-0.8725830867088341,0.47812011045253133,-1.1645863409141084,-1.1412950144437004,1.4334237232888682
-1.7298484789939252,-1.7642944232958218,-1.2549591785357879,-0.0431382241054189,-1.1649732415719947,2.301854428968665,4.920154409003936
-1.5242405487562272,-1.6844446198995784,-3.3796799206566694,1.5251283368612758,-0.48467034786695984,1.2847159494031732,-2.125807891776512
-1.7017270707163543,-1.6741989608780319,-1.1048687695094916,-2.4515510751339757,1.0805069480195466,-0.7287328973024654,-1.949406077023232
-1.571394127963077,0.486584293461105,-0.47158748734298717,4.012201275155612,-0.5586676546823472,3.8134180853502944,-2.1834942561687543
-1.729168807575566,-2.5481783220578427,2.6061117480144933,2.0170288225414126,1.8997976291627041,-1.755525163206055,0.6510897368781781
1.7888414889782183,-0.9468956754856183,-3.02718176067489,0.9442598764830736,-1.3729610666284833,2.207499550359368,-3.8366447863808553
2.2347320607397867,0.5641358616252965,-1.6765107252665656,2.338829702349577,-2.333571997423233,2.360236734467025,-0.26441404780576183
-1.6008055415776357,-1.632914522216193,-0.3903396907905251,4.366100963692061,-2.8792047306236923,-0.7744873814183685,3.8643131554363155
-2.1047161279390325,-1.8857372818672247,-3.8198434568794175,1.810916256023417,-3.673179722734216,3.095303259566576,-0.15810840481054844
0.40660180376089583,-1.4661384738815675,0.7828866411740777,2.3446428633808356,-0.41897200183948535,0.014395163450993407,-0.4038679391142449
-1.5651261439507063,1.032000089531035,-1.9737787032183287,1.0831135084070471,-0.29574385469942666,1.0249260200092236,-1.2949721644799552
0.7177136808860175,-0.8397022265273177,-0.9654217262153205,0.7173014639451499,-0.7131681535438082,0.9717082115898229,1.8447207346963066
-0.11056727888347662,-1.868466291451448,-1.2388961340510662,0.3615688410611434,3.041500252335557,0.2314879350672454,-1.550700591020926
-3.4210559829599574,0.19255621701506953,-2.37264452803647,-0.36421276830256744,2.766393793016639,2.004271933426552,3.5751106627919853
2.479360710854821,-3.1290898234216815,-0.8933852957177577,-0.16902299349786676,0.1340146710944332,1.971785135235272,3.7615391380321053
2.9577746195359578,-0.3826245392734764,0.058740664029019896,-0.4182913699238213,-3.0197055615184736,-2.7963584276149573,1.340747932211143
-1.6817874121098284,-0.1678996792494032,-1.8490560012895045,0.5360840908244199,-0.6677231757592519,2.9300044777059426,-0.4581771986388779
-1.2482256202009014,-1.3580081812818505,-0.9505138789850891,-0.8986796843075338,-0.5902250350420202,-2.6349706770772787,2.9018192793870066
0.04919593112306139,-2.3754222742116875,-0.40608797574151967,0.9724345719440292,-0.5801607822791659,2.4201923434323747,1.9344774108403127
0.14279246009439067,-2.4642816370105036,2.0511801889731647,0.636438387448886,-0.6482091514242436,2.596809044041594,-2.024296463235226
0.7670482733262178,-0.30923281207213604,0.3791170651598999,1.4638032818250728,-0.8189803777003439,-1.5629432478030179,-0.5431097136676313
3.370610038904752,0.42363577620155346,1.628540779820226,0.36987908934985725,-0.3890934352160082,-0.28716171431635557,-2.461936099577556
-0.8422715978475623,-1.9340807990255064,-2.488502156596436,5.48428879640474,-0.5908578566392763,-1.5905881981805006,1.3926080449593636
-2.039113132661499,-0.039726978674826885,-0.05049247946659069,2.8993758478092237,0.8185164740921237,0.08028107551885565,1.5603715320256755
-3.158274995361578,-3.8984915591684324,-2.3599249791716095,-0.647180584360245,1.5723820468432044,-0.09437421476638412,-2.560751992351338
-1.909350734120068,-1.7026654615569767,-3.6483017423767503,1.095642931198198,-1.1513739667297984,1.9458471925946292,-1.1591899720316345
-0.5652456872411532,-1.016482802274939,-2.542850586866454,-0.19497397525319538,2.9936767137476674,2.9411997761471076,-3.215556492345826
2.955232408419281,-2.891474220717782,1.0412911259936934,-0.7743911308686153,-1.1443579479523038,3.101340315533844,-2.325460364234234
-1.498457160020486,-2.3147344932694494,1.6219308287154783,-0.7121219304692219,-2.4485249359512467,-0.5710604080976033,1.4636091185105238
-0.07037734550840165,-2.0894269351730523,0.10668504699543646,1.6258311500734388,1.3965933140582218,0.09097115237634157,-1.3296624654024698
-0.533070371609378,-0.511161073782423,-2.450780795252531,0.482176180045369,-1.1125637934134864,-2.6742600931296896,0.16419359267946765
1.7876409729513736,-1.5899734024209775,-0.4033578658964143,2.5151040700057425,1.2218984810296087,-1.0281795478931486,-2.929730694864606
4.365928909946859,-5.1827814063909114,-0.4037916986542195,2.090675520977492,-3.6296453615041546,2.2932156296288984,0.0897552478677136
-1.5239936450225082,-4.178754152825863,-0.9849479786358435,2.4427495264303993,3.605249889174609,3.513811411745521,-0.6527335490796915
-1.444192660030795,-1.8024062432209567,-3.272843967959504,0.13107404243183396,1.9271956480512493,-1.8318899436027232,-0.9020628057319063
1.5098211967915987,-0.5341161352577833,-1.8204424331058056,1.7845460728067457,-2.4331705663409875,-0.6278879495421051,-0.050334527532277296
0.8120195748563201,-5.4919704515835,-0.5670524936045277,1.8528448895118026,-1.8010096004034437,0.4338847614456527,0.4803981795681026
3.055682461833453,-2.2589069716882952,0.39907859588404393,0.25611169829690883,3.9188233944655595,1.0089214122577461,-1.6971978366598577
0.623323110290369,-1.9626410961802159,-4.159536861004112,0.1312457932698876,-0.7847552733097866,-1.0351824971457972,-2.6166703895812713
-1.1935034318581945,1.3093451479208253,-0.9894821401011066,3.0752869316138916,-1.361756632483345,1.2788386930677362,3.6487171342226388
0.6362799435462865,-1.7417171699202942,0.05875931258097511,1.4139222386798351,-3.772616487311517,-0.4053796858135497,-1.0150129677687647
1.6341430543848199,-0.669200425640883,1.1436513922959441,1.8545562490866576,-0.18972966375653832,0.456306269597923,-0.09590138562095972
1.0789723252558907,-0.9732649493996025,0.5525922611121116,-0.28995966900653236,0.08486934300227428,1.5080963787395814,1.9597177135495356
0.47567223225333477,-4.472258205422175,0.630786018162172,-0.6942461637824082,2.328674518568098,0.4954612643066136,7.373778464690561
1.5531871985489019,-0.050427721206791176,-1.7331281908548675,0.31165339397897807,-2.2942997314159794,-0.3351271272231881,-2.2909151245788584
1.7508551041028944,-0.9497297047255259,-3.9881990546700976,0.8374021014209934,-2.4220803361435914,0.2778164643159506,1.0702539663147796
2.160871603791607,-0.5448370707054324,-1.1525097446151404,-0.4570430530117462,1.3487161292536527,0.31766980073149675,-1.3254953743992344
0.7481053261723714,5.041943657365236,1.6173278052130236,1.0615767370094529,1.760447974402331,-0.21062583370894783,-0.8625081795158678
-0.823338739924062,-4.218440870220651,2.294845248540739,-1.2686039248306895,-2.131557489068257,-0.002016623203972414,-1.2820659515154982
-0.21883743938927994,1.7043362770547121,0.02941350571287482,-0.9718421197004025,2.302597927391973,3.4820447053456247,-2.876159117698391
1.8225353373059587,-1.7527185053663552,0.049648067232420434,1.7529859410649373,0.6915487700898295,1.5355480570613462,-0.2162604837279038
-2.075014383656207,-0.30450882280629465,0.40906032654064467,1.8834519266560736,2.5616437231953877,-0.07082636833698107,-2.822812800447039
0.20870016083633064,-1.146851638582071,-1.8741743197612555,0.2606614844653278,0.4106613205262908,1.7907128572826545,1.7661758919090094
-1.259084069736836,-1.5401150387127638,-0.5285066498376098,-0.32958994251557705,-4.293010486474792,-0.14274028914846168,0.34741584606767617
-0.44606851974139794,-1.8827379129363253,2.0556745948329698,-0.7342903187805964,0.3398799588914476,2.6838794775261428,0.4903776549036858
1.9611114116989266,-0.798990141128078,-2.4273161100555543,0.37120380164264777,2.559161384557419,1.1767636388545069,-1.0145607809994597
-0.133342522250509,-3.4202381494599106,2.6306615557398594,1.8903997997214987,-0.9141960217560692,0.28214501043176804,-0.6158037603817643
-0.4119908002812383,0.19492183089047022,-1.3024850689673573,2.1351763446015712,-0.364627679761331,1.3232107308878476,0.5081880365002085
-3.1207852869529074,-1.268664642399844,2.8607636831072063,0.7063441453142708,0.2199701570226577,-2.463124137987677,-1.6621235824153346
0.9359935093383581,-2.9583759812044117,-2.5085474964866554,-0.30966235838143974,-4.855034374436831,-1.630096317253647,-0.18083969837080527
0.741891985300303,-1.8588928645179026,1.2717193055766958,1.6563048428193339,3.8694315402194857,-1.7560657009248581,-1.1880292419391087
3.66541459791751,0.42708367755549537,-1.9207308189730412,-0.18717661164574906,-1.386914941360766,0.751537422255949,-1.7973418777734183
-1.0942776805274226,-1.7382340401490084,-4.036244325565998,-0.1816142898597669,1.596877149854582,3.733144560112638,-4.9606449999292614
-0.07931031540270207,-0.46973279806758206,-1.2296992057286638,2.216114999698923,0.29813651976493605,4.668730644178943,1.9496989021653905
-0.021074964535942292,-2.195914514298102,1.099059353253557,1.9470895759350872,3.1080116255092873,1.6802261857737197,-1.5785460576175823
2.537046561299422,-0.20340035238354526,-2.3132448194496726,1.0654035225336504,1.221076323221826,1.4228636495414815,2.292862193535188
-0.6849944796187973,0.13024515354337574,-2.325290014007516,-0.2968417977225768,-0.0604367641400258,-2.8948825542675674,3.037004566610836
0.03601331003737371,1.8643327421018054,-0.3462619008501917,1.409733932384824,-1.5427586366806914,-0.5344945089814562,-2.333168180052836
0.6694907860989051,-1.4160013685229527,-0.20837648147103305,2.640410373323512,2.124450560632778,-0.994254511527836,-1.8256349734719106
-0.14199103332205756,0.02819181730740472,0.8980814107383105,0.6252783018540191,-3.222662092940556,-0.6811274199933007,5.632090137804456
-1.361355032705003,-0.7021845218013019,1.412803342895589,2.874883043284657,1.745087161798668,0.16802247802556655,3.777636233237636
-0.12758141655518765,1.0153607158555207,-0.322639657849636,2.873826501371669,-1.8398893220449355,-0.4020994672642239,0.2253837244284011
1.5665878559298845,-2.397471755641758,4.072833549486068,3.773970898269847,3.1216660094372153,-3.229216499875513,1.436189122212515
-2.4787056965520406,0.4733949664585635,-0.43466067785109447,1.2031107639421679,0.6663410803042538,1.8862922585133435,-1.5085059417485793
-0.24531109241605226,-1.3190230898998263,-0.5444089115468651,2.0628941124076636,1.8150853856109843,-1.528761067872377,1.4271898007215005
-1.8500061471284832,-0.8901546913026881,-3.6155868826823623,2.8555153995500175,0.6749889472608475,0.9321772569409792,-1.4790274011229163
1.8004566355602591,-1.1516206767696886,-2.0508408598189085,1.053462838354986,-2.8476886779832213,4.373833163564871,-4.940200409375915
-3.4353922502924914,-0.17076016842723435,-0.6066289077106073,0.5306479963828796,-1.2370086810729477,-1.2411021072653714,-2.2527969310719067
-1.5780293473510096,-1.010030818153849,2.681887022975756,1.0213759686990036,1.8330669202183114,-4.262720483681321,1.1736774617811014
0.22514710762245774,-0.7387411944949345,0.5597320127239878,1.3802859188209697,0.8209957374435735,-0.0530517739112104,-2.1183480594602124
2.514068493993039,1.093309069725809,-3.2590121607822566,-1.076307861638528,2.5680460169369055,2.548517443143841,-0.490203203102758
-0.6280845143884074,0.5953675834041355,-1.1723482122512143,0.2737989334645834,1.120612021572268,4.156745189312921,-2.9177493919702115
-1.5708594306343397,0.5430020760078809,1.4514673291998366,2.8016356219227925,-1.5272718312730733,-1.822887796677566,-1.014146822849969
3.1220393991446196,-2.198438050933844,2.1482851358942607,-2.15409445491239,-0.8703805159601098,1.415088278044362,1.6547478851887583
-3.2905943562620474,-1.9910943558486176,1.4532449356800423,3.2034639534649347,0.8465770666302346,-0.3893817934919121,0.7980492540973949
-4.7367665494284905,1.1189072647369853,1.0252193121971822,2.5451441739347063,-4.206086859832613,0.28468435389963226,0.12106448069224653
0.3461171376828335,0.28742099380839625,-1.7458498917101524,-0.33831459209021664,3.618018268911931,5.443488018893031,0.8316774495706653
-1.4684911945730965,1.480566922850043,1.0638043021775418,2.114340832111174,1.0897826996574271,-2.3357511717411614,1.7022578888739353
-2.4685306035664296,-1.655478963535137,1.7533347385740177,0.9173454150591476,2.9844322135399537,0.9593618265710656,2.9777556859619736
0.8629962541696254,-1.5280359515419033,-3.212467586121713,2.5436508439669243,-2.4701010243930677,1.3606807675376922,-1.0415132531414755
-0.0318288554637368,-3.627241537690687,-1.6913686856203043,2.0440423477625718,3.2530892046479867,2.5200564157168217,-1.2313698797866295
-1.5879623198589676,-1.4443061982484142,-1.9642322307738487,-0.9658738368628869,4.905290560209939,0.6672047277247379,-2.6257317336006007
-2.9675530881108627,0.938081040998773,0.08903590442243592,1.70400339858165,-2.2604590895518797,1.061234350270997,-0.9126894089713934
1.1790866136607296,-1.945655106774438,2.058339992151231,0.7987974332976213,2.136253342738722,-0.251212004225851,2.2473937797507153
0.7509778427977013,-0.14036087777184858,-1.7247419318859802,1.0225885476099092,0.4290525007532462,0.9882242032903062,2.6691664478110724
-0.6924687560361289,-1.2502557224594353,-4.771047010390058,0.06984944191467035,-2.4330906076668883,-0.16032110118040277,2.2184142465034213
3.0555469931123453,-0.959709270767606,-1.5639006478414388,3.214006289857178,1.4793134734645217,1.649315640147397,-3.8563424201775773
-2.5626290026166765,-2.499875465588546,1.4514474813659326,2.500797671759435,2.3227264636031903,-0.20987424039920166,2.482549320590715
-3.439896207740287,-0.4335554162409732,0.3503393333650682,-0.13317540351823876,-0.7027890081054846,1.1907532088578814,-3.848016738590971
-1.8341867955061517,-5.508386276678332,0.35953057313699055,-0.8430770987749592,3.324627886562161,0.42852569545917296,1.962063403329882
-0.589244239287361,-1.2589149922958218,-1.5821534144200613,0.1576928667884645,-2.6690544526304247,2.59558065485611,-1.1202325752694064
-0.03271734091535427,-3.6129070966109356,-2.8370044451412335,1.587963138490657,-2.055626952908397,0.38701409177545776,1.5677037504991937
-0.9661044461480812,0.9901677368137287,1.4452243311427606,1.7688610967281828,0.5569742604137836,-2.8423147322418334,-1.9269580480000426
0.17669081475586823,0.15540809476319128,-2.6956239143339653,2.369046096929775,0.4408775094575115,2.850438385703497,1.9983982479611582
-2.912146127039507,0.09468543605406321,4.122696211573523,2.2971539607393314,-0.9893247936365963,-1.2154941008900164,-2.5541670726861936
2.279536051262879,1.0358380018425746,0.957182171013971,2.47797885487892,1.8553655712536736,-0.742874077094823,-1.0141621605388438
-0.6596758856263051,-2.450892907659299,-1.2368147999934305,1.58178284053133,1.7304446820606716,-0.6338847226490469,-1.717747774721798
1.6506934086111067,1.4802273440306861,-2.3362440892749143,-1.2827139900270046,1.8965186542235628,3.0614890932557204,-4.081218522203591
0.15871931524825247,0.4020132349021972,0.4939529858436086,1.2654863948496704,0.12378690873642087,-3.5225326037747173,1.1641260536919036
0.3783592774615933,-1.471723737367718,-2.5697239499605455,1.6170846708278948,1.7527768986717593,6.368982752399923,2.5425423021974938
0.5960464402624365,0.6620501264403142,1.0798003603026907,0.6339647004602785,-0.5319852418007862,2.4642918815868744,5.1673343770558935
0.36093749678111253,-2.8409495304497945,-0.22831605665436272,1.6106443331734357,4.727301862471695,0.9021506706714392,0.20706507915657946
0.7365729483893486,-2.4487723081605264,-1.8064705097401619,0.556234961946444,-0.8725144254925472,0.3804485184034284,2.4233067346543136
2.058770803462546,-2.2920212731998157,2.9409726415384148,-0.5070117702877417,4.761696297139018,1.0190370647206222,0.45994893414585647
-0.1228984950187211,-1.8632250335886935,-0.643474407792915,0.6744740408965119,0.6995605927182111,1.4608996078538963,0.914080485414932
0.8642431002607595,-2.8324691403537265,0.6430705080274307,1.2350049642527292,-1.9175014591177864,1.6936648217288115,-0.8711691806503297
-0.6742851451341138,0.9765562627256082,-1.8973590876287922,-0.06427796587863421,2.9443995967530556,1.5255785879003572,0.2734146605180971
2.272510468131296,-1.7701692560758273,0.17441139943874961,0.6325383414558792,0.8648088028622873,0.6514439615339153,1.169760505492465
-1.804300395144885,-0.23934887112419412,0.22838659638678294,-0.2577025423011714,2.0876053313691276,0.11326129822347675,-1.014779578258307
2.967526484123575,-2.3580290231594474,-3.9316809247975146,2.5526290597180092,3.0618968924492926,0.19966704045218753,-0.0003403275992112098
-0.5787887241693102,-3.8368562044176255,3.429603048773895,0.6259118321839441,1.521623713064584,0.11781958376767836,0.05678321117419095
-3.2573890625506188,-0.1674029798222607,1.365338872089187,2.67600259697299,-0.7172538242275712,2.6100609989986623,1.3396145363749046
-0.25468253229962046,-4.026447509903702,-1.520851856239483,2.9205219333349373,2.7797471388375055,1.5967667599348496,-2.343091759446545
-1.8132752240398606,-0.9022716091439035,-0.9773081909478105,1.6317195527376689,0.5190542695246123,-5.03195929502773,1.1911978972321384
1.117807058835105,-3.359379887459153,-0.1542533717769452,-0.5739365066482974,2.138797486425391,1.7137073504166773,3.7736347258931895
-1.7585179615600115,2.3324533712132065,-0.40063852031339864,-1.9312148008134495,-4.039949873575894,0.8486872750301923,2.4191711647183896
-1.3608731345708671,0.5803806034487395,0.21767426754598085,-1.0342179091263604,1.207071715066625,0.44832225345313637,2.888066109723092
-4.141061299235416,-0.3036967150119322,0.10484282377730092,-0.8035196076815625,-0.7908173105390999,-0.24534075599255203,0.3066815794634887
-1.3726670093882152,1.137694735355405,-0.10362167644607423,2.576672333821683,3.477809085098712,2.5919463709305717,0.3011621117654627
-5.1703018358496955,-1.6621279924033838,1.7582140405286768,0.8915775622022613,1.8151695528901053,2.260718292900046,1.7782584728836492
-3.552342972644665,0.30480279402905164,1.0156432900952552,1.7138447653484836,0.8386025371884953,-0.9662947277821524,3.6311239469857455
0.9632705357573488,-0.8648396830182421,-2.6483560380114435,-2.1707907445106187,1.455285307126577,1.246934862772889,-4.09347256573558
1.012167973511459,-0.7703724009024981,2.6137100225990624,-0.41092800316421063,-1.4324332816062957,-1.339150515193543,-2.218857862975315
0.31807772669174456,0.9163259843551625,3.351935388365925,2.553461240603032,3.4459351642771283,-2.104375862209099,3.361390345586985
-2.364021648541786,0.4377200868280571,5.794180039587114,1.5349030511122501,4.216065720964127,-0.6921372520974557,-0.21759983175468078
-0.593338058973975,-0.5082551476274106,-3.027871406503153,0.5531044279799195,1.2319006987712224,2.1010318206352694,-1.6395201743585808
-0.5083758591662847,-3.585295972834529,-0.5081233582072492,1.5056850162766375,3.9181047741676127,2.271219721454571,-2.8778157521943797
-2.732673382560928,-2.1803086541447594,-4.644607890719424,3.088183007918059,-0.4329239946176222,1.4458243531959696,-1.2562951436328713
2.3944022045046296,-1.5723992452971634,0.19550479206182647,0.48754874506799395,-0.946929542152016,1.843498482265527,-3.090453147520795
1.1885345293941305,-1.0640117136372897,-1.7637104811971556,0.9399513833850681,0.6161274841667007,1.4516257355360338,4.200012509504207
-0.9270568367065398,-2.699632769336912,3.4931561497194266,1.4096304207503152,1.5741570180752709,-0.719831219721394,0.31323095608185225
-0.4496492860265113,2.819840942801901,-2.144644213143658,4.146101814962746,-0.688731738930251,1.293584742032449,-0.19798662449297993
-0.10005066217986829,1.3593154851490887,-4.058152247553568,-2.1070116146533735,1.2902416392379699,1.9847666937031847,0.9840864095177515
-4.434216944351854,0.5198574284669724,-1.7450293378191646,1.719628558969138,0.9419000066713304,1.8982614275850875,1.774827434859599
-0.9775485982925256,-0.796584272505289,-4.801598881290865,0.512700067533637,-1.4290535898839845,2.7134948736704505,1.5635509592372854
-1.815071575600469,-1.1284511610195607,0.5763755213786079,1.5719315884101979,1.5495931778180725,1.8120013433433773,2.0230981127631154
-2.430752504797303,-2.2094559702429555,-4.527167875124657,-0.013550390771380982,2.3461336335413128,1.1426366425501675,-1.3467400906169213
-1.042890751657477,-0.7789169369864476,-0.9729498119505724,0.6338100394149611,0.8351031710106875,2.4907273445722145,-0.9532199067560806
2.9612588252876373,-1.051171189393717,-4.351240954936266,1.9611167775182752,2.768390596688687,0.4336681103764707,1.6947072774732723
0.7329518963822044,-3.106300250774285,-0.5962268280402832,5.475561453025231,-1.5786000237404083,-1.1707436003101939,-0.6301431226895492
-1.6016389986797865,-0.29642344617844063,2.713891076575087,2.129054488701371,1.3520592438445669,0.1775452847577327,0.15377034651088162
0.6014696455316555,-1.3745242931423596,0.6109976153402371,0.009845752470329705,-1.6934355592043229,-0.9138211479070165,1.2241478854043972
