Size,Weight,Sweetness,Crunchiness,Juiciness,Ripeness,Acidity
-1.8338369412463322,-1.2624595786329553,1.2775208321730158,2.166694095333333,0.0741823876833333,0.836268310327967,-0.8320031305501459
1.2553284290777775,-0.5056052834819742,0.17979286530624977,-2.052325200638945,-2.787285465454955,0.0732381315073258,-0.631947468741392
-2.230025224361111,1.555646143522222,1.942178717061628,2.4444529313204333,1.1060217083178574,-0.5019344904187503,4.969983674972358
-0.22470060472499967,-1.5120596051192368,-2.1198987237448272,1.1701949492854167,1.7900656963538464,-0.8338088635128573,-0.02349470591666647
0.31199589594444577,-3.448144372064286,-0.9826165560392859,2.0216350859722225,1.3611109047783359,1.8723063964740267,-0.4523712654285712
-5.086718165015837,-1.7953389934726165,-0.5716220093571429,0.041836967173913164,0.005051455135964833,-0.39666144254144375,-0.5619776886392858
0.347563975709756,-0.5070358785638451,-0.4094431653544496,1.0238825355868724,0.07564701935735746,0.39049130604509785,0.04770013142567586
-1.241626543763889,-1.9141466962252889,-2.524989407363159,2.2627867655178298,0.015081139518059485,1.0740081776906112,-2.0348296121691916
2.200331945006349,-0.9076466432040403,-2.3277351698022937,1.5538110259428577,0.837188155689394,1.0823323404805065,-0.8472077486129032
-0.687791280608975,1.1560153026678888,0.5917678569714284,1.7784533483026315,0.5580244412504258,-0.9742264847500004,-0.925127364986816
-2.9923329663034193,-1.9599491443402455,-1.5874948568911802,0.5506242760500004,-0.06136019668073622,-3.1448501323842106,1.8191028053029528
0.7822613122109608,-2.232514318785527,-4.071959406200419,1.0627706985740135,0.09671817255208282,-1.4364806144357143,-2.629079705332386
-1.3247197589530244,-2.0244957301944444,-0.8783855691321425,1.8924635941723031,2.1223579392083343,-0.8879141992679903,1.9354815053877192
0.2626324990684206,-1.83588602960991,0.0561788388516129,0.7477086227567574,-0.6701475025169374,-1.1587464344184877,3.6856707677692304
0.8497591200197805,-0.2829658317558138,-2.484715054471761,2.0852085085428578,0.7934061651590901,0.1342652826687499,-1.834181777544892
-2.380669770793139,-3.0705085798946765,2.044311198437283,-1.1813712276125001,-0.5007815715419588,1.1193279420049027,-0.06846913881818151
-3.756594697946623,0.3023357280105263,1.2469232652652442,0.662178397395676,4.183770738942856,-1.738784661295239,0.7490774348546582
1.364948385992063,-1.6449151700662168,0.7272936369335908,1.552762759104878,2.1759978466761907,-0.9917567377845797,1.4159999736792115
-1.937857213160934,-1.7205465216874998,-3.2566346911932778,0.7841124544054056,-1.6649190733385884,-0.025067005558615574,-3.2909412501196975
0.005844826499035283,-2.3408117880334096,-0.04407017539696967,4.0869013647418555,-3.509695868083333,-2.583361126842955,0.9295622494972975
-1.3181275521964286,0.8837262609406875,0.7576851377194432,0.38412162054312343,1.6932554568401565,-1.7633603106212121,1.6099661108108116
-1.3221280374910254,-1.2693803433777775,-1.7873530212069495,2.889605429044872,-0.41154565085084405,0.6510349751601306,0.5565037804693973
-1.0316970925998388,-1.3324078217637316,2.2458738820555557,0.5229969058365509,0.38113986345177375,0.601702840910603,0.5616217775216348
-3.757680683379923,-2.4104546951871786,-3.13984094585914,0.40119071705529724,-0.7888376617073167,3.6737890748943514,-2.9335869987773826
-2.5960276920520826,-1.6004855954708148,-0.9114571828333331,-1.3821784765155405,0.7150533806768293,2.989444879181818,-2.979525483174289
-0.6635993298718618,-4.1959839014054054,-2.652287522238461,-0.7446284725322245,1.327784511230488,2.5143231106767683,1.3429629944336667
-2.3313977384726705,-1.4181080822640697,2.291973578939279,0.6598844988958334,1.7843471578780492,3.133466303643678,1.1889195225129874
2.413181690497312,-0.6273479274444445,0.3988851114417562,-0.23118429705396965,2.0586892218285713,0.5574669172132616,0.029689429990909177
2.4128437876869566,1.1078556642099793,-0.14765905594791678,-0.6663980834734845,3.380319035318303,-3.7934207994823232,2.026121541137255
-1.4336718884139918,0.1604810195982145,-0.026076914729965206,0.8373599215681818,0.0431251010459458,-0.24536200965659316,0.11658382672500012
-3.1629943614711453,-2.8898747577144612,0.4555350007495491,0.36945097228872814,3.1387987575130722,-1.691119542831286,0.9377653913961096
-0.3101130619230772,-0.38447994827177695,-1.441554027208683,1.5603357254472543,-1.0794630274045112,2.7495083071081874,-0.8983291658026565
0.8482230549340659,2.250344787718541,-3.2739200075076247,-0.9500142895857142,-0.2996190647666668,2.238566726946237,-1.7748175226029557
0.061892446414594904,-0.9818953565488732,-0.3406156975924426,1.067968017387209,1.3171241614793652,1.378844292837209,-2.1415201140787117
-1.3458636498709677,1.8664774681169254,-3.5016025187560063,2.2681692613326585,-0.42204820676535554,-1.6650166161736695,-1.8713907781187364
-1.6736392050121804,-1.8167455803296118,-2.5297612601047623,-0.16550924357142893,2.7892480744505352,0.9446475310352169,2.564619022077067
-0.5811108516164503,1.0450925184984847,-1.1268013474326797,4.534727088922889,1.3372483344138242,-0.9489131151212122,3.0297461509131587
-1.31333334667316,0.19956396198125004,-0.8439029451026276,1.2222895794552362,1.2755190928466664,2.587804901308333,-0.7754227962972029
-0.9069787787026077,0.0223658390117647,0.10978725062439021,2.4440739624213443,0.42211854696547635,0.9234759270088598,1.1259317985277773
-1.4196324290055644,-0.24706647099365087,1.4517477367761902,0.4669859314007089,-0.8527765476969695,1.16336729137474,1.355039426605555
-2.018083377249299,-0.5880645747303053,-0.09609116158238862,0.047824579305555726,-0.07861573066141164,2.558182143245865,-1.8298405795678578
2.1789397949462117,-1.187023370092592,0.3232740308402784,0.47418743511904715,2.9627610884112783,1.0474927840064563,0.2891644184183044
-0.37371827402564084,-0.5114900884913423,1.0437933452127657,1.2254904215344327,-1.193563056266667,1.2606187459210711,0.616306899259722
1.2220909682983192,0.6830401125777439,-0.45715434173684244,2.6262480875078342,0.9319938825170455,-0.6336207702410256,1.3030496473412696
-3.964911161526316,1.579415795046144,1.0870475485842,1.9137816295049834,3.5568751631062496,0.9587713424109969,2.6698598917248066
-0.29936378556722687,0.800088239797283,-0.3348099764949324,1.713506797984767,0.6205189678437005,0.2316340969604025,-0.33595671094590696
-0.13646175097702717,1.10542182280598,-1.7312139261846153,2.4369088481666656,-0.1856109487904764,-1.201658405123839,-1.6031728015757578
0.21242653806111023,2.5930883747852063,-0.8693835598818964,2.1574378867071426,1.7258318478228494,0.875720019755013,-1.3072941938671057
-0.2605673035266176,-4.872219374171172,-2.446700242189535,1.4362857330287881,1.7792343017187504,1.4035122765681036,0.27347697620041045
0.2742136310923948,-1.4899840327154765,-1.7340217551027575,-0.007999778076440811,-0.13484921736687294,1.253558892977598,-1.9522349480378145
-0.5226883663839497,-2.398135695624603,-0.3652486474522648,-0.18696455853488347,-1.2302704305238095,-0.7548454653936085,1.0828095188584643
-1.01688447320869,-2.916705099975108,-2.7028518527591903,1.5032475996609034,-3.473399288533333,0.5563232040413438,1.923857089983696
2.3918153354324323,-1.3791802892786404,-0.8534586880670734,-1.6391251101333333,5.778106631068453,3.470433027292188,2.6423473851623935
0.32643496361764673,1.403720766368054,-1.500479331124124,0.13825060718315002,0.78925066163555,-1.7857411498052733,2.5932602586954023
2.4149661261357944,-0.5958973198809524,1.5921614407777778,0.9326271264372584,2.981932497058277,-4.222080936252253,0.6504809100681328
0.051547350942857006,1.5722084767477476,0.38878293481818205,1.5450579690596213,-1.74804782859375,0.8044915408484847,-0.9992269042428574
-1.184330145399841,-0.6030393656590909,-1.2378710160105584,0.41443016876874994,1.5648926105122243,-0.7693018491005075,-1.9996125116527614
-4.475479353358974,-0.6573156997375145,-0.6807968018615682,0.8940257943567076,0.2682014848188762,2.434833581447222,-0.37679247412028816
-1.9959627945757576,-0.41372022073593095,0.09732004692013874,1.1439187802441748,0.7802990200840909,1.224177078457143,1.821307204742857
-0.7381119555459627,-0.4817624910935681,-1.292486592110887,2.3973525638333335,0.686261593558242,1.390638955857143,0.9741298910795454
-0.44754407103970595,-0.9253476752269025,0.6451843924435485,0.948085305847084,-0.2514627520150149,-1.8349847010996205,2.3124372280235113
-2.5649116076538965,1.0184386915499997,-1.6620665855365853,2.17097801308446,1.3478505067679925,-0.19808835352519327,3.9209502817920256
-0.9470350470000001,-0.38423600892307697,-0.27354728120881217,-0.5494242712983195,-1.4220024910253701,0.7715570223049095,-0.9756422005100429
-0.8345885471172249,-1.5396304793513291,-0.8737397454289471,1.3855181147569988,0.06490739045108751,2.354844676624711,-2.017543845087685
-0.11375484387804852,-1.885161861222222,0.9441699244261518,0.5003989057817462,2.3839768067647045,-1.5134902601303029,1.3376186437499995
3.4651133241617647,-0.8514570209501839,-1.309693712828643,1.6156602265845559,-2.5292626202916666,-1.1701350777925676,1.8598779282624993
-1.514717970836201,-6.5552738003372095,-2.4536551250863634,2.406931329000903,1.649113443543114,3.1674317963280285,0.1953080119047622
0.24863968503297695,-0.07591676439233475,-0.231257579428571,1.267595788118243,-0.7499269795294116,-2.6201981756249997,-2.4227344256944443
1.6991810789990223,-1.588847235430233,-3.3546639436404764,0.1454288810057769,0.9524948996536795,1.9992222978377185,0.7426513139333336
-1.7609759448722415,2.008457641355847,-1.414933915092803,0.20176512610784314,2.384160602342683,-0.7614018322539894,3.572350839587552
-0.11679538028205122,0.4844985618080645,2.382439598307631,1.402204306006132,-0.17157973432070694,-2.147990001827027,-2.2768318214133156
-2.336073626442584,-0.13775808553594815,1.8926550389323609,-0.7324196261118422,1.1276730307511276,0.714191623738889,-0.22809339999509798
-2.2227803622310076,-3.321376657314786,-2.282591359871212,-1.0045980634455987,0.82901643023536,2.6443674308000005,-1.4183691410357142
0.5792490952484128,1.4222210844967091,-4.733927000644249,2.0950581360148837,-2.966299395894242,1.6165903442277785,-1.6140190804234233
-1.6283727691744703,-0.15951371259393526,0.3374955656952382,2.228503858226351,0.2701603092738969,1.8151263403530464,0.549360472708621
2.1758760928119854,-1.5108082282705944,-0.34228346733103393,1.498594413075251,0.42701444304174596,2.42278037107193,-1.1526225634593836
-1.775056525965517,2.477610420729885,1.9840925396388278,0.21033766679069757,-0.9160572403769923,2.2004017564012814,0.9283166015984847
-0.765408655173194,0.22735115306111087,2.621392022904157,2.127619345145387,0.9611098773980264,0.6932405200861094,0.48405968157551693
-0.2919911459140536,-1.2906193882754007,-2.636560148866028,-0.9266816548082367,0.23303390824387193,4.474872529311157,2.7404900940390204
-2.944346330967908,-0.11116459400825862,-0.2465247646131578,0.9046031595334901,1.1546234388609915,-3.788261752213889,-0.395034475283966
-1.216572712929619,1.5786447805194592,-2.139386983588234,-0.8614584856719697,1.9992428065258927,2.213600857236842,-1.1576449004125187
-1.3610635267316178,-0.633236336896291,0.08031464933838417,2.027760033946242,0.17684756756410258,1.0054803854405403,2.0941899601729324
-0.08402288471503494,-2.5779895342747245,1.4014262977371792,0.6160770388492065,0.35004813000526314,2.783446159049694,-1.206254518550874
1.412798261280435,0.7653845591388888,-1.788299047820849,0.8483876206991583,-1.006280706096491,1.4021368717857143,0.25209149928282837
2.2215969063732057,-0.7772885662396094,-1.3051415359018492,-2.5733714966160717,3.0848864749210527,-1.3198430878731813,2.699065147162161
2.985435484703599,-0.2132558535294119,-2.4009571833274856,1.0750167532678574,-0.0704877568186345,-2.4307878009153114,-0.36831104831071404
-2.2927157347837834,0.47138946112790686,0.33855645345378815,1.2552440607731092,-1.53161301359375,1.4454216440660899,-0.29183932886591496
-1.262341015324999,-0.6982372916323374,-1.7845877529999998,0.5169549190996812,-3.802737673734199,2.9933050593333332,-2.125553982726297
0.3661750899999996,-0.35335245895189193,-2.519758939903362,0.12740030217429105,0.9591854269710649,-0.2912824905952383,-0.272846307559829
-1.071145873133497,-2.058785761205592,-0.8475347255292792,1.0571831440024395,2.872159033291498,-0.7652667598017093,-1.8091212342281284
0.6179361985483194,-1.1725898897256097,0.8509760925277776,1.5830710529907333,-1.6043674195769702,-0.5065419895902254,0.6848127483614717
0.04528286581159385,-1.041791556983871,-0.5030755011310815,0.8890709470370692,0.7062534245710226,-0.7017286178619047,-1.7426628973843108
-2.8710822735523807,-0.7078499102852291,0.4018302255303601,0.20214324074375045,0.6306614494848739,0.8242808669824556,-3.916247901981251
-3.882493940213033,-1.9355790852333332,-0.2162566181864661,1.1059833224356368,0.378182420922917,2.024479738460163,-0.20131378129054056
-2.1099770149142856,-2.1288393890186392,-0.5148691824601452,-0.27391506731896564,-0.49152618410256393,-0.12992258178333405,0.27627337358496784
-1.0542889066441177,-1.8994331565428573,-0.29194949206430154,1.9502067002411763,0.7150285285568989,0.38042941681318765,1.817791056692308
-1.999905625439025,-0.5731826275868208,4.911574554510029,0.382844235361111,2.96315095781746,1.195768639291892,-0.40651113896071434
-1.234474534472727,-0.9632375483233764,2.7326564173581396,1.4157780650758502,-3.6279791342581698,-1.1607932356153845,0.1996646675757573
5.0137413034493505,-2.465271264377778,-6.379484779791793,2.436392740546826,-0.623813064188347,0.17968124356470594,0.3835013930014618
-1.333563365710526,-1.5852624946260507,-0.4694896040149355,1.3548691051103225,2.9183927285999998,1.8017806443341604,1.3050040082017544
0.7194891742774245,-1.2462064042960317,-1.0471501638405447,0.7194410843047832,4.079814944011927,4.571841189771431,1.381013783884828
-1.7905898855133935,0.4558102049994426,-3.2925249000332224,-0.5555899531936173,0.3385961748725492,3.2423989168388885,-1.1840482907115386
-0.1570673736619055,-0.5986550515836694,1.6139510461547049,1.9860853070486302,0.13662272704518275,4.05472732572973,-3.8489264571155406
1.9119843390333333,-0.9739699845135132,0.006389481974358943,-1.4058701325069212,-1.9065001591856618,1.2092575323573975,0.806928308849662
-1.7600868762249575,-0.6204394422506777,-2.014355148237162,0.9867640699965282,-1.0348415935672726,3.744894785952991,2.7580764098641457
2.3011241732449497,-0.6076034997431394,-2.338788769150735,-2.2299625839777177,1.3042298364125133,-0.26226590531578964,0.9704615179446157
-2.560183746958042,1.8067701787900328,2.79343329963492,2.4921590492732797,0.1083996372259618,-0.6017486147353477,-1.411017655445003
-1.6268453023117653,-1.447607144220211,-1.904993405559725,1.2741399339360269,-0.8219335109189798,0.5794395709913622,-0.4794369736873447
-1.661421420737143,-1.4619076959109243,-2.5522726472885022,0.657173272392157,0.8414713234571428,-3.4137052033815123,-0.8990821640445072
-1.1001544641871628,-0.04785212804749617,0.28344697557619036,1.4121539077666672,-0.19723080391158593,-1.0063967971750007,-0.18486368268580555
1.337683496114942,-1.0864434592857144,0.25647592574955436,4.078016530994266,-0.35413047989532476,-0.10038568760606026,-1.5686485139265425
-3.5785932958333335,-1.2196600098055554,-0.3305019641948719,-2.111363693843956,2.958122297,1.6471776653397432,-2.3660801831901965
1.1895677639409092,-1.0680232905965812,-1.2391810066615583,-2.9560699066813854,1.1270227688859644,3.8728475522083334,3.002937503807895
-0.02816601347777753,-4.2641266905758926,1.8542557532896742,0.8846427472663861,-1.6205090847066534,5.176913726396428,-0.1942225325120298
-0.026797968317105347,-0.9869940270538723,-1.3889357511860465,-1.6105430182209903,0.08651362772820459,0.13550315722689055,3.5091384038041387
0.6779362680937502,-2.331655400086043,-1.6155724001980267,1.0774562346200773,2.8764811640731702,2.973996372646905,0.24835641453545132
-0.7929728974447414,1.0421854698902029,1.1327211910507935,1.4996405359900895,-0.5100643800819786,-1.5953916365999996,-3.0816083887513512
1.2168236943076924,-2.007399739053968,-1.9407691541297218,0.014544761154545505,1.9300338205493424,2.324596130492308,2.166690932126786
7.023045296622728,-1.6411829940810816,-0.6190736977033162,3.727189803656977,0.34412956028131336,1.8287722528666064,-0.9831063496083916
1.924615825770141,-1.9666517273141892,-2.6274529012903223,1.146694623623599,2.7351708512939026,0.013214759172087032,0.4630296687552451
-2.4654960714947736,-1.5281226448542484,1.7821851554092425,0.5138495926522048,1.612887922518382,-3.7569799324573525,-3.219313499878033
-0.9615331163514286,-0.8482711060841268,-1.912562167514286,1.6620918963055555,-2.8002755855225563,-2.836359538925123,-0.3047178830043288
1.0684066029865495,0.5086498775581889,-3.7016611000942867,0.9474566195193311,1.23744818942577,0.1526518535,-0.4550793479327483
1.637887382763671,-2.1727654869752326,1.0574129701985095,-0.3145758542467306,1.2263134764880954,0.12874050567965367,-0.13488216712954992
0.5347408452223501,-1.7946282038513521,-0.9861738756834655,2.4342052430926913,2.275837886164865,0.36686385311458336,1.417283874191215
1.7242606474548872,-0.5263733820873187,-1.4802413888252253,1.4531864753421053,-6.240387117524475,-1.470047510160976,-3.2639813600331706
-0.45082694595655515,-1.8264169782088238,0.3542330570380965,2.2949154150753968,2.4960520718555554,-0.1442103711326017,-0.3634788269500002
2.011503167509868,-2.9596626896015144,-2.282737176442435,1.6057963240457385,-0.11488927722027967,1.4006530786158886,0.33144812861711714
-2.526738008277352,0.7278724239197909,2.396538852800872,1.086493461517361,0.857689604504329,-3.1942745060143585,0.2043732932996516
-0.3151265629696969,-1.705147132594758,0.024574361323232652,0.5723627158245614,0.8126180670017238,0.5200488428854165,1.1445110545174884
2.1530192315785417,0.2223658250540545,1.332058687982455,2.227213940110924,1.2246141747372818,-0.28516282703603585,1.743382041455555
0.696096493876396,-0.8979513553611113,0.5772514394724362,0.02308060363008113,1.2507315747613448,-1.3121083660641841,3.0586227065588236
-3.8552043473760165,-0.07469917828632511,-0.44870069071701135,3.619324567126068,2.213104156349817,-0.2372921982263183,0.41305346049420844
-0.011505217404411239,-1.3659772709887705,-0.984509483586207,-0.32774794157869064,-1.8516422711897536,-3.366701269129054,-0.2833310270011905
-0.37983283765766584,-0.5905167616333337,1.7581975027597405,0.7040865825641026,1.4111147983118277,2.1028926496453533,-1.872301961225644
0.37786358071148696,0.6907643275277777,-1.9231708628122601,-0.20562515723529418,0.5626073821363923,-0.648874457693694,-0.09426631137065644
-2.6397655960044646,-0.43812773868982635,0.0018451328420607815,0.7142520013846152,0.15808134076766944,0.9689893076605756,0.629874518012605
-2.5449744363636366,-4.463669057636622,-1.0101584449439394,0.9522146051091147,-1.203526120071096,0.5140356294517242,-2.1833449557738103
-1.4597683261015872,0.7586595177250001,1.255778421998804,1.1401222089206349,-1.056372244553708,-1.9870423424979797,-0.5019170723689219
-3.245009930657143,-1.5193030673496235,1.4116183959003665,-0.6943820882900898,-1.46029938668265,-0.42435057603846205,-1.9695219623145646
-1.2905209279529917,-1.1963264688458648,-2.3165694725919663,3.6676439070351354,0.15060802340000007,0.3264531801031295,-0.8993946474089617
0.766702065197024,-0.5849039537872178,-0.6798258678388891,-1.1028411870171055,1.5185624053790852,-2.3886557410128786,-0.15196477866282865
-1.7734536032668584,-2.03570718364375,0.9212326793484851,1.3793412102503064,-0.25163579471645026,2.0072823067344028,-4.473551872411823
-2.4405226725416154,0.0411447607521363,-1.7005806030857142,-0.05933488470625048,-6.520050563676519,-1.6240297070974028,3.4973223181289477
-4.252142700426481,0.11491317640660226,1.971601456989652,-0.43712510566346163,1.9978061621555554,-0.8043119940691178,-0.5368539615877195
1.6942304553995602,-0.9592188702990196,-0.7325171638346415,1.9934963853783785,-0.6820619031495017,1.2287762778999998,-2.1319591439941394
0.45125031388928505,-1.9236656982392857,1.2350893833816423,2.1791806606073263,-0.5123578391347517,2.1122578839296513,-1.911034310234394
1.7141935939888888,-0.4728956083333334,-0.09130608683225816,1.621441950507778,0.41067105448837193,1.5793952968382354,-1.1557996209768995
-1.5746544544385,1.0059828021603128,0.0796546451966389,1.7524241939124585,-0.004232833981196338,1.4922409340053027,-0.35127206454463583
0.5804872896714282,-0.514398890051724,-3.2599320198851673,-0.6917891004900183,3.842974361528572,1.2107499894703948,1.1175548865419578
-0.6583277782032164,-0.08476664963943525,0.24548748998006342,0.902460518174923,-0.2640379710462519,3.4596940772179483,-4.022355099170941
-3.692370572946774,-0.867857827547059,0.2075323539677419,2.2477933597250006,-1.25526422455905,1.1604209011831506,-1.3813072034718183
-1.5092699430306618,-0.2615178151981994,1.3668996181566502,2.0363946899952383,0.5021504115347224,-0.3131899641213449,4.692073065344948
-1.966905162392308,-1.111382620879279,1.7703178576044225,2.2787889845389513,2.9832403105666145,0.11804617204444448,0.17718131800763992
-1.2953005282444445,-0.4912874713579366,-2.1378618625631316,1.1137475553991232,-2.145325800765873,0.6865777230050677,-2.48395484753125
0.7904071212777775,-3.3321891481811594,-3.7342703090097733,1.0427694430945949,2.264528451623385,4.370664496994933,4.772514933058274
3.816080645386111,-4.081691279444653,-2.8141780817825564,1.8295790779766916,1.0576457375647956,2.0049866994666665,-1.462442250523809
-0.21825498345238148,-1.703581466098862,2.5230221732737808,0.3969052151707316,2.9572255269550003,2.34191170847318,-0.17512812500120767
-2.6213496470897435,1.2957924985,0.1865370836262626,0.9747968703253962,0.21620964696277264,-0.15020236327700331,2.430896987767094
3.5533073148187864,0.06566155317352917,-0.2930587284857362,-0.9563870221282056,5.034264399333333,-3.1537321250837436,0.1658029630186606
-1.5234310421245825,1.6583346894465807,-0.6719268999659442,-0.23456788211331675,3.4962559759743597,0.551506387342857,0.10140081122222233
-0.1385015014318185,-0.8482179657639888,-1.4549705995238098,0.4344988429740259,0.593381034564286,0.01982573267567588,0.2594566508348486
-1.2563477060627533,-3.334534009192077,0.3597033273156144,1.5836125467802953,-1.3158787518000001,-0.03323761765161626,1.95712754935
0.02943010687413123,-1.6311587063957682,-0.412415026612045,-0.24180608490486266,3.2278324533060143,-0.9877527924333335,2.9879722714506585
0.3920148505500002,-0.5002131596857144,-0.9710142286802866,1.0141985377401959,1.6778216072845344,1.4106316297017427,-0.4925933523421054
-2.040709145671429,0.8485483521487177,4.293094506036857,1.4116692879305552,1.0588171787948715,1.0134335511987314,3.070286082567628
1.4578594804909721,-0.4993173565598289,-3.6376071179488294,-0.3219745227035089,4.342247821830232,4.181419522642802,-1.489542969219925
1.2923726717868333,0.7549869674633716,-2.734500040974474,-0.03786507488939367,-0.1252185344893615,-0.4588929545615563,-1.5764991256883014
0.6795391903506403,-2.962239061838889,-1.7882855920983782,0.26095411125407886,2.071033083722222,4.284253141602521,-0.4334687621312503
-1.0806021576087674,-2.065342551099884,-1.3507349148025176,1.4010775587263256,-0.3732458595067074,3.669674783769231,0.9980329032705872
0.6534290502406016,-1.0576520595286167,-2.931713146809475,-0.06694964520512847,2.47529920271982,-1.8161879320578707,0.48366133807073153
0.3926226283895471,-3.6230689412078814,-2.75032417061111,1.6941035421821424,0.43887075449095003,3.356873383315973,-2.6823343625604386
0.7735279101190476,-2.476890810431688,-2.7140393670801037,1.257160858164983,-0.9759863657930402,0.01918540533410873,-1.1174302841012917
-1.8418935616617458,-0.6380202378232761,0.5265087300022866,4.125238728683108,0.3170571036174088,0.8668310766012547,-1.0383591273095232
-1.949547225369963,-0.6584373907495258,-0.5870831454055262,2.3292314602624433,6.503968649761261,0.45471289213482136,1.2918318341856065
0.47441883750255665,-3.1148460081733766,2.0263698575833327,4.093606752909177,-1.3627406778444444,-0.9766848154885618,0.1245161667054947
1.3519896991945126,0.5855633672305197,-0.5225917154433604,3.0496918078157895,0.6627903853988535,-0.9960711888609097,0.29919587157083316
-0.1878569031351351,-2.434781318247837,-1.0307794369383751,1.319798167075348,1.4151392748582734,-0.5372322280058135,3.754283362499385
1.44388452640625,-2.076567440867424,-2.592301126,1.998248236281579,-0.8826086282727275,0.45017325236948535,-3.7560108363806304
-1.5749342512692306,-1.4182016939924118,0.6091249128887197,-0.28499801153869964,3.014161854272727,-0.24839519735204446,-1.485075277463637
2.9561345584609757,-2.630490367619779,-1.251606162831053,0.5872394872408291,2.8841777513607725,-0.8477435013170733,4.628387564476974
0.3789051574385965,-0.8145739513201673,-0.4158792004791205,-0.12401276716795873,1.027216892778196,-1.5706683790357148,2.2407918662374584
-2.223309666749437,-0.47827562332243834,2.5168664221188313,0.7507679068678954,2.7830264255491284,0.5692430671571971,-2.616412011828572
-1.771424663925396,-4.282003791141065,-1.554576394064516,-0.6221193065721965,2.0546325406609687,2.7513171623123545,1.9629827897691117
-3.5113360001381384,-0.1953879673156863,-0.8226637579008401,-0.051525235477272946,0.013043025417562859,0.9027800880412488,-0.6112598143519736
2.4210861834459063,-3.0546299446618823,-0.2924830062017141,0.6272396238266252,-1.5830600705091573,2.2839384919944448,-1.3432589494657283
-4.644761034221289,0.10924415001994303,2.562061066513515,1.9659280396153846,0.5546339171281853,-3.333088777347257,4.319804895472223
-0.17233345999191907,-0.2435869415070303,-1.1774051853425929,2.917468221825641,0.8001354259709675,-3.2979881075833335,0.4635176066759583
-2.531316747476874,-0.9524949423196934,-1.1634651654062502,-1.5936214570505054,-1.3417227895429489,2.8845174602149286,-4.278430800538889
0.3211852967045455,-2.970590527357624,-3.1415841796566104,-1.662276753611111,3.415252913387255,0.9111271821326012,3.102225866791935
-0.06145975646219526,-1.4364518533292683,-1.8670342439393932,1.9054007590826925,2.7967697815485932,3.1182172960222223,-0.34239424152777775
-1.8629593305623375,-0.2640231928743373,0.934922055592278,4.410748459334559,1.6680163886121164,0.19844369045588228,2.2056372937334143
1.5593875861739939,2.6028056798151784,-1.109226884083916,0.6761892888290937,4.5456864037841465,-2.7700919401290323,-1.0772771224672617
-1.5167251611193187,1.0459629415757576,-1.8334116454715506,-0.28882986511031783,-2.3682297844571427,2.3986972709466388,2.016156069474359
-1.8326547073352824,2.4123133412924838,-0.265307319577778,0.5536897965792686,1.641899191493359,0.7424765780606061,-0.08658043681538476
-1.593497894802287,-4.113453901655038,1.5429211205478799,-0.22346376136710544,1.0139129580253967,0.4878669528172521,-0.6877801295613638
0.21454852090441723,-0.13890858283333274,0.4180833744679491,2.210491519502778,-0.7500702549270836,0.7095365281666675,-0.3267429616739132
0.11827369831111123,-0.4347357221992336,0.04865603503984947,1.0323941534375005,-1.8455870411159665,0.09453236158355449,-2.316940954018648
1.987212413177807,-1.0095082297946856,-1.7467449423074455,1.6395501100438596,0.5343318763428568,2.322462895922807,-1.6571815966410104
-1.6126820697719297,-1.534294112750451,-0.5121540920760232,0.6583899765936455,2.348198023302934,1.8259843863530465,-0.46668892393500305
0.5102876622510872,-0.5193326675288459,-1.535956460195238,2.305944306846053,-2.4058102580184877,-1.3431133329491252,0.7444126606499999
0.5395311062321428,-0.7180560617812503,-3.375578041761111,-1.2456772044619049,-2.7928626345761516,-1.594054278315416,1.6092727678910301
2.64157920109127,-1.6654736280325917,-1.0874736604460344,2.145635352611969,0.10530994281760436,0.6601897559581698,2.3354976793702362
-0.18939235195135135,1.0765287932840029,-2.1628932260367586,0.9184040137225757,-1.7035260630360578,-0.18538196680988128,-1.1509203296903154
0.8326460847706173,1.0346451573858109,-0.7169922936249997,1.3393742625671055,0.03608265065497063,-0.827350268442735,-0.26205224596794485
-3.628419243969444,-1.5384589109515359,2.6317127109909095,1.2661856704292893,1.7546107058510914,-0.11012796886090226,0.011107382187179438
1.5000815134969039,0.9950366145960785,-0.9421228990791234,2.0127427819955357,2.4042308149162244,-0.47068456967714256,-1.39445740758489
-4.35017146505244,-2.3045522991136362,0.5024726124079053,2.414520652222222,-1.1937015205,-1.068813649486842,-1.4013690169741533
-0.7673945148969342,-1.5058008905086027,1.404849863316334,1.0735541605090622,-3.0137558663253965,3.0194778730155507,-1.2542427164555559
-1.8189079853963412,-1.93936901354177,1.2367273713212354,-0.023162194871754416,0.7000355490050678,0.8000298688451825,0.8042662197934209
0.9592909869069769,-1.8615321865959593,-4.030400483874027,3.3229856691833333,-2.078712857700333,-1.637375355004808,0.5175748432964284
-0.1953820713055552,2.1732039188714283,0.42840358018306435,2.203676194912385,-1.9623171863114572,0.25005480900757604,-2.187609618420635
-0.39723873324718356,-3.064583409166667,0.54442513298661,-0.26735675984941537,-0.006782257655318702,0.6160213532797258,-0.9080923797112465
1.3003091499591506,0.10034605637142854,-2.9097089250276498,1.302312581658306,0.13355669546850973,2.531182780834848,-1.7400362224444446
-1.4207112446907564,-0.6995107478528528,0.5927193600266105,-0.510235117159091,0.6323638293579857,1.3390167173772727,2.6397158178833977
1.0811841594791154,-0.4793219261125002,2.0632840002380948,0.0820946150303028,3.9711752948699246,-4.594354662648649,3.4328061368487806
-1.5015952769645255,-0.7684350660131581,-1.0298818027363636,-0.15873305981578967,2.062429315517857,0.16786694088675214,0.39287298623099415
-3.235047940259469,-1.790744917561618,-4.36109036439329,0.592128173512763,5.306311338222223,4.979395460012068,1.006121452080953
2.16571300175,-0.7476566572400914,-0.293589015137631,1.5594572893747232,0.7706287569910258,-0.5674175712999343,2.0565064425551283
0.6348600240681813,-1.994936462536264,2.462659468569697,0.34289889129816875,-0.4894889021880957,-1.5410734735100489,2.9518720629824564
-1.4807094644628487,1.4680097192196968,-3.011703045003367,-0.6973331973381579,1.5012880510092592,0.1320608508212121,1.6994179668734026
-3.81381203007317,1.0653910855526312,-0.0496229618472222,-0.05557451290000004,1.8271506805262674,2.1926704392956813,-1.8572122295714286
-1.0352313174166663,-1.1276027896333332,-5.533685731047617,-1.6985448831354724,1.7122932271883928,4.166312881166666,1.437399619637931
1.5847086862954547,-1.9953668057196965,-2.0473100733184895,1.6913827120184874,0.1819091759928566,2.68364318278125,-1.0569840295261261
-0.16616114310011088,-0.8221472622571431,-1.955867362289473,2.4543198794960253,1.2011906825867622,-2.6343150117896825,2.6825537042867955
1.2396690552466736,-0.009008094933197874,-1.197080827677056,1.5286653259682543,3.633772609218254,0.09938573024815733,-0.14379633581277051
-0.5082607042760181,-1.5195454891294031,-0.05874164501282042,1.0961559062087916,-0.3629810246935063,-0.7965779142196429,-1.6384581929451951
2.7534170910426736,2.380122819794445,-0.10645766991465164,1.492973290946314,3.262489982116176,0.4076902659899569,-3.489746470079365
0.08960863766436211,0.8187623018578395,-1.7338515799194576,1.2737602922500009,-2.0099799795952378,0.356414532776557,-1.848376583842105
-0.8830162436994262,-0.24818040477667658,-1.3994982762693606,2.175717626838095,2.9828881867796255,-0.6248474309629016,-1.240012744814285
2.771057686159627,-1.4500853031150192,0.5167829485329268,0.024680330560975627,0.9693012409978001,-0.9615273345871143,4.240907819404764
-0.6301670342477135,-1.6392257585613443,-0.09127817994594678,2.2018576575595104,-0.9973820695165162,3.114381477425382,-3.159720960252688
-0.23699177163888918,-1.2099560324385557,1.1564469340937498,1.8843105556232111,0.13004421878125005,2.8009804421,0.5322976670619048
-0.6465601236774197,-1.2823622666099745,-1.798635895311111,3.2559503009909276,0.44779721841666603,1.1155228209507155,-0.1365852922068449
-1.4256628166805552,-0.3923285130912666,2.2875880431282596,1.9757864513891896,0.43898208427083363,0.7436586828402908,-1.0773241668333333
-0.02739784681896615,-2.3563709711220087,-4.009398538857142,0.39655574483682965,0.4761866261000003,-2.168725312133333,1.4373667119238789
-2.9928807922525644,-0.7637571149596092,-1.1846960652354308,0.12336569579564838,0.8824642701212625,0.2559641185720586,-2.6301955818734695
0.5134096361666666,2.1557418434444444,-0.6921168813212561,3.293649448684211,0.8671346070947252,-1.833491606366667,1.7363122143593983
-1.502927336815789,-2.446461413080231,-3.7257700046858293,1.1024730423783784,-1.81201152640061,-0.14120935364522058,3.988116770783333
-0.8508699778565483,-2.0778345385069446,1.8280336336029417,1.9070337722027615,0.3807213784442198,1.4562792370777777,3.01005708411471
-0.430507495918919,2.4751417821351356,0.4970629885170388,3.0682383592781814,0.9150916664982383,0.9355709799736839,-0.04775942097379039
-0.828112260106409,-0.3384784444338183,-5.495491498594594,0.762574430575,0.9340348508469551,2.948963543763462,1.0919482979401711
-0.20515291519642898,-1.9663071538273023,-0.6605283115900904,1.5227621522708334,-0.18353277717492267,1.3806956788888087,0.056759588638889025
1.2104683435243673,-1.5792602291111113,0.18960531283333337,0.001358686736607384,-2.1426747260523653,1.2034767929250003,0.5531910549902399
-1.8048795911062496,-1.364436950125,-1.9192767049585326,1.0139560762058824,1.277994164902255,1.033716365623016,1.0404505687730268
0.9349756591916669,-0.492869915283117,-3.0137141328548873,0.8928611682317573,-1.0836037701142853,1.6875030170448722,1.205889368681488
-0.8276837783701297,-0.7838874738616072,0.3528817419142857,1.0683254081249998,1.9129154910698927,0.15950022447317086,0.23795928902857078
0.04513409016911796,-1.0388141934963702,1.756291010452744,1.1149392479899611,1.4700104631428563,0.9184980302571422,-1.1192891003805192
-1.0523924208006736,-1.863587933798295,0.23997406544087835,1.1878215933085365,3.6459789351679315,1.2242661321024433,4.450175299
-0.056555725333333084,0.05483420597222233,-0.7336259646698065,2.64444862912987,-1.0417850455397217,-0.6542573786066066,0.6560705205237125
-1.2347822308447711,-1.5270827730049341,1.8999690670055378,1.4098400686220591,0.2445771557380954,-0.2978814509272959,1.8703113472199073
0.03757956040793653,0.846635964417749,0.5980765038144217,1.5910973114904565,3.149402839275914,-1.957581509208791,0.6212941381125541
-0.5953574112608693,-2.0581310305495166,-0.9078464171988634,0.73402093412406,-1.4534555531819382,-0.7072925079870691,-0.9917696925390072
2.3115289189298642,-1.9583453904202082,-0.7511301925845,-0.0649324441824557,0.37549393650412627,-0.8919421731490929,-0.6926559261445625
0.5702695545482253,0.2973709719406157,-3.5026785568888883,0.9395863436124625,-2.3120132851428563,0.8426568448265148,-0.49257203881250045
0.2653157608939393,-1.2444800125104167,-1.2986858702333335,3.2929505085128676,-2.301896434141528,0.4001125828511277,0.4353480620107143
0.21110520913291952,-3.7490556402661754,-0.8468593286111109,-0.3488281833202001,3.6117375759767443,-0.6968547137783786,2.3057057290499317
0.7760302120784482,1.9042236080827584,0.3173423209839292,1.7253828348172346,2.048564410909091,-1.0118047073055556,2.1362490063846153
-0.1041116079101479,-3.840963254958231,-3.0593976417428568,-3.186628848033429,-0.23805736877406936,3.3472655643849207,-2.0875993331
-0.6427031595250002,-0.8559824815833337,1.6145553891000004,-0.6797638472173912,0.26877926709047617,1.7414122097761437,1.0901659573484848
-0.7060294759836419,-2.107217300153171,-0.9585534195920306,2.3769640360308086,-0.43221323396918754,-0.5902535132118906,-0.8891170901762361
-0.5766343781650793,-3.41159851050976,0.9368814042812494,-2.4749741258012428,0.48888995809890057,-2.786587672967742,3.380091019037323
-4.506873859616711,-0.5515859207443181,2.578928679000678,-1.4057073015810813,-2.5422789284,0.4732052087736487,-1.183114125805555
0.789524876681818,-0.49238370490144234,0.014887364425000271,2.251983361472659,-0.17018832332236836,3.157120565391415,1.4472592270129032
-1.0485892398330676,-2.4596237049454808,0.9378374414592076,2.1444457266360293,0.5289899733873016,-0.7428220861440472,2.7276546927931036
-1.5178837932774247,-1.5769824175619105,-0.7747561516764709,3.357858174080092,0.7052451102431821,0.4808845733418803,-1.9876426838382812
1.1620378323809526,1.886047120266279,-0.9498953838333332,1.0417720131888109,0.6174465755671796,1.1078216963431373,0.26097114575042746
-1.9441356701545898,-0.4884134545453782,-0.8969524204054062,1.6413206003686371,-1.6990259599642856,1.3505590140588235,1.1363833981623932
-0.021077191033333498,-2.022923924957509,0.6748924169993565,-0.18056631539274193,-1.4685418234718612,1.7865547813212668,0.6163615260599999
1.709380750957143,-0.9528285107558149,0.1089418014961065,1.0035435448476193,2.9648479941969903,1.2641804778700463,0.8303976183783782
-2.702255351261539,-0.6989776255637068,-0.16426528255152006,1.1115743359734847,3.0154805932552935,1.4381308613170734,-0.827698518397463
-0.7548818159906758,-2.5861769497251466,-0.9661949192196793,2.566108982130533,-2.3526301364888886,2.3693138185225227,-1.403608703432432
0.9065033197310296,-1.56566394510989,-4.410896066333334,1.3208348137802202,-0.4171275573582416,2.3028630062935407,-2.6670918805530306
1.672146645891199,-0.15689744888125012,-1.0761428965725899,0.45228289198928606,3.097603355081196,0.46672466570166143,-3.22677713140834
1.420163595714647,-0.24242699117049768,-1.1225502300205135,1.878447695518924,-0.0743237922660025,1.5013898252773892,1.0083977451597774
2.498115480811522,-2.438260557452326,0.8039507790794045,2.649246963153358,1.8832953928256413,-4.1825113749857135,3.9857002612446424
-2.8492421194545456,-1.8115304768196592,-4.113237630058413,4.208739201873547,0.7239165779294658,-2.019907105669118,1.9121493576722495
0.15951174047560981,-2.552652569396969,-6.6865468403221895,-0.20572181333993966,2.3261331898790543,4.532119446591936,-1.2331708677101068
-1.6508636206794436,2.24794684509375,3.8257380712495546,-0.1622476175083336,1.88165009505042,0.9123344798444443,1.4388531476329671
2.411144890342246,1.1457966885148994,-2.546215270695753,-0.7099190731445377,1.7833032667933741,2.1917237862359924,3.257462683548538
-4.78674035157619,-1.5485855082079412,-1.143514134374359,-0.682873941314921,-0.6049341413672453,4.001547884916667,-0.4178458817896822
-0.2901451139318174,-0.10716611973311174,-0.24565296319444396,2.1885152488269837,-0.5232757407818532,0.23795111884444442,-1.6142498657346103
-0.6778509003555557,0.1914143523713004,2.629722650628571,0.05230729845409421,0.69441874336815,0.958000351263492,0.3705210935344132
0.15594023888699698,-3.7159495821818185,-1.2292672046060606,2.1721008272570854,4.748984032149999,0.10296378122076077,-0.10680332678205134
0.10775772372972969,0.8944289279570748,2.3118276614029485,2.1461591436272727,0.5654098831964286,-0.47515163231578983,-1.115027585625
-1.6513178566179363,0.13077682442276406,-2.3554562463926425,2.4802813703902027,2.409107866708891,-1.199811869936975,0.5051580836737969
-0.17554198165909107,0.7095103939776063,0.7364890863873952,2.5675658944255817,-0.24407404583538078,-1.28210477216074,-0.029146118155050083
1.017248510096166,-4.65460063631915,3.3892228807160167,3.6616660716285723,0.21830421604999972,0.23492263424444357,1.2204590806918918
-2.0206973228784726,-2.7598826734652775,1.377354933081933,1.0734062327606835,-0.2338214713408744,2.153523915974359,-3.5709038090598675
0.12002385907755139,-1.8006758495577238,-1.6803067306514934,4.4454146709181686,-1.5978193857103176,-3.3917389473833333,1.6157799226472722
1.0379112420616545,-2.114911125400319,0.22989799371328679,0.37262300836461404,1.7639040102575188,1.5638202653076922,1.2790833803033783
1.5234915464068095,-3.705766169877778,-0.22608287645852676,-0.8331351872491759,0.9358635347555558,2.731122305212417,3.0935454911994134
0.38982135640108373,0.8344497246018436,-2.1374984852142855,-0.508017313528571,-0.12289504200948509,1.4065555186222227,2.7945987417676768
-0.007457868048238503,-1.5575910591219693,-1.039703101354839,1.0652705679555057,0.5829107373917113,0.1642469620647059,-0.45374727650622715
1.9124077738403846,-1.2032629512996678,-0.4286247693789298,1.4064231085945949,1.6251034340771753,0.06797652077647054,7.5794562437
-0.3119500978888887,0.5615938205256599,-1.3290983631802333,1.0519709123693382,1.0284256274817924,1.7701611205268901,-1.1213323925047003
-2.1829959565147585,4.573244492978619,-2.3710893558055557,-1.2099779230892855,4.5888536373571425,-1.6166399966180556,-0.8739693434322975
-0.49479092860863116,-1.7544297283995944,-1.3369569975833338,-0.8923439189428031,1.2615069957369278,1.2523958196249998,-0.6041725669136306
-2.9712754142415334,-0.9174945407918318,-2.742361403148567,-0.793448145045588,-2.731637176289378,3.1213711135428572,0.595597859221528
-1.1919584609373617,-3.563200396604166,-3.916190264579151,2.984699635518391,4.709920852,2.1534616765971473,0.769977452795708
1.304474580210627,-1.0290764764274511,-2.1617431146365576,0.14391196899999992,2.3217488937807254,4.370703617619047,2.830934912934966
0.45134492480769195,-2.606039258829557,-3.8546174043401242,2.639667491966463,-1.5173460642924839,1.040264274364516,1.0523720223073578
1.6971281762862744,-1.806596497033312,-4.6459115095882355,2.8612301568063487,0.08121020147089941,2.2897298965714286,-0.6870035817898931
-0.29486406895238104,-1.1733569513984128,0.4292282596794874,3.4175580177471043,2.0393228763796993,2.420217846562653,-0.8023770077831656
-0.8620801598055559,-0.9846768692472222,-1.532044489847007,-0.1566817888284313,-3.637405582583334,1.6126085058819446,-3.0423382794214935
-0.20498992145,-0.9282385257091577,-0.3067758456764706,-0.14016984845354197,0.21936225546718147,-0.5181916781095237,5.270631105382318
-0.7030965229000001,-3.461874601959302,3.352146869294981,0.23851198914823735,-2.8824972706636505,0.5395793911450744,1.756601986429429
-1.2749053399023769,0.6253182503543124,0.6521962725020477,2.7675086869610963,0.4527701401333337,1.3161941163431372,-2.457497965864865
-0.8556913966453633,2.890516042756098,0.36460098482462444,0.7236135605786964,-1.223499582134675,-1.1665108120930232,4.450018583521004
0.2264969051984127,0.8399062359628482,0.9419800127269848,1.5446488860789476,-0.6094765415163401,-0.22288211983676423,2.216688251709678
2.282340102508457,-3.2263942896756763,-0.40079617967650827,2.4363525907164747,-1.8995486176225105,0.9345974055942471,-0.5749861911717171
-0.9597357423065953,-4.410002274333138,-4.15488415005124,0.22768921854797963,0.030961846953246885,1.3709495871496675,2.6824422405656367
-1.1488890618070924,0.6771791035776942,-2.791561754686624,1.6672986760955557,2.8718565044581643,0.42489466575939316,-1.959223171909091
-1.036184170440341,-1.694118459122727,-0.8752436183122174,1.0101618154235594,0.4599501708237109,0.2319247494370995,-3.102598005882968
-0.020557123677832273,0.17931305587227253,-0.6528752375398993,0.5686768171511906,1.449811305236842,-0.767322100660135,0.9894241176471036
-1.6803714346333334,-1.030957476729914,0.5008748430989862,2.3683360450021986,-0.967866285339769,0.7982374431968242,-1.571051108057143
1.1630626879338228,-3.0543751214300596,3.938085439866397,2.411094748737179,-0.7374126773971631,3.2412959310007543,-1.9626173252499997
0.33552822132516336,0.37613242303693695,1.2584820904551282,-0.9302778803757309,-0.13516291783003648,-1.061305804376488,4.046860143564594
-1.6336425709010993,-3.407685028868347,2.666345352311195,0.2424493883292207,-0.3266452799761903,-0.6422988365724102,-2.552989898169533
-0.9155889742003678,-0.15775275894117669,-1.6604621278095237,1.5032137230640519,0.27169762443815787,1.4531039932727272,1.3846107390529614
-0.7835265261128381,0.3381076173444013,-0.352093428310777,0.16724204955555572,1.4417080036066445,0.7968220157342341,-2.639746179200549
-4.038541640538236,-1.8832003949583331,0.09544893459113296,-0.3456629727039218,-1.3295123855820432,0.7614862263009448,-1.2836303025294118
0.56898640531971,-0.8083692365140055,-1.0309630878764566,1.9876744513141449,-0.6414995867480129,0.8191198811309872,0.5270425161297134
-2.2829885926547426,-2.039123000019055,0.9714634965083335,0.8522229590540531,1.3138647675757575,-2.447691287335135,-1.302759300172395
-2.187654323314285,-0.4011332881190476,-0.8866944175850339,0.713561886436479,-1.2495586647150378,4.194256711565891,0.09537840000627251
-3.8497493031785726,-2.7191473403243247,-0.3590062889968254,0.48754411246491236,-0.9534334526191954,1.6782248636976744,2.062200745625564
-1.52276219261659,2.6354805932992833,-1.782400253033333,0.4854952664388887,-1.598393294964052,2.815402070311112,-0.14724537512538705
-1.202876270572374,-1.4567106616923073,-2.4784297833260505,0.7288758772958663,-0.47035989393552624,-0.5138737705322494,-0.06130388307317075
3.8005627118690164,-2.6141490038688318,1.9400473491195491,-0.7382888824473689,2.53312246915625,1.2606488461535035,3.6445949081792928
-2.1009527157252252,-3.2657743438450453,-2.3835007634,1.4716434645461134,0.2633524917894737,-0.04705986539753648,1.6474879012401313
-1.5176069542894735,-2.986827219285715,-1.198112967880758,2.308146517339682,-0.3653656872007571,1.201650528784461,-2.492112739713705
-0.016205646159722642,-2.10584246824026,-2.060129966357895,3.8064923324928572,0.6910998071578945,-0.0004626437918919743,0.3787169804212121
2.3199833969710526,-0.5524413996408538,2.1020438500790437,3.3241614997389117,0.31964854506249996,-1.3409964956383151,-1.1002560105833332
-4.477829405540486,-1.4750855855596208,-1.0358514294423644,1.0202568929542686,0.2538798097495796,1.063727106461469,-0.30663192544117673
-2.1057533930215118,1.9846996009890112,-0.06111451565047232,2.9905058614326925,1.2136440963973043,-1.7394772452857146,1.3090574552408585
0.5599834494501108,-2.889558650105025,2.5010037806494183,2.2247422276495725,1.8827950070414161,0.8975252470875004,-2.0241173346368417
-2.3462701583633336,-0.1181348393815127,-0.8145368791421603,1.924267796939394,0.21466610041125544,0.2004659127919418,-2.2744317542868684
-1.226084312480645,-2.3233690119932486,0.7913130605464286,0.3310595283636365,1.4491509288715174,0.6149237398726886,4.817322375242425
0.9202502592510122,-0.17557022106718154,0.9195240943222509,2.0153744407073173,2.4290712369990346,-0.3014553568757311,-1.4917362293709677
-2.954732715186013,0.04547627961130574,0.6676123788269077,-0.6233362516312999,1.6049068330222223,1.2249353183951615,-4.11990115037838
-0.49314275148641773,1.112219277256536,-2.250618497695971,1.4830933471258745,-2.0580646445250004,0.8216653555691121,3.4241771449303235
0.30030618068478265,-0.7225090039415064,-2.362957103975609,1.3436702212536766,4.268383490455711,1.4456777424141414,-3.950408101219433
0.4752117017770564,-2.671571573339927,-2.656262782582532,0.42824386929569025,1.534072538531429,-0.5367438146620936,2.1183784577247478
0.39111093974699684,-1.0661813303375287,-2.222093641580623,1.6260309938181832,2.737020592200758,2.760327380666667,4.798712195711111
-0.39068253435714295,-2.2633685050967745,4.5620694583947365,-0.2779289510256411,-0.6093783505585588,1.8854432604256761,-4.3785739593888895
0.4071495143166667,-0.16704894951573176,-2.535183688557971,2.243599120952381,-2.91160326409009,-0.4364129589809521,3.548565223547059
-1.4479537971806202,-2.3959791073141714,-0.8385823139210533,-0.004047525533640517,-1.0182858488,1.6910571466218043,-0.49909783635135097
-0.6044978052326454,0.7442857818971224,-0.21035464669942616,-1.9133760424272441,-1.4650894930196077,3.758268354210145,0.34730327624925467
-1.100064033076923,-1.7343006084409716,-2.4698553518666664,-1.1366495685392155,1.535751289950558,4.100096010536538,-2.1730339552363636
-4.788519912537789,-3.0367797148865083,0.000307214460526839,0.17722281989568966,1.6873372829168876,3.598999101360041,4.317643606801314
1.667522660247899,-0.47000668882882884,1.0561256851285714,1.3570830658285715,-2.5094069515059125,-2.5827768885992413,-1.4080173668039708
0.22923736641212156,-0.5123829230319329,-0.06465527037833274,2.251502699279762,1.78545702111228,0.9157668650536062,0.39349885358098224
1.1517201146500005,-1.8127289518884615,-4.338169188953572,-0.7741182842235229,0.022585846614476712,2.1994595467,1.9327378013656156
-1.6997816988139536,0.11405560547222238,-1.3225345772723494,2.466613416857629,-4.17451940579394,2.2375774963541053,0.9226863661240741
0.9858375212976189,-1.9023918385499998,-1.6672529692445819,0.9209448876097563,-0.7156673770289633,-1.562215239075,2.5941228447055917
-2.0812996792179486,-3.3497830326339066,-5.756138803564671,0.6569362820097224,-0.1133069361050364,3.7592754314141024,-0.7686895531964284
2.324758674471414,-2.8753084866444443,-2.6576253068911297,-0.8197212905542859,1.3700337349969922,0.7371424103969535,0.42553968782512297
1.0851202162258458,2.1910285202702697,0.043982672831825,0.4846965023124157,3.209594194084796,-1.6992165811992477,4.023940103889178
0.0023178553786904477,0.5548800191184211,1.591119901609524,2.0620462789011578,1.7004019278888887,2.1629046106687313,0.41813792543117345
1.9607128322146163,0.3550415408990457,-1.2825363124395417,0.2970059290077397,2.313737246306764,-3.4310237795185747,0.9607072690356062
-0.986322575494003,-3.935318995122059,-5.437893791207317,3.0393606231771426,-1.7419898300744892,2.5315102915386767,0.02628281632309959
0.7438640814749684,-0.6809305196138522,0.3827971114236838,-0.32668194899999986,0.20665886982962955,-2.4909091588549455,4.006369548904761
0.4062561305964914,-0.916834366704089,-4.129840538849206,0.5980437419999993,-0.20094532429527845,1.0705035803222225,-1.8519473936748367
1.2163416492901786,1.7790885217681067,-3.509350767154954,1.6645436385444072,-0.6621329957058821,0.5801826845706771,-2.8727078254686864
-0.08868749686428545,-1.152779340377991,-2.8128778650575654,4.191961086620364,0.981242875754623,-0.5357743282645971,1.66339021545671
0.10258408590663387,-0.9670994608830197,-1.3390645265185763,1.1958886628819445,-1.7054950584390238,-1.0221332249160175,-1.1094751596901709
-0.383635803408721,-1.3123858890540543,-1.7663731543611112,3.4047827867929836,-1.335127517372369,1.3745624890243902,-0.4547646106451801
-3.484316638512195,2.035711420775689,-1.03818078848106,-0.355294015710526,1.5404745384940095,1.9611525377406018,0.5620691538604647
-2.736298979627928,2.8003981127297295,0.3535320206134869,1.6654857124554205,2.7223227563787886,0.03235353556794851,0.9536158934054055
-2.255764275865541,-0.9417632360572445,-1.686969650210083,-0.5639304479567098,-1.3995147055801587,2.6447742986805554,-1.6453419465980146
2.0409774629619877,-2.4768993868093845,0.6464608975714284,-0.5863824081897435,2.079419260024024,1.193783230944193,1.1000602290975618
1.383404101629769,-0.8134620382122411,-1.3462280208227342,0.8618597123323863,-0.18798779958009293,2.344939302076192,-3.4917934909357147
3.0743507011791507,-3.1662259978214284,-2.8205844042331085,2.653577540071428,0.14622659676466165,1.477135110304029,1.123842785995671
0.8646517912999998,-1.6913984336862757,-1.7240370539669165,1.311819810723684,-0.86126374396875,2.185095297877083,0.9123310479545454
-0.1439129410146627,-4.702747421702615,2.326651988288888,3.828818549109235,2.66249996734689,-1.1967486642615128,-1.2269715802833416
-1.7731788372092439,-3.1183684279523813,-4.739041200222488,0.47126109653395576,-2.1692041002444444,-3.6703793243448044,3.446608117467857
0.6766033332954549,-2.0091138663815666,-5.386145384402931,0.3151376818590905,2.0249120565564027,4.184333873577778,-0.4819723673428572
-1.9953220689444442,-0.382708781,-1.5905211626702782,0.6093332142000003,4.075841923642858,1.5930681932184043,1.2893437352598753
0.07955584454512121,-1.412968420904762,0.855248071483871,2.2251745653402777,0.7800044375277778,3.296437715044872,-5.319300832523516
-0.7806100212915219,-1.3199223992804876,-0.9391245424301076,3.5549027065695125,-1.7016363590278463,0.06902380340000036,0.6603324844152761
-4.022366452458938,-1.3061830942583332,1.272519224260062,0.7611823278461538,-1.3240404871031743,1.0590927287488947,0.5203588758130905
-1.3472726420157821,-0.6865617792367424,-0.7358149249426846,1.4499201218447384,-2.3238029626359795,-0.2096585320930875,-0.7933190369106228
2.696092519709402,-0.7241807310468864,-6.754167179796308,-0.12398461615162909,-2.246666605611111,2.4927161515443226,-0.20908610016586926
0.3150768843882349,0.32073915932602326,-1.6846461542471045,3.1333777314891993,-0.8296310532426896,0.29715473578950513,1.4084561823414634
-2.1691274153642857,-1.5969746493513512,0.5897041816540407,-0.43508166722499997,1.2357617778365082,2.7817759333927876,-0.012827497023172874
-2.552931224804525,-0.3113380872248678,1.5743083593160918,0.6163545480458406,0.5277329580262663,0.3949166697777776,-3.400502944857144
-2.0175865470384613,-0.6166473791062496,-2.326765527970588,1.778234132071491,1.8896765793235877,4.015147536577723,3.4239076085333333
1.1015101162231709,-0.8283549103818845,0.4897214090458333,0.3944235252858216,1.0034983629601517,1.023857059435294,-2.6244639585736262
-2.4923064706045257,-1.1167275051058467,0.9439563061136367,0.0283986249134614,0.32733571797731104,-2.443544292898496,-1.8939181823107525
0.31491488177685456,-0.1271212392058827,-0.7030132963572088,0.4394626235408866,-0.8375841369664634,-0.24237810316376354,-1.5833898629041667
1.2741035575428563,-3.049227603371428,-0.34321393065114525,0.23866646434374972,-1.5252280558671496,0.013836484186991918,1.434277264195161
-1.4346259854487184,-0.3602219879642546,-2.4271392030051944,0.500109683034127,2.917684342724432,2.7610161053471862,-1.5703754604546787
3.1558698878125,0.436082705866667,-0.6074289046685428,1.2520710253813383,2.124267602216216,-2.415062783391279,5.572967023915501
-1.1265644090097255,-1.9646255641753965,-1.0049100887967475,1.4830398894533101,1.058785525165458,0.8479659738157888,2.498377303826891
-1.8384729282250554,-1.7221876815452386,-2.5308815968055556,1.883476388208333,0.9854293210846041,0.3850802772026909,1.948005079837837
1.904438446520032,-1.1544709923888892,-0.45679792634956723,0.37989457658709713,-1.059767516159707,-0.8143667540511168,-1.6468509783680552
-1.2619148397054052,-1.4811058283379788,0.08227634130606076,0.907093151070707,-0.17118555560902265,1.4169076951101867,0.3846730377307361
-2.600447077879975,-2.0676400880344596,0.9505197130515877,1.0166275608452382,3.837482285690861,-0.4654444674110275,-1.153675150996935
-0.12269065097028442,-0.5212147070096964,-1.695428154,0.0678306590723215,-0.4789988051757107,-3.1036053379659823,1.1641229799696768
-1.081027478804762,0.46397803890730793,3.2115592728086044,2.1479554120057207,2.434222416381818,1.2780398463377192,0.01506325723227736
-1.7429308334741385,1.4370853563805197,0.4722483048069541,1.7707887564628475,-2.9910680510074332,0.43950842669838047,1.5850106968308189
-0.7762809550839166,3.208713281966571,-0.2699105902560486,0.007349865231250252,1.9738678096793656,2.206562680185855,-0.5417851453655462
2.1506151362179486,0.3772021450554397,-0.3183754408944194,0.0681383942373737,2.2066064856750014,-0.2571098440743531,3.4405888246203347
-0.46212781772279987,0.11945867474057303,0.770580334657859,1.770739109397108,-2.14596453614375,0.396990403285713,0.5832888069074333
0.244232548080201,-3.5872491899310344,-1.998079751322368,-1.6664206548049154,0.668156209053395,0.47993255843809557,-0.6011221140702615
-0.6056109080482461,-1.6897917695750921,2.0097825241619045,1.1893211177067564,0.5135889111647055,-0.5073714340482046,-1.9204569204020807
2.163192648352505,0.3780595790815046,-1.2834452271789378,0.8943580986445951,1.0970013842472217,-0.8822525711000625,3.253431245590369
-2.782969513840909,-2.326242563446292,-0.13119003899652776,2.3392034303408753,1.559563854499999,1.2786640346005687,0.564004529095238
-1.221630835884521,-0.990105239779915,-0.4345216073078333,4.583688787562039,-1.4538120267936938,0.6072349259722223,-4.386472684625132
-2.182300423419018,-0.7783535198216371,-0.22609829380180202,1.6902326071795661,2.4057087757750004,0.32860988620603326,2.2990907830940173
-0.2212202418571425,-1.9143016907627903,-1.544921812576062,1.0043557682961672,0.9077382801551956,1.853594170970588,-1.8857682830231663
0.4125070998586613,-2.9441723414005905,-0.6416483315135565,-0.7215009061174604,-0.445172522186316,1.185092265689276,-1.1916886907447735
0.33136522803378343,-0.5549174683918914,-0.14349235580263198,0.5048549959542681,0.16085323630131593,-1.0751649502173912,-1.6983098119465743
1.8256223411259258,-4.4280571759393945,3.495735592542193,1.7643010818726887,0.6307676097368422,-0.44994221352777863,-0.27236075923684233
-1.7842740689152048,-0.11743172545403407,-3.82830315787027,-1.5158273600820513,0.22600206964970923,2.872648771243243,-0.5168627279999991
-0.8160028421214284,-0.8975276024630153,2.0520078529907835,2.4828618956250006,-1.6879738307491987,3.226429417416738,0.493895990586083
-0.7012858286995112,1.0598346944358974,-0.6910215790013678,0.8451848136501937,0.08045783816327923,1.5378652137069253,0.44905038454411755
-1.7207685713328946,-0.23446418993243173,-2.7538232471468027,2.5505780404938085,0.12415875568717982,1.6151501780341053,-1.124439898805129
-0.937278207027027,-0.4730014713302526,-2.927811557697674,0.10491257355572747,1.3726069711839322,1.8734114972851783,-0.10898572643597276
-0.5139717065263163,-2.0910137492202376,-3.212276552825,1.899907344432308,1.402343798270563,0.484700353991667,4.512401444712919
-2.3496319898665314,-3.7525884949045123,1.839409376313492,1.5815835559131943,5.138220660229723,3.6120362103316985,3.1773233173246744
-2.795341306494044,-1.0848564890426469,-4.3611568355468595,0.04227021444056833,0.6068687452211307,1.0169433763888893,-1.3775160688944657
0.7975669424748475,-0.7352432078357491,0.3953837318166663,-0.34533736013640515,1.163577759608552,0.3420685870083331,-0.6803418462239318
-2.1722442681827485,-2.536607574492063,-1.2133210256746025,0.0414153617407409,-1.571482834197712,-0.28097018512087923,-1.3536616239066204
3.776235957043185,-1.1781743846839323,-0.07147907951351351,-1.4782087228134926,0.7454962080147186,-1.9938129702486496,-1.6217378850666666
1.5231195728260163,-2.0584995006448974,-2.1152008213828832,0.16098683281006887,4.035976695871429,0.21473733335598477,1.401724869272523
0.9586217186964283,-1.9973877256348485,-1.881306545567568,-0.6674945530749998,1.3308819098921902,-0.8776634974358979,-2.6217619969555552
-1.3731328393871791,1.4008761254538027,0.5177572066671126,1.9213683268642858,0.8458455837472222,0.9293451408774439,0.209492222962121
-2.395342872179704,-3.2886509558101,0.5308725639417249,0.7735143209992492,5.164093590304054,1.456091374785317,1.1738365193713516
1.114686128738095,-2.1724530974615384,0.024572382980666108,0.5913527343603606,1.6950950136594198,4.210486166185365,0.8395869424588227
-0.976259868938913,-0.9630698015646255,-2.095782056586466,3.363247041623153,0.611206607825,-1.8856994550362318,0.7336391290011631
-0.9813103028858694,-0.3845295346263902,-1.2322360778363095,-0.7021266156714285,-4.043722614259931,3.5434329788349013,-5.2755017147
0.29745738141190486,-1.6795234948957143,-0.5483839327857145,1.6576538244876453,6.334557124678226,3.433415557569498,0.7650369225691056
-0.9303545305385967,-0.7220135900526312,-1.186279427911765,1.209968411580143,2.773666012540797,0.5555165772483974,0.7915904558107766
0.644166797187063,-0.10605756078396866,-1.5793132750341876,1.0480206021540541,0.5222827157935166,1.2981570857771838,1.2027692724238357
1.8010302061163665,-0.0037540556666664227,0.7416669663814359,-0.20966804866193917,3.9436137730256404,0.761954350706015,1.4447648705569163
-2.8271975182775733,-0.9681645250455876,2.6219982863524516,-0.5098893028625006,3.360857601873929,-3.0702773808774433,0.5141674903840685
0.708405250589369,-1.3984850930030062,-1.293624876382853,-0.04402767737096802,0.6815041732611111,-1.1368584041523797,2.0587996847375
1.8272465381403513,-1.3366243745249997,0.32954326949236035,3.2756181719899757,0.36092486006126107,-0.2264448604380953,3.046795398481385
-2.474540586332317,-1.710288078416988,2.8977540075405406,1.0553741289003193,4.345308791882739,-0.3904598167844553,1.2776347271783681
-1.4530750494151516,1.7079053429024393,-2.1616185691058725,2.0074025395352852,0.5713446457888889,1.615624963437406,-0.7160813770147059
0.4345280825396717,0.3972691608366461,0.6576469856785714,3.3701060458758967,2.370928940578151,-0.3503550793523809,3.2778381639616576
0.7721260962532812,-1.391208076829574,-2.598776601765306,1.2120120577653113,-2.130834620648649,1.776478696868254,-1.5141842266742422
-1.4764279829812503,-1.7214496623565885,-1.7753087885390073,0.5050793858067563,-0.00047822107254602564,0.6275371916880079,-1.3298977436250001
1.5652595504075635,-1.3564874613684208,-3.7295793632687495,1.1570137082227565,-0.004698850961039003,-1.8309949907369183,0.9504875789583338
-1.2540620548499444,0.027051085435185196,-0.7094601313006538,1.0871841387461538,-0.7553710214937501,0.09467105486116989,-0.8688807069944354
-1.9754243929581516,-0.2917982573212543,-2.087444919669652,2.3916199881849813,-2.747243652610771,-4.171235351405953,-0.09097628242219691
0.14152116778510648,-0.7980521221235116,1.180871656863328,-0.22925292393939395,-1.1727955695823529,3.5760248989055556,0.05046018240499195
-1.4822392171562495,0.5003178944019706,0.8155649085992063,1.3165287334828952,3.002198972985185,1.6811450351111112,-0.29250012466259717
-0.3104445328888885,-0.18648666834767047,0.7242309929021981,-0.7160154903916668,1.46469302768894,-0.7732675268398799,-0.5563802324147817
4.257822836296038,1.3931012867398993,-1.2292832453323306,2.4335017291747327,-1.1685952074338233,-1.8873099172823613,4.902686365576115
0.09073551147222225,-0.49430617030303026,0.3674644610125395,1.5968297458448508,-0.9531666132396395,1.8096827875318193,1.5597747954829744
-1.9006079072222222,0.7789165972444445,-2.3759589612841876,3.9180278766691528,1.1651339583169935,-1.03856597765,-0.6738233314368423
-0.17636404565443992,-0.925630193834928,0.3756826609555556,0.7648805176544716,1.938969709975,-4.298310749666667,-0.05599551959999993
0.5887921697252252,-0.20763242199545456,0.7923388600603715,2.6598934536578946,-0.4717075367428569,-0.4233833965540543,0.9116525857950191
-2.4435419159759393,0.14782414431339763,0.3817526716205129,1.513773722598522,-3.6563772373686407,3.3454402205904197,-1.249044429097223
1.0364625578138527,-1.3715959432095228,-2.0304165868352944,1.6791090818709682,2.2557632629806954,-1.1696046687374997,1.414602169588357
1.778626989039773,-2.3847710018153503,-1.6806550081960792,-0.5968042999415286,3.063848092079365,1.8956787556608183,0.179125032863782
0.24023879633571532,-0.5015823415694114,-1.6299636106060609,0.26553806295075943,0.9046460491798634,0.123080717698554,-1.9649949943772897
-5.954244476787739,0.18158972824537656,2.8366838082467316,0.1781204568833571,-0.7739321162808812,-0.504525996281579,3.631447218408658
-0.14345832793918925,0.4047889969987214,2.3391407914708395,0.3813869329407893,-1.2684399147692307,-2.0819527989021593,1.4148148157575073
0.5689127361882622,-2.1422569984751885,1.7642268423393113,0.6704685976284069,5.251777001844446,-1.7795797907289248,2.1417313124317126
-0.5885602575874367,-2.7568124988601195,-0.596679870671024,2.326956294110517,-0.7958977646269645,1.8532380020967743,-0.3383452155000001
0.9716215831601627,-1.3338049654946298,-4.356339234380451,2.9607063977575754,0.6069372397979625,-0.03224829363095222,0.2546046328368054
-3.1239075840058446,2.235951014517857,-0.7160817175557864,-0.44104624705128204,2.3380063324146336,-3.7350198180560055,1.1157759606611852
-0.28791263312321336,0.10571799216666644,-3.577498417971988,1.1516870685422793,2.1104077371126992,0.326174619430147,-0.8470605108586308
2.7166079464129034,-3.836889208923077,-2.0697970963211874,0.7673321919638157,-2.288675794453623,1.4690356900416668,-1.1175328859124996
-0.10229802945811944,-3.1778021158124994,1.7851536442225107,2.2426884934761904,3.9097995776403516,1.14093345686833,-1.8496628596840607
0.4767737726491232,0.016748834057720874,1.057141343282317,1.8994882200614729,-1.5739183120208842,-1.1435919003215091,1.7623829864180454
-0.668553243555555,-1.2964824180555559,-3.9642638531999994,3.424727506479532,-2.121660840294803,-1.1639923509920729,-1.0452399346423609
-0.2081037658248075,1.193890796788398,0.6535844045476717,-0.09114543855698543,0.9583153407598685,1.331018351560606,0.6490695062903447
-0.28231694502380955,-2.115597424116428,-1.583176244477027,1.1185039195524393,1.360109126362366,-0.36100698761111083,-1.2750877638975846
-0.5585196114545452,-1.0665431002247856,-0.3756751931528459,-0.7333097958899162,-0.29837144200504595,0.39955361122368416,4.152064139152462
-2.3583177142424248,-0.7161593274948277,-0.7810231861428565,-0.7295749038295791,1.665971213899204,-0.027493917646179256,0.6974033181497982
-0.631817151385714,-2.670754859241379,4.230116986442857,0.7962061513779412,1.5488511650950287,0.7698502107132252,-0.05012002115151526
0.516811571051724,0.3997837459003757,-1.4107883596869284,-0.9743176248929218,-0.9605579614848485,-0.40023876315793583,2.4409115017543863
1.1062284354047618,-1.8501834450151518,-2.583462164114825,1.6999805980112774,-4.1851668278494145,-0.6424779984970965,1.0913644286150794
-1.9863283696789185,-1.9781237975277786,-1.0709126134932434,-0.2950242388480605,2.057608946942529,2.1132577461367648,2.1714076746035715
0.7823595587289003,-1.7416251907500002,2.4814092691071896,1.8708391818257577,0.17080827479999994,3.260849010083333,0.1356359630703813
2.059487506028771,0.5875240321718426,-0.05391341255798299,-0.42170486988726763,0.252287149172973,1.034199120780953,-1.9338292969527775
1.0045387232111114,-1.4814736357380953,-1.8397905147267268,-0.061375398789402125,2.6505295520625,-0.8709635045346282,0.9650084640227103
0.488483582158108,-1.9059141602516336,-1.0688883326471044,1.3563395271333336,1.8911002707089315,-2.4722913077142854,-3.4242927969806454
-2.550974538166666,1.90031587554054,2.300809709607882,1.188194946562594,-2.449833557190061,1.101086975742857,0.7985603090193689
-2.419545676730263,-0.768189369732198,1.0820583669035708,2.558945431041769,0.4675072416746323,1.4989108407506775,0.5622503850278191
1.798257192638095,-7.383793579950227,1.15025741690625,0.7835392835857147,2.5063604766060603,2.4532059141293416,1.709014311228572
-2.5142102587252086,-1.7462573741363634,-0.09451519421568633,0.9456647727069596,0.7194568393998408,-2.798853343927273,0.497041335465637
-1.8566111350261258,-0.3553314641509555,5.786980123947368,1.7450710242995626,1.2304770794321427,0.6201916952838138,-1.3777161911452072
-5.179289156197744,0.661875527969841,-0.39310149647660814,1.8132762459964122,5.493551428929348,0.6425536562509653,-2.5509408794782216
0.6711243405666666,-2.8354959005073095,2.2838529567083343,2.7158790274524307,1.0306016804157505,2.822779608646316,0.4615158993130253
-0.5066494216781233,2.6963442844151784,-0.08608575071153857,2.637012443342657,-2.3672772543888887,-4.401883478615565,-1.5874753698550719
-3.038035159583333,2.0279567704286925,-2.6945118453619052,-0.8572450015580358,0.9477668861428572,-0.24264974937647055,-2.4921937553183673
0.26883692210254395,-0.6387015089277847,-1.186438967279846,3.6646591948205125,1.1458914757674603,0.367486381108333,0.2593383619227274
0.2901519566929485,-0.7250139773354699,-1.3923365116146464,-1.4432486078915747,-1.9357166001282053,1.024613160607863,1.972514892153175
-2.265587597626263,-2.128012796473434,0.4044048810749881,1.354658631169435,1.4557856777526883,3.118828506115346,0.4431071198763955
-0.9219265233973213,0.9491449918010014,-1.5496258539142866,1.7841981390312154,3.2132148830789475,0.9378113159722222,-1.492987632008403
1.0257010340908534,0.49937896813863636,0.8592001777007344,-0.7315937724226889,-1.1852204940389508,-0.6662331454250002,2.344008686590369
-0.4797650942277026,1.4077312831051056,0.021974970255555726,3.2995340458692315,-2.210918907001423,-1.0177922324989543,1.3296567903863097
-0.036056925447917054,0.2639695667871212,-0.5752940091492063,0.9936889111573928,1.2427548452314814,0.7294785381132479,2.3017114879666662
-0.1811576691423752,0.5082936442878379,-2.690629761802188,0.7407459717015036,-0.4244225948261903,4.248268235288068,-0.9224344939836829
-1.8405816461739928,1.502602057391402,2.8278784481102415,1.1765924096931815,0.701168116025605,0.47976130339527057,-2.982141648284584
-0.75264373697561,-2.2587625078757587,-2.7916397483170723,1.3699781994957325,4.350403019532093,-1.3783069620263162,2.226486770759373
-0.3549652451663281,-2.7046055484615388,1.8376937400484126,2.3356313732500005,2.3213546492689394,-0.9854397549414416,3.902157069207529
0.37827366022119463,0.9369130025423972,0.12940006714067898,0.1685657150770511,0.26901644421524074,1.0774998214358156,0.9842072790946914
2.377312165471861,0.4260174708570229,-0.1648951334722223,2.0717693255911764,3.984420142360714,0.10090730446315799,-1.0893537554199133
-0.0462714985685449,-1.41576924162963,-0.3631054395887534,2.7961753431874996,1.867154855287548,0.5273735444560974,1.725787340892241
1.1424409701013516,-2.355196713719117,-2.0521345012815124,-0.9221702736969698,3.8107994110619208,-0.9717967449880952,3.6374145795681816
-0.8645556231655466,-5.454730131554055,-1.702335635480922,0.15547272360317474,2.1111256282958997,2.747339467463636,-2.794196515746429
-0.8663511139658606,0.6794804996052974,0.7340495893968703,1.4884593115435536,-0.5083063306111117,-1.469289482438123,-1.3589691844403404
-2.9269987306486493,-0.42002053920588234,-0.004078288847665368,1.4786020603717105,4.448755020361361,0.2183966202406264,-1.5637344769147814
-1.60435296769547,-3.837772349390904,1.4971706234086022,2.2729760445818816,1.0637551997072723,0.049259796601923034,0.15498159425381242
0.278384232430244,-1.865194468535714,1.3852506354225147,0.10759432859354823,2.6200567210882353,-0.42682137045714263,0.7120964904852944
-2.375452810139749,-1.6512836717817978,-0.009218680015732117,-0.06743333777500038,-1.164139054090196,0.6110086572051283,-1.6717298355999999
0.9492140696486486,0.5449281263263404,-2.17379458063172,0.5417000735822394,-2.4038212172820517,0.259050334442683,-0.7194565776986486
1.0919248060375,0.7410100206968642,1.1201257131212559,1.0893051054424552,3.369207472696477,0.5414153773990455,-4.008214216261641
-0.2104718347441018,-0.8830588097615386,1.0277485757841889,-1.3902595401331077,1.1426331623823511,-0.526633473327839,-0.8446335852030491
-0.13443102462781975,-2.0306590058108114,1.8802497572424242,1.7080947646996436,0.5249787903356646,2.600344891860806,-2.5773054249888894
3.5759244895614035,-0.664682467,-0.2652717313071431,0.7562185411254789,0.9872940917545047,2.52705773903367,0.36044210330383275
-3.5525039203506497,0.12101168663781503,1.300196155375187,1.666690029868421,1.1005075064374998,-0.8304483832808821,-1.4979014596216231
-2.5035090894342433,-1.5526438984689657,-0.35600865960000005,-0.45229554053224097,0.467663489866667,-1.1104470700674605,1.2909625788172048
-0.9968400569056477,0.7719581425803572,0.8484378669292696,-0.16221995496002725,4.64327073787722,-1.689274441714394,2.199307035179398
0.05478025618017268,0.18230322766269821,2.3611745663090167,1.2823901784838712,-1.6826172114059115,-1.1259352551329926,-0.26599306344795326
-1.0130631565244348,-1.4401404498026316,-1.706742401527778,0.14709287740996646,-0.7830743785499099,0.20521747594736814,2.7991705237702016
1.037670569932927,-1.3755925979070514,-0.6837626955096369,2.6430318304738094,-1.3537717919952121,3.0593064721515155,-2.2997297514452777
-0.599700506374613,-1.0589728939621212,3.805015651195238,1.3736196324985381,4.296466275452907,-0.9603198626147773,4.284142322099999
-1.268924571696825,-1.6364682702867948,2.073540416329133,-0.1283031416884619,2.6443000320056016,2.205469127521772,3.184477574116893
-4.046344017455882,0.36250683943199224,4.376033928268399,-0.793441036244562,-3.223840550056669,1.17324005179903,-0.5934904006530828
-0.9371170776598837,1.3960749418537914,-0.9220665511717767,1.967141549179487,2.792641456639744,0.11871459307499999,-0.006720068388434974
-1.2548014877531333,-1.029063834392156,-0.942513231678733,0.23754312909441386,-2.085077148024472,1.04666677374485,-1.78418826385
-1.1114555329756102,-1.1832442932503058,-1.4534535480480628,3.3781243707916664,-2.056366492156862,-0.34863237142467934,0.17507155866165358
0.9258844744571422,-0.9624276297152778,2.3114119052792548,1.9811192795994392,2.815388643117647,2.2759704777789564,0.9243356645432332
-1.7045371292611111,-1.4816893896239374,0.7355915075897135,1.630773766035714,1.5684626795959065,0.5588189442368425,0.47420956936212133
-3.1298675061649557,0.41549514382043007,1.5441093086289186,-1.5853161429472094,-1.4243765085277778,-2.9593384467307695,-0.36227497507154216
0.039245835877235735,-1.6180653809340226,-4.212453016811585,1.8736753020047345,0.42438652932284415,2.20958165997876,-1.2147973250344828
-0.9182110981130229,-0.5545156851058826,-0.09872887044563161,-0.11605881889124658,1.5469424373088234,1.2805026101724868,-1.5038744606993362
0.05587740795046078,-2.0467972367084037,-2.188462212705104,0.38444559190418093,1.3413125281621623,-2.165617040245162,3.1055306733666663
1.758423181960417,-2.2526022725856065,3.1873607646189406,2.1847706422811304,-0.7623911871315785,-1.2267774034216645,0.666422927295139
2.883552383351351,2.531770225209596,-2.666454179225,2.4697257755163764,0.7660289931831505,1.1575536754672089,1.3772818411954262
-1.9717344874210523,-1.8191613087041467,0.9286873464749994,-1.6611996008551193,0.8429325616287879,1.2623633229499998,-1.6841066983832045
-1.8256683105852538,-0.7529777995335365,1.3985979333819445,2.9717584041068186,2.85204606722987,-0.38625865308333357,-0.05123695993422028
0.004984377509242716,-1.5648794896873945,-1.0897800184632804,1.1431907454235288,-0.5991038821295709,0.581625899377678,0.6084840704702703
2.6689093681809988,0.046024235364372584,-0.5424512612348483,1.816580251746824,-3.518603830857143,-0.8614070929573934,-0.04817692148290614
0.10275403926078308,-2.0190546414806687,-1.65495342465,-0.08852853200326764,-2.616075981962637,2.686191255770324,-0.6187450085767972
-1.0758345639084037,-1.5014615262060604,0.24117630938585843,-1.0282923486125228,3.452515488707641,-1.3104872095110298,1.8969933093589741
0.22061528091503757,-1.9893850760882354,-1.0547329912499999,-0.4920747610076924,-1.5846905045023392,0.6042863173807633,-2.4854579581079363
2.1377644121629076,0.9976707441689291,-0.27113829309090887,0.6626447941657403,1.1068818056579395,4.001339336401634,1.1587064591305019
3.7777428936378055,-0.7903322578636977,-1.0481063523499998,3.9643740559304437,1.8282801625171365,1.5307924447352939,-0.05168659392425212
-3.9054264554210523,-1.4986208628421052,0.6292125555354446,2.1901843712338964,-0.35682352570233933,-0.8013408924864663,-4.0315058930407615
-0.6793727182140729,-2.3562538204034693,-3.441813287109757,-1.6602997559174675,1.2231286887241655,-0.1947180295806452,1.8263953687066667
-2.9247838094449574,-1.007740597836483,-2.4013912088986014,0.7899600625433608,0.955242523806122,1.5283586556180406,-0.6516547636590909
-1.5093640420104166,-0.04180777323636309,1.1015196817440476,1.2526454691556848,0.2618269356372551,-2.1223391246524215,0.804416497730303
0.5176676511117217,-2.424519601242105,0.835323335225,-0.19301969819354822,1.4351724275661812,-0.022862611046452597,-0.3759471723076926
0.03484213192463237,2.972779605590264,-1.8791691757012987,1.9184361583186813,-3.364124352944047,-5.325193764932539,2.358124566735931
-2.010487209632432,0.7846885065593965,-0.5473081094756753,0.4670225413771433,2.354082444472141,-0.18637149313714724,-6.411368898168254
-1.676623906838243,-0.9200343298056034,-1.4044427395050678,1.5342241020739922,-2.3113890934805554,-0.8407196360330629,-2.4279971260372206
-0.9885532775285717,-0.0023054413326920598,-0.32948204899701794,-1.6362496587881243,2.1067968408636357,-2.8585645563136555,0.8199055540956368
-2.832427723629808,-2.800752226364379,-0.38840322868965566,2.3028565986333343,-0.4421632298903504,-2.1145538731073525,-0.8157954254570512
-0.7240550113426031,-3.6288123709667954,-1.0497121704659342,0.2290964945983084,-1.0830824964014845,2.211223881560107,-2.681917707906316
0.9239722969015151,-1.5181293111784315,-0.537193446253788,1.7511023020285554,-1.741586696483516,2.3290622810426065,-1.2172283913787885
-1.32222553795861,-1.8168982874803357,-3.4568275981184216,0.9995126169942306,1.246063828770707,-0.7860440841909778,1.3928123816294113
-2.3607157447195513,-3.29391318532381,4.335713456952295,1.4987742038859646,3.7684407640764994,0.5773356148978338,-0.5890434368571429
-0.7284205158656059,-1.4155644085527066,-2.7683358254611115,2.7253876217874997,0.23331297733208256,2.186581087007691,1.4478014881054768
-2.6841512380559847,-1.4919700551428574,3.31185951568638,0.594049054969508,-2.259159193333333,2.574879883457575,0.5129984781951218
-2.370009680458841,-1.3093703573934112,4.689104866480952,-0.21398863063589746,3.147825469628205,-1.6920855999146147,0.9031215521832965
-0.6404354042803029,-1.2911721719166667,-0.2256735583376525,0.6131297637578663,-1.4689676237054745,1.4505638437430557,-0.24296715584814788
-4.2229660453571425,0.23425095909563398,1.8692654741618813,-0.8718975567020409,2.1100516626671064,-1.7723954008634424,-0.49077155944172546
-0.7355846606456586,-0.3978307932622336,-0.9360106586369245,1.7964028531562497,2.891524279405594,5.318087614078948,1.3819909306928149
-0.35674598755731557,-1.934254750224999,0.34070771277622725,1.7810907656547512,1.3585812806025865,0.3433768590559846,-1.7661493845450786
5.792844896606322,-2.2999313839410256,-2.793839899036394,0.9034715163210483,1.9542249747423077,0.5227136282293647,0.530397493111112
0.2671040556944444,-2.4640279266116067,1.8513316014056482,-0.4865704183283286,1.4449089249749998,1.8356501914473682,1.6021107194147182
-0.4011219821509009,-0.5639739226610384,1.034655602012625,0.6805554139642855,3.1603685600473685,0.14906730941950463,0.2501787081824322
-3.332418158600773,-0.0012707056143789197,1.3318847722114169,0.9286686065849359,1.132452895167863,-0.2771802518578231,-0.6334413407030363
3.918287146674633,3.216776611666667,-4.695177863656346,-0.08058984825238102,4.511076664899999,6.237357008317074,-4.673513676974739
2.7346289206578946,-1.8582129120817796,-0.13650961905028483,1.872340323526807,-0.820062083388889,2.3562589954205206,-0.054964992010416575
2.579204151837838,-0.2564561117558133,0.43046787380837787,1.047243473871197,0.6441671608863002,0.6498047904072584,-0.8089061829763513
-2.721062226344144,-0.43522467064561465,-2.16837340602449,-0.19176943275170066,-2.6182666304250004,-0.5954681726915063,-0.2785654384083188
-0.7280604230453929,0.08622057965114638,0.5322397019768519,2.1893068701951215,5.953730178766023,0.7729946106497698,-2.2197492824166662
1.6128155857680382,-0.39458452084729567,-0.5347630252505633,2.1152492108758176,2.6761574994449573,0.8671425779331502,3.2588301875865264
-4.358575670553246,-1.8195214316374475,1.8926208278614716,2.3871398123819345,-1.259710339337715,-0.11176869900974515,2.19685446100218
1.5524442303568375,-0.7624388397529707,2.334261369863743,1.8977012928248769,-0.006126015727928036,1.746780942846082,2.0857135999687193
-0.40407679332971025,-3.1257811734244836,0.8745919203609626,-2.712198557901504,2.8563657665816997,-2.063485099029605,0.023487915271132476
7.125577188594156,0.3441121557550611,1.7030435847179486,2.096094616429587,1.638679000428572,-1.468398855313862,-0.3611519695704125
0.6774083234324322,-1.765758173960688,0.5701874312136199,0.3401214455259876,2.120161161107986,0.4694694732670252,1.0867985001190477
-2.365913731333079,-0.9900469471875,1.2737751458529405,1.0483007922,1.658046399016162,-0.43326065259999974,-2.922052527534264
-1.5469261460858583,-2.708742838604448,-0.8578276581532164,1.7327885917944443,-1.1276204461764705,-0.48085872711648336,-3.6357672574679487
-3.256250605542857,-0.6345949214803924,0.9451948869247649,-0.1457634124084084,2.72467776299791,-1.591937333303007,3.2151793236546844
-0.05532099395467993,-1.5026791749492063,1.1122366304102562,0.9935114230624997,-1.8942633613393942,2.9126241201057077,0.27013955308869386
-0.360108719839713,-1.660511904073171,-1.5851653425747747,-1.14089668785251,3.4432182551578947,-0.23826251077235744,1.6602122071818188
0.7163243897567748,-2.294443796342857,0.9823152317046487,2.3092982017316235,2.8386291311977354,0.2522799515343037,1.3863102169268293
-0.9241537542239382,-0.17140567945938057,-1.252599538931774,-0.41162958777662373,1.698070996219048,-1.1001874496111104,-0.021403395183275165
-1.3441728306545209,-1.3945560714613001,-0.1995194035190478,0.8810930325154915,-2.703120150186467,-0.4516061732380952,6.234759979120542
-1.7525611226549018,0.25109428678219436,-0.5377295953967802,1.1310585008169933,0.5330556735926643,-0.29644768874592087,-2.635841494647956
-0.41790830410798574,-2.1291728917978174,-3.275290370094077,0.6474817355063883,-0.2869062062737186,1.3725499911693695,-0.8093682317863753
-1.3899693371907893,-0.299584153378788,0.008580165106441218,-1.061030740466892,2.276175529278571,-3.9989319070788767,2.9784094310490206
-3.2993673956351346,-1.4252224069090906,-1.5648861160338683,1.9871976726998106,0.5298005610195683,2.0397526062088813,-1.6483181562124827
1.6591117348246849,-0.6308517464654764,-0.8026177069322251,2.204516897833334,3.3093484203108225,0.12339970834595948,-1.037214566320639
-1.119266971695971,0.021716426230769414,1.4874234330229328,0.6369903237137905,-0.3390838859428572,2.2157975824450036,-2.2042971660223216
-1.7971295297282912,-3.9189368225448713,2.4386605457754387,0.9778611958670577,2.0387887757769705,0.11544954453125028,-0.8179786242249997
1.0901258777129113,-1.8867744987310104,-0.34559646245897446,1.3880901011323696,0.8584321538569102,-0.4896859272750006,-0.7189083990644516
1.8203447336182068,-0.22884659161776094,-2.3216295854430142,-1.2879313536867572,0.28524081150505065,0.0733818695467836,5.60571715560606
-0.8209945692828051,-0.6105730862142856,-0.6072643270566485,2.075480357553949,-1.34098163661115,-0.6923688141175213,1.6038199318932675
-0.019729652867809144,-0.10837186306746027,0.3003338312645074,-0.42422152044345895,1.8173152717533871,-2.36644401609051,0.1910534483125001
0.7954407511047799,-0.47463280939930586,-0.7290440210251077,0.18140788061785712,0.9078356531223326,-0.4992851249126985,0.6458280579402864
-0.15978446999206358,-1.685783216111111,0.5504501595659222,2.468500799427928,0.5591470338229168,-1.077457919525806,2.376154722978565
-3.595240409329164,0.02814589017142821,3.374566340929671,-0.7101495011146556,-0.319170204806541,0.20040200157272725,-0.8340182579090916
-1.7477545993996413,-0.8807359489848485,-2.7831034423111105,1.31611882878483,0.9918225234964115,1.4346889434969698,1.804246138845528
-1.4648191861924857,-0.009836116481116541,-0.5420951343423757,1.9210754321142858,-0.4928445206579829,2.1963743498692807,-2.3554373916290063
-0.35252428641628974,-0.6449292874283625,-2.518198301005555,1.4338836064722225,0.0712296376601308,3.552845463659523,1.0971788702352938
-0.4908724918429024,-3.8982386435995933,1.6762422808635957,2.8911958194498837,1.3228074203380955,1.1494092947499999,-1.0290029605
-3.5710016553339736,-1.7996455322915583,-0.26984013790555544,1.7480479890792684,2.7087350433014112,4.4982691864469695,-2.645657128
1.7356248390568627,-1.9408871930331437,0.2272964080933797,1.5083963162928575,3.148496575650155,0.499411970675115,-1.0631053747057952
0.37065133033680553,-1.567866975075,-2.962284197813104,0.4897440031934984,1.9686188719687499,-0.40858154110945927,0.2202416573030303
0.2333417619833332,-4.269730445559908,1.4833562849767443,0.8211640387931032,-1.128313253372549,2.1241214929096337,-1.0315757175348836
-2.3660873472241937,-0.9096339171794872,-1.1043721493976835,0.31673082166666705,1.2459207967636918,-2.080816498885897,0.5092459935991598
-1.503538298034843,0.09329022323636327,-3.510677743972222,2.3811271914030305,-1.7958805691634916,-1.3490967185451122,-0.0838745327496161
-6.120619675816178,-1.7630994205309523,2.4956114777607143,-1.1686023729300814,0.11733294870599614,0.6692736017603355,-1.9305526823090908
-3.379327531257552,-1.4320132779942096,0.8940704541222911,2.8143542485046433,0.9632250151891892,-0.5725184980900007,-0.23436573740996097
0.4425145768228438,-2.4050120023060573,1.2477198434511492,2.653905070801182,1.3127032615963494,-0.656197595114286,0.8040515068277054
0.18200610209915968,1.3764407682297293,-2.562557241547786,-0.17619845240873,0.7841474215937017,0.43936076424135306,0.4161231109527631
1.2176482037394956,0.21317159131286556,-2.831022205598151,0.542756007981982,0.9635311795382351,2.6571589895000005,3.180176063555901
-1.4718786099535692,0.36308633982801,-1.9511499782203827,1.089684373675595,-0.8587252052941177,-3.0098862720882353,4.743300630427175
0.35017667230165983,-2.7677848130924434,0.6901915410868733,1.6974588259912888,-1.3194277634165525,1.118583413175346,-0.3279613126207791
1.4726042634650511,-1.0730106972148152,-1.327118545785714,2.699442284378205,-1.1582002211333333,2.1831229802641134,-3.9289054698511032
-3.0428514215409086,-1.5509967063658534,-0.3421295154949602,4.048052344695731,2.3182622512207205,-2.360032205805883,1.7141688520384615
0.28836566759127047,-1.244470386572104,1.4416343396126137,1.7444247702138893,-1.6514043152027873,1.4603016252010865,-1.0742361543529402
-0.05672624397575765,0.2969139729791505,-1.9298589330284903,2.6406383722779156,-1.4969387290285712,-2.254370100116984,2.7371137072868352
3.000886328251524,0.9492272107423073,-0.22643332520512804,2.1183084303571427,2.058464835515152,0.08361822101625965,0.6197682471067589
-1.3483628421162988,-1.619501544381579,0.2963315606264481,0.96352172249195,0.8783948078763977,3.0986692465516286,1.1504790408128016
-3.0447311311905905,0.9481946628748081,-0.24301165287539706,-0.2517451141053356,1.447683439672249,0.20202113312082692,-1.635325637671515
-0.39239230338015885,-0.41674319396703297,1.3554168358860292,3.4605625519496948,0.4341210752857142,-0.6034824611038648,-2.045523838861084
8.006091900150635,-1.7668762981535326,2.0221298243214285,3.1370299816295732,3.9221080573706346,0.4951018426392854,1.1607006779878661
-0.602741076344144,-0.14935087337087938,-0.03493781362784085,-2.6161759482571423,-1.0181897874696964,0.4483425396820764,-2.2711943771691177
-2.6750045265208326,-3.4162419118962446,-0.25543531304761896,-2.72985711771836,2.800612068808511,4.87688154834476,1.305589114898177
-3.726996490444547,0.22123075680555526,-0.3363086151578945,-1.1608249672720146,1.9589544194666675,-1.8937308017058825,-2.6287503815613023
0.11191888225585611,-0.5666946817521368,-0.5191991567548386,0.04659789330303016,2.9585667706040724,-0.35864160344698526,-0.03051343752380964
2.7965393410967745,0.32366292730909074,-1.819358626361244,2.5539252171965603,-3.4587398173209305,-1.2675255111619044,1.6156627644423893
-0.3674695898225804,-2.2559089949300595,-1.9926795175169434,2.428360145754172,0.6709803990866094,1.8273051006021501,0.3283524254267674
3.3241610135058273,-0.7825867542121212,-1.9733247532240217,6.515896672851393,0.28094681921621645,-1.0709781777741934,1.5649238697538197
2.0197401473703707,-1.8401614035920637,-1.8017463101486504,1.5231249308090278,-0.8769251538847379,-0.9306579727110191,-1.1598628990421054
2.2133890096767854,-0.9491134460571431,-2.4542706513277777,3.028468705882883,1.9593477599448206,-1.5205129297629936,3.1408880665714287
-2.8287488213801586,-3.752447115288051,0.4599441424725276,2.8425610926831935,1.6896101276095457,0.7256833708461538,-0.3318439516865082
1.0210508032325578,-1.0156742333180078,-1.7681125237067739,1.120459671303604,-2.4183012973083176,0.5414233274857144,-2.271557643692693
0.9249486270952381,1.334541332468958,-1.1501754849051056,0.632119515141667,3.8140718373055558,0.5886551894952383,1.1108763590747908
-0.33985246906165323,1.35879299192406,-3.082617843214158,2.299383977382492,-0.5302845524560933,1.2673041613114249,0.39385747875
-0.49625766831534146,-0.182462298828431,-4.470086718776191,1.2173560864158652,-1.7645723034635628,2.060945423684343,-1.4443749972559525
-2.8968984714380346,-2.8657812127861106,1.5350605590678676,-1.1816329640702095,1.6522713626525865,0.42518700132290177,-2.8024374438014887
-1.5383897937666668,-0.7180514059928319,3.2579993208857134,1.1260107696129031,2.633626034272087,0.981371403159705,2.1949654799238094
-3.4979566833927644,0.1347313953181467,0.49668355497619054,0.21623274078069543,-0.03405847194743414,-1.2742389334936235,0.8969505770778072
0.7251071066999998,-2.323459628876191,0.057047729648148415,0.8115297266774196,0.22394265030555527,3.6028061791213446,3.184229276560118
-0.9864950771749997,-4.0262444998684215,0.390768196209059,1.1989298098963426,-1.1490834306682538,-0.001680498096154115,2.9017609785972773
0.5951468043093596,-2.0407562812966757,-0.3123277198307694,1.8969753406907892,-1.9186618892683656,-0.1286251124878054,-1.6330847400428568
-2.148478385677778,-0.5425857515250003,3.6317249848694084,-1.2377902934927236,2.037126061571053,1.6544231654084873,-1.2720335020204752
-1.040979587980596,-0.6814899953245614,-3.711610690434947,1.9092901843939194,-2.0694259993696646,1.652240231522728,2.481593152894428
-0.18688189443376058,-0.9938671081665025,-0.7630896541142858,-0.22325943836611328,3.1502411189290638,0.04781790116748785,-0.9567515145181817
-1.0467141634696966,-1.4595481075870969,0.07663589271561444,0.47124282431071396,0.08530354636849835,0.47613966894575155,-1.0464020671309104
1.3819681407109754,0.5476295860000001,-1.643041644810811,0.17898857707793892,-1.1508160806939187,-2.203724895119281,-3.0038015147782393
-4.741447767224488,-0.4620015416410863,1.4003246018142863,0.3056020336151764,2.5413635938220547,0.11613146813333297,4.227325634518893
1.6044806799654125,-0.21474226259270857,0.8440634102379885,1.009055495864934,-0.8652374043312019,-1.0383023423095235,-1.5328957077000007
-2.3059276123312493,0.37510763896041655,-0.2696633352413346,0.9420113782631582,2.7180996265118154,1.9499333144330042,0.5386580966486014
1.956596659932433,0.265098921203174,-0.6590629032032904,2.606300543669118,1.4669177902782742,-2.006868135500871,-1.8688719739807695
-2.1675454008036397,0.0739353254349846,-1.6421214947027032,2.12118940113141,0.12188807814102554,1.3349459468666667,-1.282565188384712
0.45903550132805193,-1.3098481959493147,0.18986957076923044,3.1945571567368414,1.2568877434545451,-0.1205007756342858,-0.29329047713488354
-0.19560074588935517,-2.3582954605302335,-1.9312363301008064,-0.30468655091494434,0.6097521600584239,-0.5908995686598464,2.1243320414129903
-0.42347384099999996,2.7124533202628625,-1.0277370415014881,1.789875006368421,-0.6958541385365855,-0.754523953713514,-0.7109309042699945
0.1700174625596489,0.5597600189254702,0.704928115859738,2.0228141639705886,0.139877973964237,-1.8122487710473683,1.5821469672955522
-1.054022942888441,-1.816038022512613,0.967974701793233,1.3665594075588237,1.7927525256915198,-0.6685121539750003,1.1324481274149445
-2.426582681319513,-0.42910794674999925,2.118330602815725,0.32303473334507676,-2.494924327983193,0.6676619744496239,2.6241082174055066
0.5448613790000003,-0.3108427187201397,-6.0276944572647055,0.011641637748956546,-0.08394874735416676,0.5929654022285709,-1.2663682520963413
0.9499531950875003,-0.5966801576052627,0.911725616894445,0.58441720215625,2.9400849477238102,0.4079617772515151,2.511613625854839
-2.3431074500341396,-0.6130374514761905,2.079905566642743,1.0943941758312699,0.15696248863718137,-2.2263067977331077,-1.1063712122631157
-3.27457941598733,-0.5025048718823525,-1.8823030418343025,0.40068113421241836,-0.577143684667424,4.160117658853379,1.8185331339156863
4.728026076007061,-1.4810712266513515,-2.033212158571644,-0.5631889112478758,2.163544650136978,1.8966184613468837,0.9765429613838382
2.189482609289473,-0.09300494897142775,-3.1088376171385277,-0.8913567304530583,1.7540999709041183,3.8013948860227273,3.404757980448513
-1.5107800426480524,-2.595088634941177,2.6628460917465286,1.8069311497833536,-0.006272756724827855,2.086951487644539,1.2910260387978887
-0.9516841479987598,1.1218518894956813,-0.010649993097560678,0.8057391744614889,-0.5085961766770836,0.024964201493814953,-2.4527676421257083
-0.17611716658055498,1.7622446231860465,-1.3092095508996715,1.9989107026807689,-0.9309077745277778,-1.7752515724487579,0.11342678667644174
1.6450496660757572,0.04446163698118473,-3.8884264496948053,3.0442694574329003,-1.4608576766178571,-0.259755366841346,-0.478053284839706
-1.3977473667394738,0.08578035702857068,-0.9332444597223662,-0.07718636681709445,-3.5549714343124994,1.2638977814567094,-2.9777897665714286
-1.0414336575437202,-0.8680497196579149,-2.3210504553208557,0.45054758519127036,-1.9966204699047614,0.36709206419259943,-0.8686225962748917
-0.669494868308036,1.8510465116500003,-1.8617664393422462,3.6807111195695836,-0.0816816557135337,-2.606888677044445,2.0913769858190787
-2.379249499840355,-0.1242498850046615,-0.9320196860200503,1.2085323743812504,-1.537374453134146,-4.472694588013513,1.863237847575
-3.049699028320212,1.2530997350526318,1.173183574359477,2.6945178639775635,4.224251703208728,-0.04209972884804744,0.7599631686351354
2.063329858820638,-0.8054356698710627,-0.25236331838964354,0.5304125745641028,-1.6643345959375004,4.142141843836006,1.709268292096242
2.718952899703325,-3.4913666124455034,-1.0527933797837403,0.8881786611998645,3.777179936527511,-0.036407308316533715,6.060687986742162
-1.2567492334471146,-1.0943747125185184,-5.657026727222975,-0.8351099598268323,-2.504174800875348,-2.562276057778494,-2.736057503892361
-0.3725830216210825,-1.1954812008327527,-2.197761974588235,1.1911575791418922,0.6706792570256412,1.6922367531944444,-1.164754960987013
-1.2392428375964282,0.6759713283915345,-1.0131745670692813,0.6399456728492134,2.2458928849186988,1.3999777339215682,0.9866387270939733
-1.379682904119658,0.5947800518128659,2.0958740801245423,1.8171531757965476,-1.990849195044118,-2.5115096344785712,-1.6993943176
0.6150657566983309,-2.307044239996639,-1.1673326156363641,2.558856909258333,-2.167401939010811,2.8681352274594594,0.09940774614304615
1.442865228382479,-0.6254427352230765,-1.39369274521421,2.836391672389863,2.35036306371836,-3.766114089318045,-1.4864946205838236
2.864866283681891,-2.298508202311403,-1.3586004485720928,2.8262518168904696,0.15599216929816906,0.08997506321671822,3.485452104894986
-0.6395410915599997,0.4356774069263514,-0.9625901518470064,2.6675365322432425,3.2596418754282297,0.17990091000000002,0.5162416846037594
3.5510116557255635,-0.8948511960833334,-1.5250185541239516,0.7183810725724078,-0.3039901509932431,1.8009858922428565,0.02431325737575807
-1.7709818490357143,-0.8725915541221527,-0.9614854713128679,0.7700871418805555,-1.0162034088141445,-1.6295143046054048,-0.03103204464171505
-2.9182698645,0.9215248553928574,0.17866898722222202,1.7347469960618405,0.5106816218743316,0.6383545507592241,2.90535017478125
0.9775407150569443,1.5440407382095587,-1.6925912895277777,1.23490378129819,3.641757763913876,1.2310166642957077,-2.787266310689793
0.3599619195952027,2.159217233598256,-1.6133381328050618,0.4182142411242352,2.0914704667216113,0.594670025595861,2.1986561195541126
0.43568075412917284,-0.7507988152734848,-2.350053715251649,2.084308984892764,0.8785601949752793,0.776390587171123,0.6330385740579367
-3.8963036540260534,0.32388390146441015,-0.3973299874094429,0.3149652054397758,-1.6848487192872585,-0.21050510624466565,1.4322212168784052
-4.915428933675612,3.142664821464286,-1.0509073555359476,-0.6611706378084461,3.0858406703421055,-1.4634019240728917,-4.188960811841175
-3.2394555078459595,-2.3241746229613636,1.1602875221024398,-0.38095953462698473,1.019822003889847,2.2885175463506497,-1.3047584751156331
-1.766110356793651,-1.669065125475893,-1.602561373326839,0.9906513252142858,1.1308924928,-0.7943298175851063,1.1093321200042734
-1.3041468738295452,0.07963780788333341,0.5664472049675676,2.7259790216266495,-1.070216678797414,2.123788254561492,-2.321194078847619
3.4683785310964055,-1.4008816481093516,-1.4001739190151512,0.9852063844215689,-1.6101842807270967,2.3999650123464664,-3.054958988282353
2.3498479386155324,-2.813027709341353,-0.6642560266805562,0.6944101731891892,1.165504540222222,0.7893093134553428,0.5534274576829574
-2.411102614788306,0.5990644801081083,-0.7875772310035463,0.2264758300410714,3.3328686022398495,4.316750429942458,-0.1002585956886306
0.2945210140880681,-1.1840078369166671,0.8607721685028991,-0.41876724160028445,-1.2093697309263165,0.9795180974790826,0.6201058019950371
-1.5308193791386215,0.3157936706058466,-0.2029665977137739,0.046404421552083575,0.09837932717555509,0.3788996694576915,-1.0807766876752691
-0.12113280454523823,-2.135894767416092,-0.6741171648531538,1.6354351367076814,2.35567671189899,-0.18801167035238073,2.0697118439704942
-1.2589843462150148,0.1125113699630681,0.2888185721218494,2.426694808400585,2.6337704633571426,0.351335939899515,-3.8508591351714285
-0.2235413148026315,-2.6235649961945944,1.3119084251630435,1.5881034435724135,-0.8885757738527946,1.759836556294624,1.1601337172337838
-1.7706090313474905,-1.611836774371428,-3.4991110490789477,3.162610981737374,0.6053695579947455,4.560183684559027,-2.2963953859484025
-3.7557831953081235,-1.4552370679983553,-2.7342938049821433,0.5153832903788114,-2.659704354320076,1.350990121651442,-0.5462909350862571
-1.212953741405555,-0.8302084590321427,0.3999761756071426,2.2390333538076113,-0.30741628974999996,2.4588128982384614,-0.03634721244264183
-0.17438161832114485,-0.5895192465737449,-5.064409966613798,1.136186156558824,2.0625812987466396,1.2557416048811758,3.1116916430264427
-1.3377104352045457,-2.7271634682753034,-1.8387828531098211,-0.07486616476785657,-2.1220073796652046,1.4560570310955598,-6.68176272563853
0.41429533592954837,-4.211229485394686,-4.666577425030455,1.7769956276641112,2.6809816218861116,-3.0404237170588235,3.6937866161809527
-4.40766493629514,-2.365627295526882,1.4237127616407392,2.9946218004348166,2.0320196168419913,-0.3074795277076168,2.435186836952381
-3.463715821667279,-2.65127405721294,-0.03723102200624995,0.5212307128947369,-1.5132678478780488,-2.524467771075,0.2477446200477042
-0.45501046764468867,-1.5736924796784952,-1.7246847504890108,0.3245490456038085,1.003416039728132,0.24739348731481492,1.0402765876388886
-0.5626194412255641,0.7286710984261898,-0.27482469443076923,1.425922993904762,0.6992811973296704,-0.5441594815777784,-0.5637849682759689
-1.2284395923571427,-3.412743466363636,-4.75132249988421,1.5970640334095236,0.07567930200000017,1.5482093049380339,1.3462210831079855
-4.832233698155229,-1.5904998076702783,3.6896978362587705,1.4545560455794873,2.898546881217094,2.582960206107562,-9.1309373721875
-0.8594362483101046,-0.8219157751874999,0.035330803301169666,0.11767060046666677,1.4820550843888884,3.0807949710688307,2.3373533421583335
-3.0102985522079786,0.13705650504583333,1.3310958682822478,-0.9698577661904763,5.117869953267954,-0.3424906754174647,0.14585974900833318
0.9984335990008404,-1.5532103882729595,0.5484652159327958,2.2430677452913983,1.0922060232249997,-1.7711308189740258,1.3934821300833335
0.2938871167783973,-1.062704963462735,1.600604410086928,2.772365609913195,-0.02268655698504285,-0.0017627540060607128,-0.24475146489522093
0.985515195457393,-1.341326730077557,-0.7373429186796541,2.4286311644146346,3.6556699633600407,3.58645140147826,1.7408069701736972
-1.0706720516730757,1.5156381248045114,3.0831855531527776,-0.7549070438000001,-2.6755512740713074,-0.3384653559349594,-1.5085775264337478
-3.321513350024885,-1.2635054246926414,-2.2190771825543836,0.4205287233790849,-0.41476762219444446,1.5935539647695556,-4.295213917996497
-3.074527361515505,0.1775458521774088,-0.7981497738954244,0.09372289124390287,0.8678649699977377,1.1310535369774777,-2.203397048413003
1.374037862151515,-1.9330761939546377,-2.3283701223849205,1.8390789639736842,-0.11692072971428544,-1.8568194071393729,1.2386092811777236
3.5932204747926733,0.8322948422177034,0.5802269950587838,0.022536905482323788,4.310045493284765,1.7382610283243245,2.6988567644012473
1.4404631179674796,-0.8404260168770998,-0.6060134576032389,-0.6612022974952381,0.2937044140496282,-0.38412326647285555,-2.5730563611875
-1.826325232033957,1.2411685599760176,-0.9670432694809984,0.24969490984753806,1.0889013359889135,-2.6681104264836613,1.4304819723651567
0.7282795636905635,-1.3885062403759467,-0.54801405289966,3.100935189248678,-2.780098094019595,-0.30187460550489587,-0.722952032382857
-0.10095876268091175,-3.931261764139373,-0.6515125107285719,2.369821797017018,-1.7755132977331418,-3.0828803467993424,-2.091037339304843
0.7623179124774778,-1.99443964707971,-0.08839812574225447,1.7879005855320043,0.8499039122533327,-1.1911439906126855,-0.9752088662390204
-2.7629645617312737,1.0401796590448178,2.9636327781279466,1.1382698978768069,0.8767278797619049,1.5737202280991913,1.169644944959432
2.6193083039430145,-2.70772039834537,-3.528315379240259,0.13886014307207184,0.32882236270967735,2.128179430782726,1.191839248229064
-0.11794319791666669,-2.9781119914587206,0.5260738477177855,-1.0159071339417562,2.0447577025585586,-4.747026057069748,1.4665520352598576
0.8254546492831935,-1.1176213813191633,-0.6546454397767858,1.2413140971847827,-1.9943888124007936,-3.0099167301736243,-1.0032827046322543
1.7905869735589743,-2.429481943634552,-1.2642266429859335,-1.0949039736747967,-0.5808693077699247,4.219436137941861,0.2537300771226616
-1.1615084083458331,-0.4781338940857146,-1.6822744006061008,-0.011833540449820878,-1.3412429577826834,1.1548624725321637,-0.8851257703295737
-6.197586838776444,3.8875403304107143,2.4755256573282045,-0.5432015771875001,0.6850888011051282,0.4359814622857142,-2.1629329909439186
-0.11563926532665525,-1.8070412906120692,-1.184621664963383,0.2949625375517857,-0.3255375885963131,0.6577468338398695,-3.284540681232478
0.21122454854217854,-2.4550778101818667,-2.210024122849833,1.0521612339103639,-2.8024072602,-1.1039506202573528,-0.6365981401034884
-1.9148673073405449,-1.773924172484849,-0.9973142071336136,1.940601416042484,-1.8063610343116883,-4.004408897520168,0.8409798183219812
-0.3921009726999998,0.12440816828644508,-2.6468582106944454,-0.5575893230145298,-0.10823200862499904,1.42435118898125,-0.766715697394737
-1.3961931437211823,0.26328499201932387,-0.7747496209093286,1.47149743,0.495904329861207,-0.6751306984984963,2.3545094191884615
0.7214058484721484,-0.4362817304838502,-1.26835992156576,3.163283356929026,-1.7809427021456115,1.7376907390903098,0.3430257073604166
0.21597467915015023,1.1687149404635602,0.3276511413999995,2.109787920792857,-3.1384175288356007,-1.359541346731368,-0.9551757332527715
-0.8056526607219057,-2.386846989920394,4.115569046259677,1.2665322439142157,1.36644636064305,2.212184545864165,-0.795812269157894
-2.5791164299357137,-1.2138601662217268,-1.4602053896562772,1.1135971867999999,-1.0936663231734425,2.2028049048169644,-4.551185953088588
-0.9561315736146148,-1.5589154251128203,0.4302081434907896,0.6341442784781781,2.1433745861978597,-0.19270795527272755,2.9261422571355267
-2.6971237961055556,-0.7163568388709679,0.8287671294969988,1.8473529821464238,5.368147827670139,1.5819805110611043,1.6640184447632578
-1.9130134087870372,-0.7067111555563496,-1.5230139364999995,0.9259042937212545,3.554369450515047,1.644659901330075,-2.0726269605351355
-0.08933595323214288,-0.4541288777290863,1.2893688209999998,3.8379184876052617,-3.3252897676562503,-2.411040170862857,3.2212122529214287
-1.9146799016,-0.5690157021500001,2.416490273510623,0.1684138979714452,1.6812128749677417,-2.6388206624432233,2.6849063026810023
-2.8137090700235934,1.106155428836081,0.697090637638889,-0.7978853004857142,0.5863744241272537,-1.6078579398190476,0.8504327967499998
-2.561239154202381,0.7193234248235297,0.6768809339053956,0.185689391418129,1.4507019543985566,4.3094311588211065,-0.6403122028945223
2.297535352245174,-4.466589335736112,-1.9626841652001656,-0.780627504167805,2.616487186475,3.2717573719344757,0.4021928510789473
2.397391361516667,-0.9782046626842106,-2.8607858916750004,1.147883981494194,0.46609014261088677,0.9645069239660643,-2.598579825080952
-0.8342284764736841,-1.5383561954624998,-1.0255789250760527,-1.0360116267277781,-3.3518900034907126,0.9351974846502974,-0.2476971688142856
-1.1821204056175214,-0.9386147749454545,2.3824815856774206,2.277093012057143,3.3559294526606616,1.0053689149967824,2.3975601335
-0.46853638289444427,0.613173656969697,-0.773956422642414,0.5160903729477124,2.1944243051096617,-1.88584662478797,-0.8262754767926468
-1.1654971167220594,0.28760284826655336,-4.829023103113637,1.532085886356037,-1.722134787123737,1.1089754697674423,0.86544160090625
-2.5133649988020834,-5.294985674576514,-0.11809135430965245,2.1828939555053157,0.911755064092857,-1.785644520221849,-0.7548600786235116
-2.701001410156862,-2.377094436497574,-0.39036489805555563,2.309701337958302,-0.22714751866447375,-1.9385933169389142,0.7164945246880342
-2.159350451876524,-2.1414909467771834,-1.5360714112307183,1.1816875778240605,-0.5588286488256591,2.8677124981238107,-0.06519115799999975
-4.271664030955883,-1.5386038156743589,2.317741803257087,-1.7173480554302323,2.4762048092981814,0.761742493335484,-2.4454686337062497
1.8718691088269233,-0.6180079567435898,-0.8290362846611039,2.90155980813603,2.9119135897771615,2.82489463403268,-1.3000160730873016
-0.123473884222222,-0.09812858582284345,0.5087295373591397,0.9447939120683626,0.4303439734516136,2.4450921330882354,-0.41300964542936525
-1.8035086415441182,-2.7272851140263157,2.7553231974528103,2.5037511510578945,0.09089694656616176,0.46805555754285644,-2.0440747035721154
-1.7081610993342253,1.551844509949817,0.5623172037070618,0.8489089583415946,0.22804780382432455,-2.7796094028666665,-2.8284983410772724
-0.779953824805405,0.8812037065301723,0.3397937189477118,0.8748051850952383,0.9498747408823528,-0.061071754430672365,0.18873447889452352
-3.1931713311843977,-2.8116690052818423,-0.6409646217013514,-0.5328352623847221,0.11146262071750002,-1.422466313296296,-3.934119710446694
-0.2305405831379308,-2.4630350283856624,3.069026391775484,0.5052721128528177,-0.8385212230702379,2.139403135140336,-0.738569044406977
-0.8566967297556088,-0.6128642466511472,0.71716301388505,0.6125274772432436,0.8701122430456655,-0.2431829238182962,0.4877083753680551
0.615541572621622,0.4362014738168497,-0.016281969835714394,0.03424205451686213,0.27431956789864853,0.9052775729821427,-2.1893010683725493
-3.4540026846250003,0.7436176916923076,-0.8773739580195681,2.1624769279946525,2.086900754876316,-1.8698325668798077,0.4031739008991231
-4.810033737062291,-1.0732433974321425,-3.9680255983157884,0.7415580200915752,-0.8314195063260077,2.7088992376692307,-3.216251944434344
0.29578852309360626,-1.323468301837837,1.6761073523309529,0.30343968405192334,-1.1428112059666669,1.0712866601227644,1.0085720254062498
-1.280093397571429,-0.04912572612320254,2.3068023162820515,0.5126145211065358,-0.31230041263888886,0.006444556083434638,0.1655331068590562
-1.0259005761067226,-2.1683325380532814,-0.8139377497799145,0.6016075671101186,-0.23508203319573182,-5.028654427852942,0.4047003951521182
1.2997124955376345,0.34272598727492976,-1.1878135812708335,2.1529758617985335,-1.3600170667548386,-1.365428343874436,-1.8564145320686332
-2.419829811665277,-0.025473999293122995,-0.5740105493255813,0.7331603504705883,5.192275662358512,3.7796559487831978,2.0149342533121173
-0.45784520490863784,-1.5434917971095565,-1.4409660315780983,0.7432287450320849,-1.1058230782943521,3.429474010172288,-0.5873815471253595
-0.19621789270639567,-1.6448078957010797,-1.48473715707814,0.5366834451538461,-3.250854987379006,0.4008838296331394,-0.1010235441081081
3.215443631855856,-1.7523604418067769,-0.5505095962671369,0.23915727946103882,2.4583248729420677,-0.8629629845060811,0.19337132279477198
-3.229011107334559,-1.049635977335498,-0.498644967200752,-1.7192043876571428,1.5727356699090909,0.6561483708700128,1.0517388769276643
-0.760687426638889,-2.15582897849365,-2.1669232509389524,2.2675223819952155,-0.4213082255969114,1.2737069676061776,0.4555608198607954
-3.1241449117573525,-1.5496045696374465,-1.6382448034268289,0.03535409172058845,-0.5482653203471783,5.575650840588889,-0.5474093482564597
1.7387025775844154,0.41465863669663916,-0.2864266220201152,0.47584166458912736,0.17141462153003006,-2.449799036345295,2.7094892128465906
0.7586662232527713,-0.8954173534763213,-1.7653234224818184,1.9493071291842108,1.941892585238095,2.5731830134338183,6.947249414360527
0.23553469788593884,-0.4832956181603194,1.3385059589393242,0.3965286631703294,0.97554597203183,1.247728292547619,-0.5292293942304347
0.8626834146375211,-2.2204868119451127,-2.5166941909801586,0.13351806951604572,1.1047339315242426,0.8309607025597148,1.8674995270580288
-3.539399911322917,-0.8174572254710964,-0.39799878406333344,-2.156853362901961,-0.05205051682614126,2.8701396373108556,-0.6376051427891891
0.034356091089080526,0.7673614244740743,-0.059293098019643,0.16445196509803894,3.983599781658475,2.449527038977941,1.3954614946309039
-1.471765284833333,0.08104232516666704,4.655302943012821,1.0328830363912165,0.5967233526640796,-1.2684652573224642,3.1928614385656684
1.396772500969086,-0.3413954391180224,3.183036424872549,0.878315793420303,2.1711594793385967,1.7006536819424345,-0.5524910121357144
2.473322954112573,-1.9268290906669003,0.3886436739035948,2.476189406955343,1.736701402919118,-0.20919378383333337,1.2416017656526321
-1.7519039505256742,-2.6389728488097166,-3.2157859055149,1.2000470646631582,1.8110548013243695,2.2452298968858857,-0.5092766266060604
-2.390120668146341,-2.7426104440623122,-2.583286969191729,1.9635993994809902,0.9257910668447367,0.8693714500725469,-0.9763857706941839
3.5459127418981695,3.6439000339026792,-3.462915479583563,1.438279225616776,1.714704639490662,2.63251632121839,1.514878429785714
0.19291627937638656,-3.7262562921429923,-0.3802281175497739,0.6093733903861469,-0.22010171302380963,-0.5585116993968704,-0.29139986115824246
0.5690691610937499,-1.9420237768325792,-1.72701254109127,0.008411778843260165,0.6221830721107636,0.9802085527761104,-0.5715339622845238
-4.099788717842104,-0.9575991602939322,-2.4084757585583016,1.9050104241136365,1.5520191275681816,2.628212040829545,1.6937684160397941
0.6874824473577236,0.8424392889333328,-2.534522339490613,1.5957035662924417,1.3412577235459677,0.17051900527978875,-1.5770130555111106
0.6888632563809521,0.9826921550810976,-0.21955354424964513,-2.9494732486203206,1.4231772512362006,-0.7068901469379844,0.4430111894930559
-0.36651878898946455,-0.6700856736934357,-1.1816376343156563,1.6365240061190476,0.7822234551723213,1.7701923693777775,0.3338497477974831
-2.185772429617857,-1.905956023194805,-2.192375392383065,-1.0374720823805523,-0.4299752001645299,1.166405599930897,-0.33080748007894734
1.5152824248030297,-0.9204336483514948,-2.747776613351393,3.0696200784357144,1.5216729458486489,1.0568115039142074,1.188115785075
6.118729291359937,5.339937344751023,0.8011810653663969,-1.2628782925836122,0.980517474172494,-0.4273912855192638,2.503503884212466
-3.403662345284965,-2.9222419733669316,0.5215997159521826,2.4582306300212124,-0.5212122651428572,0.30276125254436104,0.2462551664822521
1.2038855255426066,-0.9028954626393932,-2.1594079868881053,2.7366361710222677,-1.0701436544241758,-1.5607890318239384,1.7084642130591399
0.13861928678900715,-1.8186871498023653,-0.08304821420060293,1.9402910095789472,-1.7547388539139783,1.2687956847806718,1.3761698134090907
-4.919766280663358,-1.612817360072502,-2.084767159100813,0.8270671281626982,-0.915521174296595,2.1436812461062273,1.3696537098614034
0.8064663582317078,-0.35358408627543614,-0.352579132191919,0.4959368073571438,2.2873902777454953,3.2810072018533782,-0.727856925655008
0.21193453190564715,-0.9563219485462964,-0.961984866980497,0.9272022633180126,-0.15262930432631588,-1.015637093034722,-3.3534248556666664
-1.4581828154924237,-1.7191468367985843,-1.733237649347058,1.4774661277762822,1.5674315102833334,3.35676947758315,-3.6757958142544496
-1.6892911711748122,-2.7606304072,0.0595385763887093,0.4446088450599759,1.167968749860048,2.159526104885714,-0.22591323012625564
-0.03522624714523803,-0.7486932982276787,-5.0553225505457995,0.49191114837413785,-1.2016629526571427,-3.312079947816545,0.3231398003651168
0.7335724819032057,-0.6906433753635135,1.9010112724098884,2.9805600258978258,-1.3891858839006415,-0.2617171372784086,1.378090918917857
-2.8776711566145825,-0.026475001080701666,1.154139202489633,1.6362023013846154,0.9263807640804091,1.5058815468168443,-2.501230278663736
-3.7591429638151523,-1.2375154676868694,1.6369205139786185,-0.6639593165240779,-1.1375890721503379,0.2689725465881596,-1.4005807284429705
0.8338930345329267,0.28861145171068703,1.458899411331604,4.486661206194444,2.7843087728333336,-2.154204598336842,-0.746330763790441
-0.9203685470185712,-2.149328298413721,-0.2132930988338566,0.8512404730992477,2.5740014960909092,2.807137311857842,0.7824095561214286
-0.9026204887376623,-2.2314635234647175,-0.8134915634943545,1.1964852001651651,1.6141797983467492,0.44377321343128645,2.8778780823187855
-0.9299752888888895,0.8185816497955647,2.269289010877542,1.7702175693282827,1.2167339590588235,2.0885944506929044,4.384982697134898
-0.14783854925533424,0.23253404983008685,0.6638161605083333,2.4381797730435437,2.36935037115625,0.4625575181262256,-0.1900486088571428
-1.3740244390466199,-1.3966154325858695,0.459083537293441,2.9129584232364865,-1.360139445,1.931221150883721,1.8109007067723182
-4.402770295671371,0.23449726984126984,-2.390564806398155,0.33302231663726856,-1.533660445392857,1.6697251599999992,1.9028957733600702
1.3320774568138893,-0.7808654060192501,2.253364186358333,-2.889684684642857,1.3087309805745178,1.5968763358225104,-3.4362348092903723
-1.9831516205917312,0.7722310329566751,-0.8005192916923078,0.4755379653903905,-1.1543986995363626,-0.852191173642857,-1.965680175288889
-0.13289014277222214,-1.5426377592619043,-1.155496662233896,-0.3536862698687573,1.907367569710904,2.6644654143870956,-2.766390575483036
-1.1950541125092102,-2.574573408692308,-0.3391207029934211,1.471109542383871,1.0246998295958172,1.0690616926216918,-2.0410554702667985
-0.28950813688117605,-0.5678018772992484,1.1167264182214285,0.4929186785934344,4.161130259690861,0.22060851337996823,0.6869029898684209
-1.0677145218648645,-2.8239054546804434,-1.9223012259843202,0.6186740497281976,1.8834766765861115,0.25986386924999927,1.0526841224898988
-1.1065235764666668,-0.6069551966280846,0.9134927289662668,0.5330755157495253,-0.44154429272759865,0.6670345788784893,-1.855381026315126
-1.8520375383510104,-0.5271770241842105,0.24297218998872203,2.3394194465766907,-1.4615748884722224,-1.0931781131180556,1.5892171726853777
0.006871312285185421,-1.2826587705572714,0.4470729685856645,0.6505902446309525,1.7073466248291185,2.391044423466862,-2.436979691704545
1.2620356262628205,-2.4788190132967327,1.798617564251282,3.1801978686102936,5.649623597390978,0.6967476499534886,1.7103410881202699
1.6727394288048787,-2.131247260016918,-2.0966399616605695,-2.767850483560605,-2.614650937613889,-1.7162160806106612,0.2608525247241602
2.8659023811581394,-1.106711880750427,-0.6054617517877147,0.8733042271142188,3.5159305574383453,0.4040834368750001,1.7511003268007521
-1.55572857855848,-3.965822658307843,2.0722098532250155,2.2266499587756132,2.8051945126091953,0.9769102392121214,-0.3718427670842108
3.3696465558696067,-0.13527203969444435,-2.153804833562499,0.09166503120000002,-1.3259073811228494,1.5667023681375,-1.2552450068063066
-0.8558221625128204,1.3443132055604168,-1.3118622362824963,0.4927737487271891,1.2204965272580641,-1.656804130161616,4.2720870207685415
2.2392140863333334,0.42578198214285684,-0.2302889363571431,3.158959183617647,1.1733243958213717,-0.3708945328736711,-0.3671208062339285
-1.7964349501557215,-0.9135868941277776,-2.7821740027066753,0.3471965942156865,2.5929767667542087,2.0664551286153845,-0.6271921881000003
-2.5025726027428568,-2.6819850593382664,2.3506179882077927,2.17061408909375,2.354011137152778,1.331708013330058,-1.8445074865135134
-3.2247167117513373,-3.7521583013744593,-2.978121897111111,0.4475998866309523,0.9318196901327837,1.2611756438068291,-0.448813708911111
-1.1182790288860889,-0.2466505732575987,-0.010381840021203459,-0.3190967707735295,-0.739859612008333,-0.5689391276904758,0.9508409971219511
3.833867044358974,-0.6405888435518207,-0.7203746923161489,-2.624368540639706,0.7985416793014706,-2.769047195113725,2.942344548596428
-1.2182767843865134,0.20087281150457725,-0.2047717837519183,1.9705605921460525,0.7150214683208553,-1.679205402422794,0.5248868203785423
-0.8037518255833336,-1.1176048607193236,-1.9443328256946413,-0.3107536062365587,-1.9815187249097226,-3.205190792772865,-1.5358005693504277
2.3053878391226057,1.4131159513587304,2.5854650127435894,1.79192011117281,0.847250343144907,0.7610924113785716,-1.068797184942424
1.4748543549761908,-2.550394258685714,-2.083863337874748,2.120707324974533,2.9091680721568194,1.4046739754473683,1.7260519076425684
0.5471911235602563,-1.7123596314753313,-2.3709583732393824,2.5877178327336656,0.6580004537667954,-0.6338659500470583,2.0048627098724356
-0.9932332009368692,-1.9049018049944704,-4.446490230414287,0.2706852973250966,-1.2422524042418301,2.7362546486253914,1.3891120038812068
1.4084011259713676,0.3482065156413374,-2.339335203201613,0.13047671211801243,-0.4018494839324578,1.6053350185555557,0.921852155428571
1.440990957925214,-0.13750461902329747,-0.8752093909876161,-0.9204144537894738,-2.3495904370897835,3.170850988780321,-0.23877289984451783
-4.389156706891723,-1.7854588206946733,2.7169828539750003,0.3554097993937909,2.231227777457587,0.14237133532499968,-0.33629965553452335
4.046704438370677,-1.2485280066353863,0.2622838029520349,2.6765639215416672,0.6441328541666667,-1.765580300073969,-0.2899199655999999
-0.1682442803630837,0.31744935147804054,-2.7590677865243243,1.8853675923161761,3.6201952300591396,5.14066245339602,1.6272591347532335
1.7558269073752346,-1.487570139461539,-1.631724541900929,1.492845806371127,1.3763782810044447,0.34543063487822545,1.4218521801320347
-2.7783128634456,-2.9334260506770833,-1.3926879035629374,0.7967975222738097,0.13524049261145515,0.1381975892261905,0.4553308289677418
-0.029099361108354427,0.9598865739499997,-2.5708762815657145,1.9948877644152936,0.020713085358442018,-1.0405248316679179,-2.3980486159215686
-0.8884462122236987,0.03486368567222198,-0.3707428676377553,-0.6914478818847924,2.385226293207576,-0.8294869338989898,-1.0235767367098108
-0.7784235652161171,-0.07143030434274233,4.574626030777961,-2.840955826384615,4.544335311191442,1.5237067717065218,-1.8860382965263158
-0.08531003901764711,-0.5815252831419642,-1.5501119904027774,0.10970584734146382,3.0165076083643294,2.256784618010417,-1.0731510673759397
-1.817160872184988,-2.2528544061250004,-0.028603534941667008,0.18818326949264708,-1.1310502178194102,-0.08416458657222223,-0.48980019525887414
2.231208366763158,-0.962022561923077,-0.0518422443444444,0.768706331198292,0.952679528144144,0.17466941943982695,0.17299902485294139
1.8323116780348836,-2.715674920815249,3.40163503720991,-0.10843808222266271,5.439609598864111,-2.476087255243243,6.309143583296052
-0.5504455774651924,-1.8344318810256408,-3.3578152133896095,0.5548977343890061,0.5282421354242424,3.8204668882948716,0.1541640130847175
-1.5863382246263211,-1.251602573869281,-0.9560054319513195,0.18444018993303568,0.18216009280827078,1.9506242101527778,2.887757245357963
2.095671393846154,2.740934028283077,0.5141006883193273,0.6839228458333332,0.4528307529603174,0.8146900958346318,0.16109101732796677
-0.183232079914286,-2.372858661630912,-2.2217747819848483,1.351740310595825,-2.3320087051837612,-0.39881179368498954,-0.7443556826180342
0.24008727653008122,-0.5145890809253391,-0.9868418325725958,3.1740093504603175,-0.8398619158874998,1.601397268906061,-0.6799894194405801
-0.1673481571340273,-1.3722029271539073,0.5809650491660613,-0.3159485905700431,-1.922909788647933,-0.5039336997658573,1.1929927937837836
2.9435655898801585,-0.08979797398116318,-2.294346349373461,1.5491190339843028,2.627886594683333,1.2962251831904763,0.6890741773534308
-3.6856492867546082,-2.1374620090224252,1.3515203168333336,-1.0249381275896687,-0.3710775461,2.235918981911764,-2.194872969781306
0.771868969949613,-1.203394764991453,1.8303592570000005,1.1414125744409722,0.9007937681806244,0.805115080982143,-0.11051181493324783
2.5236665142499994,-2.943369710927326,-1.7145398214031162,0.7828168683466163,0.8597308728663101,1.87640480275969,-2.3230018311888108
-1.2398612780569358,-3.88489314988437,-2.648096546634835,0.9901661756753255,0.6797873002929824,2.627577172661524,1.750820782045393
-1.6287505351317568,0.3175701102982458,0.005907032009819568,2.452690428381132,1.8406010851848302,1.0273886993867598,-0.4387903008218156
-0.2969029632260059,-2.6121978071406016,-2.338846785811905,0.7824311756616161,3.3418294529956714,2.5577348297185187,-1.5695217223187505
1.552909699357639,1.2121219529939848,-3.411684955810811,-1.3808166428440756,-0.285914796762973,0.8334964730059522,2.769649038248663
-2.010675970734985,0.6559714704473438,-1.1835401384456157,1.309417218507519,-1.0576906336611107,1.2403923897044644,0.11622066597998737
-1.7824033987318093,-2.6322415070303027,-0.7616432230777782,-1.8537875342069596,-1.256339395655172,1.5208470260975806,0.5256981434215693
-0.6457959117237972,-4.747716887465277,-3.381967800287879,2.1744477620526315,0.403223873117073,2.304303011310526,-4.771113825441963
-4.947946505566964,-6.547781936121323,2.1600244898379923,2.2932239856919185,1.866228554236607,0.477471861147286,-0.6199388169393933
-3.438403627792442,-0.333509523020334,1.71654814042684,2.22351951583889,-0.17920474249007384,0.1381483786756756,-0.39925737639676084
0.19107274761106013,-2.139032398310457,-1.7567042930205128,-0.42692829299816176,2.507487921785374,0.9894389169482756,0.5953385506285714
-3.828265811291666,-1.79382658157496,0.5809752464643734,0.4927854728661768,0.4252494255904993,2.0476162358259145,-1.0581376247402412
1.2472300957075357,1.7198315668,-0.7327419173862022,1.191468408111111,-1.9993061256052642,1.3125689162777774,0.29333633594285735
1.677187974601329,-2.156556397057693,2.517397346742241,0.7262008062187306,0.09600239230047672,1.9536359174897964,-3.2315522194343784
-1.767448303923684,-1.1203230874955357,-1.216901893341309,1.7255208596007718,-2.4100165844891013,-1.268005021629227,1.5210984720512817
-4.945548987457366,-0.03180444169736826,-0.6241296623968418,0.4510617284893619,2.058020527154135,-1.4271476196363635,-4.194900424469444
-1.0292047748819768,1.7318533337389612,1.2087194455369354,1.6119192817500005,1.2457078673179227,0.5018949342972971,0.2691881077361349
-0.1440203128770271,0.22920756351648475,1.798147696239535,1.2652734821999996,3.748396874392647,2.36494746613409,1.5507835627498072
2.3374552717973422,0.6395254069074422,-0.38691869869784995,0.8877141462626263,0.5317496479591461,0.8551488236163591,-1.5300208504415578
4.437420776864498,1.814058726987218,1.7484986848333333,0.8115794983684209,-0.7874278422485379,-1.1709953079630468,0.2440814049941339
0.8397736689831934,-1.52812937161685,-1.5154824400481552,1.3957657159112955,0.09781571693055502,-1.148356565942568,-0.6620551071839287
-2.9626523348211515,-3.5166585033,-1.4885050536106317,1.2883499915753882,1.6642193050236165,4.191229065339869,-0.042621683028571555
-0.4833620498537765,-1.5461249092833333,0.10842038846875024,-0.4747882220641022,-0.9965329732361347,1.838674110357143,1.8045395915708504
-2.997826103239584,-1.162941045106106,2.5983616664957268,-0.4832905037000001,0.38741159146846815,1.305884688579284,-2.6405983941018523
1.4477311434553573,0.9431048621388881,0.388048650986833,-1.8542791161450043,0.07878929911644317,0.48284291735096185,0.07499385878175735
-1.402332261282051,-0.5047854419948652,-0.6019693491178573,0.3106967348522722,-0.3825619802500002,4.652743682879262,1.0778169646977225
1.5817450614824817,-1.6975977159056275,0.12844537861372485,1.5420742893672095,-0.3936024130770829,-0.1789977599154413,1.0329920439999998
1.081501113590909,1.292788668729018,-0.4890929367115383,2.9551769666750003,-0.7651738147112902,-2.2654055466543936,2.811682138200436
-2.420150373921008,-1.3051973425160819,3.1408215171203246,1.7344732665351354,-1.9872709716176475,-0.19622284859459457,0.660277479774107
-1.0396792817215905,-3.359257662886304,3.0616510598623483,-0.6045016222723494,0.30984058819705923,3.1785893627108015,0.5922077338222766
-0.5961182966315789,-1.03402146119697,-3.89329540790302,-0.4980223298273508,0.9182379948444442,1.249754246073913,-0.04414254994226041
0.3057235541695398,-2.5386459989100834,-1.072337047108979,-0.7181256491950465,3.191410928563865,-0.6791552608472222,-1.7943091667467526
-1.9974475330444446,-0.5520390552423113,-0.4458798877548872,1.189554530321429,0.9451147224639426,2.9996396041362896,-0.553377873037501
-0.8965349940851944,-0.604974178183689,1.8732940306470585,0.045848812767637304,-0.2518527189260047,-2.877638996849483,2.078063769134363
-1.2476041282408288,-0.5211227140696137,-1.5516882632722218,-0.8173323310419627,0.43451803957477514,0.11772540569327716,-2.9876404569444013
-1.252209009546512,-4.299007096439434,-3.2385821534077737,0.290751244141827,-0.17270339857843187,-0.5736043987577029,-0.5742203123500303
-2.843085405062016,-1.0045547299046513,1.5183924606344537,-2.376119689340153,0.9867481171794872,-0.7625187045313094,0.37732037860107503
-2.6775955937674416,-2.4042515488694445,0.30522127983062325,2.0268454893220555,3.5361940099052633,-0.08291345299327157,0.8266231518081395
-0.6670369391201926,-1.1033900787750002,-2.877817594975867,0.9307625423414637,2.03017840440403,0.718997690544118,2.117742873441506
1.1638729820857145,-1.3688124188369746,-4.399962822448181,0.954351626870731,1.8124314750902784,1.2470879247333335,1.1847153140761906
3.554999209,-0.8514115555270266,-1.2143557785530303,0.9295191629898643,0.13293838913921902,-0.3201815276789293,-0.7473709766171169
-1.839568003098818,-1.7833085050473674,1.5325703615821675,1.862178729337613,-1.9284888212070705,3.1509913444593995,-1.140298271002225
0.45836671244019156,1.5881586103256584,1.7571795231023255,0.47320034480200257,-3.1473470968212522,0.8395566030462963,1.4202723756254918
-1.367755912285804,3.8006157753831085,-2.9471549674669175,0.42403039553989724,1.944325463221447,1.6474933375014709,-1.2634275281083591
-1.7233035049722218,-2.2245958934499996,-2.7565413789287057,1.1906499445357142,-2.302428516988889,-7.419367004003031,0.2879147966714285
-2.9422057359587477,-1.7312941581324863,-3.3833264537585537,1.9827810520294118,0.3958154539952151,2.699084907287134,-4.242144714794335
-1.974167344929253,-2.0392559447228162,-3.000485457518717,-0.2774726478293269,-0.4781697976646424,2.2490878605099085,-1.8409736372608698
-1.2169138430095239,-1.1181100836926459,-1.947921428276801,1.4364973460382882,-1.609558732187325,-0.33814751943333343,-2.781754677047346
-1.1987642229655464,0.03964340342619055,-1.3554887898869048,1.0794869363407897,3.1240993393648644,-3.0292072353032093,-2.2651562609391886
-0.6236587552571426,-4.33271313454067,-0.35016868789927447,0.46923466054954965,1.1891107171326782,3.4892198852611105,1.7854808054202655
-1.0592636616354167,-1.6061115673860298,-2.434016358570732,1.551364341133572,-0.6225691852222219,-0.13786070279487206,-0.9118390035745617
-2.9139189671590904,-2.2318422642214286,-3.873365286876489,1.357639136890476,0.3502422445557438,3.934029501817544,-0.05736111304935054
2.840344701426087,-1.3074929577697365,-3.578953526697916,-0.4003893799975522,0.2764913660672267,-2.2507586190432427,-1.0301936180439655
-0.12802131059210486,0.6774411345627176,1.37373704324091,-1.442993571530159,2.7172892290443316,-0.6441018216904764,-1.6303784854279575
-1.502996621872807,0.8438519871345864,-0.423240048960714,2.095357572793105,-0.9932064475555553,0.9508891949499999,-0.02007472177241365
-1.6029399191039484,-0.8569829627034489,-0.12162741845647868,1.6765605781198274,2.1649290013227276,-0.522882612100267,2.886030974731532
-2.1329218784342947,1.0346528037412588,0.8439699316060607,1.7514203623225806,1.7998248932901846,-0.4260198324553349,-0.1016130097393163
-3.8292637070491073,-2.6626480714858793,0.7595295171904763,-0.43351093582565814,-3.615429839585897,2.1552967540964283,3.508922647030303
2.1250600381833333,-0.249537719963659,-0.8619134363371043,0.9788483690733691,-0.26579125084459465,2.0578879942949304,0.8627527749999999
0.06284879196321858,0.6221528658307931,-0.9052157245571892,1.14242968691572,1.8388905363947372,2.5992928448869463,0.060223063967965396
1.1309026249166665,-0.20230642188048764,-1.2840462049658534,0.8742976977660473,0.7222442490981196,1.5353644505989166,1.376602134190476
-0.0715272732159278,-1.0634125849999998,0.49565182226010085,2.8080237389698715,2.4434305997418546,-1.2942524643931992,0.07213655603882596
1.3489037161876267,-0.6462286850052874,-1.7869356977277524,2.9458128110438597,-0.9751090350009678,-0.26947675343555544,-1.4309164905892446
2.376748299517608,1.6863133489451614,-0.0919722853895848,3.154450243497615,-3.8481110385701753,-0.362545584925397,0.6533754299139924
-0.41186484124374956,-2.229016805421507,2.2410274081930943,3.1877322940833333,-0.6341091283096154,0.27855108859787014,-1.896156990415462
-0.8007287635501168,-0.07598133323181841,-0.13863192674230723,1.327472150107576,-1.2834433934428948,-0.5703580909176321,2.080347414514688
-0.059409363079832134,-2.2941803923873754,0.042604764111111026,2.1573633829916377,0.78586546377824,-0.7651934325525528,2.015727273760234
-0.3714353938585363,-1.0393341646439886,1.4541659199461536,1.2340003138444267,0.07228819035964862,-1.4498021690181033,2.6561519265641014
-0.7607518392499997,-0.4311440563245611,-4.881067095159593,0.9131310465106685,-0.28044518120492656,0.372874557308772,-1.330144445757576
2.419979378674725,0.24895388625677817,-2.4084233978730767,-0.896581453670946,1.572452764981352,0.4012129664862743,2.4100294028754483
-1.4061574880000003,-1.6851204045506916,2.4452120505958983,2.9582685616911193,1.045638942941991,-1.2628635081621622,1.60418044491639
1.8793917356452994,-0.42168004802356185,-3.37214273323077,-0.3210965016117513,-4.935649332205862,2.7537736547129894,-0.7390621785416285
-0.038343131767885286,-2.7887393170402115,-0.9737660111808365,1.7318740609569228,0.28408058380473,1.1649813194598928,-1.1000214111191162
-0.6448824446371952,-0.9000766051403849,-0.5115083510654763,1.4125034282714286,1.988182286357143,3.9316510531059743,0.8522944076061693
0.015488503027777767,-1.4152915791349523,-3.088682138088722,0.003714027375289475,0.9303736628639103,1.2815797564356988,1.8962848819842462
3.3329585760303653,-1.2947838208601188,-0.8607702569117649,-0.8499628323577435,3.1333056291273333,0.36786772201212126,3.3701822131886447
1.2048986127439025,-1.5674221038853657,-3.0370876974834085,1.0947776417508832,1.613955877333334,1.8960795898142042,0.8704131156868687
-1.98908927822832,-1.0253077051351347,0.15677884629047645,3.2945395878452386,-0.06179966736363618,-0.05324895508436717,-2.9572316025262455
0.3928491046804513,4.439180402219697,-0.351025180681819,3.806545255491978,1.3706444314210526,-4.011580039496552,0.696054533874823
0.7316637421597558,-2.1388418686403936,-5.152058140940199,0.5012425587499999,-0.35648111489189166,-0.6380728160298701,1.7935470695760283
-1.42083049843318,1.9667711096875,0.20853224182922192,3.0173736794358974,1.609342204233989,0.3425540660497076,0.6277698653144798
-0.35317626805714253,-1.107896480922647,0.7282208891161441,1.2424250589299222,1.1396962405108224,5.997411422597479,-2.5732649116749995
1.9221622817730768,0.7138080158459772,0.472576728223417,3.1742068507047896,0.1388684269464282,-2.4597227226546052,-0.09392127859191901
1.9197295315873588,-3.443650066828572,-0.4105142141784314,2.1443640084374382,0.19107205097948698,2.047577582130233,-3.7509214013824965
-1.1938436074,-3.3601342392574374,1.075404441288393,0.15708815690909095,0.8179426359074072,1.9873546970716038,0.04473014219858171
-4.18003209,-1.7831235515880686,1.8811084137634613,1.1129509937605913,1.9796296514711633,3.8533285402597413,4.12064990753254
0.7277009512175867,-2.373229953710366,0.8645816094739924,3.1463931533173373,1.6546141142156978,-0.15757204337548128,2.110122823560371
1.3432566072205778,-2.7200468174095396,-0.8918811488262548,1.5217992447330058,2.047744295562423,3.5288010807111108,-1.6164013985842802
-0.8793676736407894,-0.9126376416797173,-0.53147771827566,3.3518715996515875,3.6209437241621623,-0.3497228443341269,3.0896115680435896
0.9364850492936507,-3.4776308226891883,0.7095744036060148,2.2331664866804886,2.0539762255239364,1.2785089389712967,0.5120125579096643
-1.4312897602717742,-1.298651233265766,-1.2146091333625,2.119132614516918,2.162710669368132,1.27519389656982,0.7164599939059828
-0.7799264657777777,0.2609691545405669,-1.7407424832693985,0.7454178595693282,-1.3500046473355265,1.9543573339887212,-4.870435412581578
-2.9312937971470583,-1.9806011932500003,-3.67621478460092,2.348905520632883,1.850920288096491,5.159476834530631,-1.7991324619372586
-1.6103819983846153,-0.29463004638419443,-0.06174675167857102,2.1195323259705883,2.4231772018345508,4.250910079730769,0.08331157939181287
-2.0489958873986014,-1.4811783816666668,-0.6466194031194447,0.9994438819333333,0.03802340381872127,0.8018496929196698,-0.9953087504874523
-1.9149751015543999,1.4459845285158983,-0.8559011935777778,1.0774382374533567,2.184942247848385,-1.1105893223177903,-0.3557475059703079
-3.6762583254787584,-0.651814365116633,-1.6705011735282056,-0.8067947405980391,0.23759280718716225,2.476504579514286,-0.3530254165772896
-3.8090032403087912,-0.7561288306991594,2.395856721589744,0.7198305454428573,2.652050341161904,-4.447558704723404,2.7258945501212115
-1.7048587213963966,-0.5979899576740901,-0.5685211748272956,3.6187117326502865,-1.3544419623720232,-1.7188014953333342,-1.3775567852953214
-2.117051458374603,-1.6040758195190548,-0.8267151010530309,4.172034062135135,3.135383017833333,-3.7945680855160875,1.14469653544378
0.12160733775725874,-3.1929029357186156,3.808027809771044,2.277780602650154,1.4387818211428571,2.637448763351995,-0.8319617283674414
-2.0446369028824267,-1.0881940717368417,-2.0663092620466834,2.1708272750116957,-0.5564291302246973,0.430790646491342,1.1763380930555558
2.318656701644599,0.04297728865914796,-0.2009049844646983,-0.9227802668250003,4.309524068936273,1.0213283018704566,3.890772010591234
-2.2997199335441185,-0.8770765301193238,-2.865704508580953,-0.9779321393523811,1.8555129191087296,0.17608674685627523,-0.3597690919640564
1.7232644655948766,-1.4877121201981982,-0.2702184701071433,1.0470198107986486,-1.171032236329412,3.213995440338452,-1.1927634553298612
0.18871266724786318,-0.4219419275323306,-1.5180442207706002,2.19416651247804,-0.8449913549165217,1.83590741205,1.0390946897365967
-0.9433080789526314,-0.47697288238871205,0.4437874285601028,0.12456736334285701,0.4041162861186336,-0.11999320232612587,1.298713852659302
1.0368901595108353,-2.2707458883483707,-0.026083796095238476,1.3734526316350497,-0.17130126146370972,0.3234695104399399,0.9833874092984902
0.8572864041846773,-2.9765906965791125,0.9855292979752426,1.5665942942301867,1.5950327540073093,0.5672466399053029,1.3270285093115533
-1.961403735501165,-1.9884754312894732,-3.012958252649672,2.0807766149373013,0.6672707412524512,5.181538591371428,-2.4012966326535943
-0.41401742045454526,0.3258097495928034,1.3452419580048078,1.297509994739881,1.928459869231908,-2.4478556631613078,2.342461907548246
-1.4360841285420052,-0.9380172699764706,-0.7228588881386555,1.277381861721154,0.8832807668621847,2.8388006128484853,-0.8864899673063058
1.0621079017607973,-2.5371366811904763,0.4656861505195672,2.2545490366146304,2.3261493248562757,-2.3131175911833335,2.236601681908536
0.8432623957766714,0.32521317978991593,2.3292497119516318,3.2456279013303764,-0.6850754724229164,0.9462691820750003,-0.3850470578137256
-2.6464143497517245,0.1936653541826837,1.0089520486571433,2.3418508472254898,1.0051810178433582,-0.2656639823625351,2.0038209070939024
6.671972070947038,-2.4227472935934338,0.6037929830987456,-0.33941577194852957,2.543066786576389,4.009411899004761,-0.3638300595792149
-2.2229715562,-1.6815036948837834,0.5163504083030888,2.626808329721925,0.9238514713473761,1.3271044045968252,2.2442405305166666
-0.6744611675866838,-1.0102155988691643,0.5182561988808241,1.6334452043142853,-2.4734454395497836,-2.274931994416667,1.4209018263061224
