Glucose,Fructose,MalicAcid,TartaricAcid,Potassium,Magnesium,Calcium
116.98901243008434,49.64335346993134,255.41968974142824,150.54408040194332,64.3241497299842,4.369810415915609,4.681050101554121
101.79040703089382,49.12509021850404,213.0591526317459,71.203833057889,27.5649387571674,3.7383694335956754,5.694841290970459
194.44330699267778,175.50251131030706,-99.4035506922952,135.44696943989118,98.489272055999,2.5598270244982038,5.825074075710347
564.6987479529959,556.0549203179157,115.72765937389639,51.41699740417,76.52199310723455,2.86203097020918,3.7767847840194135
299.1529865253903,230.36532221728476,92.70077360456706,124.8228561961201,38.8207559160117,3.2537526592318526,6.310618162409349
571.7000892599318,568.524077855421,-198.1091795019651,150.21551016027084,13.209920420040527,0.30743849571514503,4.439106430368185
-118.54486050731475,-198.49592066362231,305.26392770655855,222.61488295777554,107.28269372955384,7.125145078965993,14.66873071259061
486.0680556630917,487.50644415607684,95.24070433858274,167.51255504154378,73.85626779180316,4.665595620450483,19.562065402753763
698.24572916749,716.7197096411137,397.4781120229729,93.9670671917318,24.29200628418557,4.019421456723316,11.396635836287318
246.8865731059218,216.6030779921513,228.61678195379722,227.9472936478423,88.29542076951626,3.4555801223617637,4.448470892503786
839.6585685593595,794.9616935417818,236.7293331823945,112.8719962801117,10.29666462801723,1.4439702014773923,8.050769191638198
115.66687215342641,55.92136989597073,429.23450565547734,59.58522058447295,145.69172844528123,7.805346281645962,-1.8192839820618956
211.63725709953334,189.53664444223944,91.34115745896409,180.6296035630833,50.725640529488096,0.08621921757224493,4.14291321191947
-102.98701220616044,-172.1786881714396,126.4489103019898,111.59977218844139,107.98908309766551,0.673962160298764,1.651151347678176
253.69952698216565,265.6176246394248,-35.184041727482445,112.81258653672081,12.6183128552159,2.9412479112608976,2.084493952086044
59.77059991385254,2.3158805966363794,230.30152101812698,140.8351826357375,54.34672166452153,0.26978985021140867,4.56665445826476
778.0364516738613,739.6895649811114,-103.90182417083412,47.81193457034427,29.269291227192255,0.7989537370674891,7.744531730376572
463.11987532945557,452.69569943587334,128.55024937979854,222.3325464584975,57.053531580856195,3.6423006154095945,-1.505050377963491
673.0098656906214,654.0392906031442,120.2981435494044,165.8379109972271,-43.9207173296718,-3.346315284921766,-1.4998487661923479
735.523640249988,727.9274949290642,80.45324398605909,75.95799833286387,125.59849876729812,2.6319387963213816,9.961658904321677
91.83417199656911,25.000436672721598,270.7853158907128,112.1835263188044,63.15965847773014,-1.459462903545775,6.704771718331857
-0.9977119137094559,-43.692577725824734,100.89783857430078,138.39942597164242,57.99636848590298,2.5098926286927283,-2.4444223958343576
694.601528116724,676.2662157636855,457.2214945461165,109.56978502633918,156.90459049641365,3.8089431347790876,17.30835024132871
135.34665658728832,107.84884180683149,422.8388496836247,51.67859666845339,174.50523690513486,9.06484835020472,-7.303786199161879
416.34010667252875,354.6437749979932,507.0642077038687,152.51468123227755,40.059877957496546,3.2530565591303757,-5.557248527038647
231.8736563719762,192.40553998710595,61.211369033076096,166.17412262365167,30.81467787795645,6.1746651400090755,3.861804763134348
356.33289897739525,325.57960316461117,317.7730747501936,100.21144891823403,-38.13350431191861,2.582303858138036,4.934885279818591
240.25621076030242,189.06293981399224,405.84257617709306,115.03448857446932,-9.562972302681857,-5.42811857777148,7.505115357507129
428.01856479212745,412.61254159513186,203.40305632876854,205.42339175842278,70.8332332138375,1.3800838203553307,-7.519337775320875
212.4083980065013,182.87109963113406,-39.50829588606548,7.956561964792941,94.45124168349597,6.17370162968523,3.972402524816324
521.2129141854135,494.2736792128299,137.1222253776991,19.434568908680532,49.36384720454898,7.86609288590603,0.899175053585948
169.89637343337162,121.95704746448665,211.7588533860406,167.77029595156043,149.24911373733872,7.607434839454068,6.408523325413988
537.423039428027,511.9404752185311,343.19969115112895,108.89412588289703,52.283172035837616,1.9321832616881798,4.427634971012222
47.604138917654794,0.3611522242664176,-367.0625233353227,216.05557476096064,2.677839515796762,0.11390845926825433,9.838335791301171
230.4330650156091,263.2248026075696,-65.64528429659167,100.75912008896803,120.53655419808018,6.60764060770488,3.898029019582221
120.56308475639393,104.94740656727637,157.8921550787316,103.36879339801597,66.26554898895529,4.35588312614922,-6.1803318499388045
391.6940133817305,365.85629306923585,178.4882144904383,155.29735743964943,96.52502498916225,5.896920202936628,-1.539471023862701
209.61053785172902,207.30062381027068,344.3133141925693,68.7363681263081,64.56911147544425,4.087171552741204,1.339602021352658
466.9791645950936,460.35168812288964,302.06094974606344,236.66228310710378,122.24488120008188,4.808699934857604,7.491430054405878
392.159749174612,361.8013595982137,184.4392372303266,90.77710066706537,62.32952158659386,6.641455397318412,3.1092216750665997
131.52765593143772,96.02185393132594,295.8965521082843,146.4435620274666,150.30379957727783,7.325357400053584,10.048676662842512
210.26812682324336,167.27354479771768,51.10974311194545,106.30252157897822,-22.86572046731806,-1.1342364562456155,7.294217846157834
311.6591825434973,242.2875034234795,207.8523079958431,137.04541115163207,-9.825204164861994,2.082434126337741,-5.676555017758035
255.3698864394917,182.62520310840745,443.2497040598438,43.66756436531541,79.77274765107802,3.3358860449817445,3.92110034412399
351.8618622982501,259.74430733981,127.77614587421101,216.79294752527647,75.4992539527924,5.704896234532754,8.611482824570105
441.02691083679844,393.188275036703,434.53045758084164,128.00745525468867,74.71225722292724,1.3363598760061741,7.870514151582254
343.30085983559394,327.99131787298455,169.39513180323542,143.95544065284565,110.03183860322208,9.534254505044796,8.230278094155354
550.4293123304888,525.2375541774018,277.36679098755917,179.89674301166642,112.58094473319926,4.992428374020997,14.085346433967004
170.7350775493036,89.0271364290738,379.63850465991715,122.06646604903683,112.98639050252075,5.364090936512339,9.538488040679907
650.0807000329676,607.3551457442819,137.92215678130339,147.9648889280954,68.52583473283148,4.798755502325106,5.5888043356503365
125.34897947840398,61.48739422847819,157.00691734827353,74.90144461459286,104.36681441652658,1.467347235460311,7.123489169597406
664.0059303098379,638.8597850258699,-8.784511693709327,119.38702200356427,-13.880307589711736,-0.6382102961360065,3.455044638662228
502.01545831286023,461.9679332008465,348.9812644102514,182.14477515990754,161.71387936702138,4.343954126994044,2.9032863529812545
669.0262620211523,639.8431673329775,72.46847574380651,18.758573659638422,120.52344510657059,6.342586982901397,5.9998501428209945
640.9864768663234,596.5965351269465,-200.8894422762786,44.02246525777057,74.98262013120139,3.9452984041661185,-2.0114197119743475
694.056231356311,671.1512506015183,-94.9578240505641,130.82646048874062,-33.69447700516981,2.8355142601022676,11.075620577383003
40.1106094877421,20.55376885839109,254.11540388057557,60.0448377511458,63.95477048044943,1.0794882271859283,7.264230962094539
67.65125292241879,57.889754861487106,-192.0171454731375,173.8566024714893,97.78412189799009,5.418908226593142,-1.2528471372783396
163.57630879546647,130.881761231678,169.86707211063847,28.126830602776995,105.4636342980992,4.206618123285343,6.261139540434611
610.4877734014508,544.1368023452751,-165.099523826132,94.46260131548853,38.16379092354737,0.8390120584694742,2.8434250041296227
920.0124543325752,888.778773139982,248.31980425941998,260.0749252792737,61.0385440257007,7.295397295382511,1.702954515697797
211.8944969825273,182.5829974886214,169.13538453901086,187.28523616175002,74.395960847563,2.7157089338296405,1.7634250533303202
122.87132864970634,81.11855344015196,133.2758943025999,131.9378703913554,184.75684111853394,7.177671858543572,1.7316031300678303
121.51097070974522,70.26061240788766,-91.34221797414153,142.84287274062555,66.19909115974343,0.6059078151515154,10.064608287747237
325.7279171424257,327.49738379912503,340.8334019507404,78.6530652766296,-8.074921118421875,1.3010220262326144,-1.6641908698555925
403.48577935847135,366.4810009046692,330.94677410640423,141.14995749376442,64.73923903774012,5.66599316054787,6.886435714683746
292.62487874970225,251.25379135387254,406.4444145349935,88.45962533807908,43.86125817246195,3.8616687420556683,12.310013948389347
206.10718981201276,177.31979444556376,181.35803023583568,118.30720862312563,119.45322084626193,6.36135581149749,13.506086985237982
456.16333816488105,371.29865716154535,16.773402554281546,94.15232635836516,106.15516010367296,5.251239241065201,3.5252251233800926
453.1980849216062,453.93028233894785,364.20684877441835,90.71200136282528,23.838771082974542,2.8971835459806194,6.545666020797011
137.06675956497986,116.00208263887741,-68.92715576211846,108.01017612506122,67.58267741750976,2.998177821406824,2.285457546687525
157.74552739542062,106.60308901324038,166.4158685196992,182.1696525059568,153.50385517054414,8.379885631314709,11.66387889498415
500.40697209876043,455.0224451724781,232.81288920109023,250.526800154003,23.72499300884665,0.16010562109621818,4.698760276146479
667.3315309786221,600.5613552175708,223.50863118068983,194.65298059395596,74.81235702592609,1.6222522611846,-0.5036939066290425
296.9813333117705,240.7535794884215,314.5991771698628,161.2938993622354,89.98677598185448,5.360289287118328,7.831592146791003
480.49094579676307,458.21750622002827,365.8882290973275,63.33744926767463,28.436095793133294,4.429616931232491,10.418545367373458
467.92787312206764,421.583882872623,371.0604497490561,40.61459584931966,149.71627815611959,4.427253528561737,8.168691984752924
168.60539951396743,145.12125386211474,275.42833719802746,34.51237494345592,26.316851250993253,0.5570368431837585,12.534333497549254
116.0643202009265,68.94463631998353,265.9309569086986,104.68613340938016,44.945491505067665,1.2072045975164847,1.7390205063999393
305.9737319419907,231.92942174960382,196.7365827364643,142.19743845332349,80.7220830376298,3.1798052782527853,9.084227898848209
213.82654622457105,189.4117003068718,215.48305326671195,137.23121070805777,86.84590057765674,4.946361635716066,3.8318691681185872
491.5655952150633,426.3665507174414,305.5435880676891,128.91892127425376,108.09458379011565,6.317501744162486,-2.490204476827197
-1.7694011276636552,-30.98563441659285,82.12026396546374,265.3494776389483,24.756841131060266,1.9721109696405703,13.72110885436486
252.23390181710022,197.2992031839233,-106.06794836661868,219.53150840045663,169.47369195949292,8.64107726344713,8.123601729957414
504.75978923154855,414.28673911390166,293.1854454193143,63.38609848507002,96.5543890537379,2.9064545728440416,11.156450694381608
298.27145993423693,210.70863202184037,386.9325294783212,146.8906456687406,59.04290761219176,4.910129976907919,3.951779479897787
299.6972749322094,264.49899433643856,407.52870518736654,108.87072663947184,63.58078946999494,1.316292432430002,3.1024170339573276
316.688704682151,292.63949003344095,-160.08661316059633,117.41314157186174,-53.624045230954124,-0.5019766591118284,2.6039518825449544
282.4882974911462,227.537876769298,311.0871345105697,213.97253759704557,65.12023571570403,4.165125032321759,6.6696797863399535
290.525126758128,242.36638581498437,205.9581159811555,157.10717577575605,39.45701480356089,5.397927330973648,4.108658832749437
360.40856716118225,330.81129668203414,7.117147912285504,99.04430852302293,56.57102552315382,0.6103079111567866,2.5834208207345077
336.69169090070125,293.4801803914251,524.8667612805776,128.14266840953772,47.73211825178017,1.9883067445820544,6.990147645983523
138.23177384761684,115.63475428086895,269.36915523717806,80.3619463228522,167.56890284688052,3.1750423609016147,8.102038979486423
608.0133215142229,623.8384527798589,419.68709728936204,62.95316553463968,43.64762925822422,1.1037546770430202,3.349290412616642
346.0679307725102,324.2608103912317,106.32613436377773,131.3619243585796,154.8497791450206,6.505804940369237,5.492906663347354
433.38800325922676,410.58123834949015,313.7888514683751,96.65903984882932,-35.55113481216502,-0.533573829458795,8.069090055839801
108.49733047971507,88.96538108946399,412.1659800865838,69.94246616678235,120.57409857116261,4.300207629113321,-1.8207281662701902
-72.717459548347,-147.46589214585458,5.41432941018722,213.67137995682563,130.56989888282058,4.201796917176687,7.799969185806625
277.3912443977778,246.8078250454859,40.406910516393744,-14.09630401614205,22.213090317389632,-0.5321459506294892,3.679082911522837
462.5321487691758,490.3339467084514,-256.80853364994266,180.82027772203486,-0.10312990505005985,2.2203562968383768,6.424694876075127
-39.44797894160487,-129.2790663415461,17.348031243915557,31.19145996702881,167.5606001051325,1.7431916165434558,9.373557562603116
133.1772777339255,123.06343170056412,423.460988320883,87.31364660723857,-31.460508244945558,0.36526333132444955,4.399422734425344
214.79137956335956,207.2745913879021,270.5216012737974,173.97190734771925,46.23474443306421,3.4521353445082346,11.973447257881638
574.986876566433,559.6537351842009,139.8709545074153,57.4953334294202,154.52580997484998,6.900794754416691,12.860553873778535
802.6095156041243,772.3835266505891,26.557858236620024,47.67705710316731,168.9954052885175,6.208602930922994,7.058395244433039
228.94185726084692,200.01522994423954,39.47206093225739,178.9077472613352,102.51403135190029,5.160719903448282,3.174434567916356
540.883332767079,523.0182292459467,478.5060485460519,55.48163860385141,14.519276178538023,0.7079712757634307,0.3911264369004766
418.42292687383446,381.9353682742392,9.689920972931258,155.5181132397195,16.08696759371718,0.5617252639752309,6.298184414686105
131.10539446232733,91.82729952285166,124.93055421652132,106.06039240316441,133.32393636736003,6.661171526774652,4.359926982113422
548.9926835521526,541.4108632162751,172.297509192974,165.16906072920213,121.83340342406755,1.7066176947489908,0.09902800719500714
473.21636391737553,520.769627770573,58.634884504877675,101.08220853382774,17.682565118734725,0.3331468846520611,10.544406863837265
371.8295108992849,316.29564952232863,96.66557862070397,42.49729005989302,108.22393789797616,5.347161886569593,2.0510422426736894
279.2269930924822,224.49900612871173,251.0588427734221,152.46606098568483,8.40742149305868,0.3116409038702084,5.247914829478162
314.2814925616893,285.57534924748285,148.8870404009295,-4.007852991221603,94.1722369499915,3.03960396776749,1.0241527081566197
636.810148940024,615.4096942540009,142.35197347624606,87.7756601910934,64.99300173949106,-1.0344631661704593,-4.228515956918423
567.001415360852,495.4128772864892,258.053818636378,97.2808361782045,52.439792840879335,6.012603470062743,7.298974100666211
731.8271515100024,699.4637011474238,257.02404631743394,97.96801889580092,46.92464960624817,0.5992006146089026,5.058721320587468
409.36701449272863,353.5088737776213,103.23698872451595,150.45246131966297,142.10737306593234,3.82634967302336,12.579924148655865
668.940454346485,657.0708060586898,276.2688835202665,59.98028553008622,97.16184311814996,0.5441779951436385,7.54742762699109
125.45283528860217,55.019287239311225,261.21842480575316,170.2141402021086,81.79095314029693,4.164995648782983,0.9950413100831481
557.3067929655803,540.1388947290352,-0.18544157856532,229.3515088998165,71.38538083619201,4.342161739333432,4.108981416075243
806.0363375226152,796.2762909544332,244.34927713966732,121.55911898068693,74.53848904062647,3.470448396808224,0.8486897329691281
417.069031083751,375.3948737573353,44.27442135392749,109.9891363023413,-30.09104701414257,-1.4239466281774724,2.1790231768051034
310.42868840997403,299.7097148649805,532.8696935704523,155.20283618303617,79.58440071139295,1.5204428266701373,0.11247106944289174
488.51417763875946,441.65174079661364,30.992671766337946,158.4811005896632,70.7066450144031,4.929754264822809,7.247191548042841
388.84179749088383,384.6482786203608,-166.2916819833612,122.02199211017249,49.26093409396417,1.1972204861742621,9.286798729707732
195.9359191117484,94.9610582678466,52.655111189139575,72.30762468924144,80.18181886518967,3.803444796536953,7.92808196277838
59.781327202221924,30.36234320186381,89.85018766097843,129.15882791229663,149.83960643250904,6.741504286024068,10.113738950323551
666.4971486657965,620.4987339428194,158.28927137851525,62.10262418798689,119.25953197609597,3.478791818687771,2.066319156049468
40.16396756576647,-0.6598479389566609,-159.49467658990287,83.37241826893984,100.71623290647614,8.304404849126456,7.208904944774348
327.53352753184976,277.57500149616186,259.4570052881426,184.1058359768891,112.19565321754162,2.8717230554040465,6.480057363445987
433.62914121800554,373.55212835066953,321.3469614968568,158.5507699489563,163.25280517904807,6.893103819230025,0.9836791442527639
209.2269684097367,180.45480748880948,233.8997538873598,95.73469513424175,-1.8101557562759871,2.513147290380914,2.217273091721358
309.90019015907313,288.2744469844882,79.80854598786459,175.07785550347623,44.35629502993134,0.49526761375102857,16.068570714842853
131.72465932666486,90.46894093890702,71.12417785187327,130.47506356938445,60.23455425746466,5.382824899297795,-0.7661217418603342
421.4260374551331,397.30335709345985,82.50686594568911,157.12144335090304,28.450242124129634,4.637410903666046,5.947343256367675
327.8328794864563,296.9075087622004,57.4242637394525,183.61541472095695,76.79327777257153,1.914770355897019,-3.9569749485979
544.3126068662631,503.7605798307074,246.48633223413623,127.11964220020869,18.625636225167252,-1.0032046101420264,2.1064096539737656
154.83910918669096,136.21917869514402,225.83382077253137,46.3978614349844,154.41156394214514,9.307783062613762,9.465978980154997
387.9464536029637,369.8425814698093,204.84183944678168,25.883056103559838,46.563602603231764,5.63700312689023,7.626830788234096
198.74138892332132,145.53097782020447,278.1497851125495,99.75239959003875,64.6182659115253,5.098642780005855,13.277309698311196
415.53664360905947,391.4455865630174,-10.449919065668276,119.11328412947789,152.97846605664606,6.6566544779145564,-9.16982662646384
705.9990545158518,688.322725790224,2.8967567950041255,53.67436498404641,10.998588726861648,-1.6110737258143697,1.6853988781601505
164.1743510811767,118.10760794806298,286.7595062322776,143.13118693874023,44.693634981819834,0.1205981695605276,5.820221230809011
212.5406329124012,189.07560590378569,27.844627920919383,92.54467148633819,160.9205287127344,3.1090009121479913,8.118844134526778
476.793950702395,421.7552573989578,-22.0350593974133,95.88500410279468,117.28373190733068,6.705683578769536,1.1410754086371955
94.63265961185857,72.6925520028602,306.1918254867634,167.42157616514203,69.49682806238584,5.114696625624938,14.429275969584518
-9.327101897112962,-69.2586262233958,186.65149532902572,170.53002575962302,78.61651656539338,3.2657967895993556,2.340362905096342
424.81535037522195,402.43124797478674,168.75432327837387,207.87887608684315,-0.8580075620310327,-1.52900546327453,-0.9692351618117276
332.8645700881602,286.73276511292033,111.61769245060454,123.34637090774068,134.04846085252362,3.652082102064432,-0.282166709728053
562.32945108165,490.91885316451794,605.3212976014491,203.75675957687622,70.73927171136336,7.021386603074392,14.054170162049992
299.3210987253492,279.19625908511347,221.27866972340888,41.97804057460629,84.99909458060668,6.870254915227831,-0.27398970094680036
345.5310382733247,302.06531615071583,280.6475014454409,104.38886737931635,14.483862388946402,3.4953310505539017,9.63233771129854
143.32987825015232,71.43578066280911,253.91052506520688,91.73504097696407,146.04093417440342,5.705445755383906,3.259256444117391
333.2418686589145,291.51136469081115,74.68003516686544,213.89061739838925,5.146201247672608,0.3873954259306076,0.09638603767846135
304.0360040466174,292.15786563821536,214.40258202221102,42.631547079774286,77.68441246975488,4.82788311909923,6.499726191964146
375.58108621471496,358.9150438226822,146.33509131319718,176.36846340808708,29.65425671680204,4.148431044422184,3.421563928727862
454.2317802371142,425.66756971895046,26.265196647394887,163.2197884810064,76.94456609943309,6.256610371579521,-5.864235572664099
353.5949685284535,313.2069264830924,194.10127624236333,134.76128234877328,4.03561970283106,2.0305452276503013,11.296175764989965
117.17148567150298,72.69709720778722,425.87472701450776,63.548947641429386,118.95604991658284,4.816534818951703,5.331619592843487
328.78943606940464,297.7293215845479,72.03910278350963,233.81445392899772,48.39989785918799,1.3576928587428139,0.7702631107073264
-76.53386693357274,-102.10538277696826,516.2683467323147,51.792091803824455,24.668017483651763,0.7525880657747828,4.47731765685815
411.31584786948713,396.4758412470416,30.42496024833867,181.2014765192181,74.48375609198204,2.4856689065272315,0.8784378302453397
356.28835988460884,285.82221251609815,-155.5519236866316,213.73745896723437,94.28900740075,3.0784328855940344,0.3955393598174738
180.37661554862424,147.9488472329404,176.91305746161646,191.8602698602958,94.4150284830124,2.8521092440761944,1.571895939948026
637.4323124520816,650.5487651457091,-19.027348033683914,196.2936589767646,111.94810247410281,4.5593323593781525,1.6306137861011605
202.2963642816241,134.72740958659404,122.59586420230306,140.9591327351665,98.21135703831844,6.778788793326984,10.47015782976492
574.1612465728101,557.0080134698339,47.27485758760805,102.52015211853414,11.092322265420897,1.4899651117337351,7.599338337640603
81.21706210951862,14.428254819443808,42.02279722865277,165.19175861821455,42.66002684931374,-1.0182126683515325,-5.127478984226131
593.0279186198437,560.1588464663251,134.28534720828543,189.77437444597373,122.87296277470173,2.9615708234676714,8.09789555886142
39.572508489314,43.21281854468372,175.49807149529246,180.41840882735798,47.551060260722004,3.610592457286723,4.423965150427102
-680.7376393275301,-655.6869655940241,281.10468092135017,214.3007015891445,24.762166805476557,-1.0282653351776472,9.389887391077886
-109.55575943174074,-165.14924869406994,-50.383849502668966,184.8773846767017,122.20763904829148,7.269412030529564,7.512331913337307
148.68180553081746,104.96240609115948,198.36209170721682,63.660326806924516,102.95289877690163,2.958495098081817,8.503562140897364
265.90644446031996,221.49785838246368,83.92592691273337,237.74021434858625,60.06660521198729,3.9238188396399987,11.412606684149331
179.59204139342776,122.99866103378558,196.8298641115942,125.23129325591155,119.36158510275803,5.349840601842695,14.169092352836138
338.82090441704145,308.6399525243471,427.9163934762482,226.75268557238437,86.10425697850273,7.337266411350489,1.5163710888334792
506.8302095145396,521.2598969206717,142.80731282674446,82.48255498380513,3.4240202413298273,-0.09771218313680952,-4.172705718312306
316.40931655583955,277.73640086730234,341.29725786637096,168.40681339512773,113.31633721695913,3.767920055631703,10.064957276991322
700.949177814458,661.7290124608567,161.29848057058504,94.43570068360725,48.69922999080836,5.012162344906395,0.04732235107165145
281.9702424718568,250.09291409518758,3.761160032782104,160.57987070800954,28.08148890834202,3.265272384117273,9.917176177443382
511.41833959712176,463.21316121257536,500.8703158302549,134.92122355762388,27.396484601967657,2.9861860253363925,2.883773783576375
229.08273493332098,209.28895850501445,177.01331112025653,115.58379035294593,86.72279649803295,3.642244788991961,4.998676555333659
313.92427332374837,299.00016753239385,360.2742800024631,148.70395787462587,128.49053091234975,2.053255290215384,14.525809236678786
251.79820092544531,199.88737611662984,113.0843458366626,84.52341379987362,81.53140556800463,5.295636788287684,0.19659660475222704
559.05092076008,508.9708085155438,197.32464747277524,69.05046211227214,88.45960213163075,8.050220423605605,-3.4072262459665623
237.63634618294662,158.3534056828913,165.30906251930628,-5.371818659386762,64.04853296379032,5.226171720910885,-2.412995785665523
119.27462257665877,40.10093116956311,511.2437126781249,132.67330805892718,91.32094983008349,7.45457307704292,3.358617245164208
-117.62531077502716,-146.01483196215636,45.66382768409868,75.33640649016348,88.58753046195305,3.417262480786125,11.894397556075711
208.9073940921834,166.63725668117416,113.38913611392073,137.4687709892223,56.62014652299775,-0.5584184145299429,4.886897433827472
397.6598059822311,397.37483984979013,344.1341290404027,167.0028498231997,40.879346970655355,3.18076428346994,4.221713402276571
281.63668428241215,274.6265476213757,256.12260588169835,67.41798415302048,116.57475914081473,5.2195717199153,1.2888491406060065
294.69439750374977,257.8177083460482,264.1734584025457,70.88458658735395,96.24619978257958,5.625947535452779,6.233667241918139
-238.86182726708424,-272.95080416730116,208.65322806903686,62.71086734049067,127.16739722038442,5.413194049460738,6.861289178236825
203.5540294284312,168.9660323306847,256.62237989949836,136.69588581968992,74.79923268877549,3.8283460338025757,9.8241531962495
593.0014553361547,529.7631260432204,94.37139599755515,178.00870112360596,171.4691357624696,7.951688802554623,-0.25013248344774647
279.0314399725226,221.82065557411147,85.71471877867431,136.58169154073735,116.05928594690813,3.9382195015057446,6.412761577421151
421.1624927167907,408.9279601678029,175.89925175444733,163.50207627282597,153.74087198767273,7.138543608808683,6.407192658176588
396.4882439936998,368.0857990056234,271.68492038245415,79.05316920396224,130.72371843389,9.307405506823777,4.983061051168586
566.1619915679742,522.667629426988,285.18276865758116,93.76803105081487,15.196186964713739,1.3408600452303876,2.581987025845709
697.2368383469939,673.0589891101462,340.8924929957331,91.0463491058142,50.84461311874135,5.076670961295255,1.8518365655484776
369.7493466608436,356.09462348720257,261.75376047688087,204.14703504907726,107.57605265111542,2.2795573894544847,6.907529056275384
456.88992141247155,383.0327288062738,111.78556684982644,131.80329377626776,174.1012082271356,7.769006519375908,16.49634426453444
107.49227754009439,45.49887673377975,218.874490632997,198.63688362196706,40.24733156974498,1.9569655159869908,9.969736657498588
510.67227914602904,477.02362025669646,164.30474691246388,89.63594100510292,56.13821258928059,3.3136850339518196,-1.5072042222980357
388.88467649553905,353.4825406380705,442.22271640239666,140.91797099805183,29.334879016986665,2.216449808525803,-2.2228203576003764
332.5490682229328,258.86892325730446,197.86214689923307,134.27001010324997,63.95793633477448,4.000029319826444,16.450793996575527
-68.88178242100933,-139.03899600730156,69.53994622154586,117.61170713192863,91.39977849459304,3.7280180811822476,14.950915975716311
241.81341487333265,223.37792023268042,242.24291520528118,13.866670375379515,35.27543392990456,0.6215644013882415,9.395185992132502
295.63550200891905,217.90968116916787,161.01436075491668,31.586422592091527,118.11873496388219,3.663897851075191,11.946522062821566
813.8840566962339,763.3066703997085,152.39637203570854,74.82042578878664,125.19803140650907,9.31465497224457,7.688949674071234
1088.7396350709798,1080.6093156998136,391.53918324489143,97.77916140010475,169.62519711530226,7.694008250912006,2.0767289413749928
307.95099329950847,313.638488499187,-13.448165589186184,193.36926811040456,33.924439907234195,-0.9157144877413042,-0.8154716653157603
237.0943403048477,222.15754832941087,157.74592435052324,93.67636879104704,160.55511660775633,7.411226770204533,6.961435698200696
219.87200191716272,188.45283624635005,-12.317049908172429,85.51611421895097,84.6346908695417,2.8247758634287576,14.095866523415026
334.5785136651237,301.0825076586321,581.4343483174994,228.52944910770032,90.02336671226949,2.566132978004709,6.051784895330724
210.97000109998854,205.16615640371498,285.46489215563855,191.5599771018479,65.83947093507042,5.366897279028978,-4.927383394804138
827.9277004983861,789.8392601109102,190.62264011316782,94.5241999996506,71.62330322293352,5.930162678277377,-8.324755350030758
492.52958747511707,447.3286999442536,-73.56245610910273,164.969285687663,26.011098600044548,3.6275117423709586,2.0544279030739583
-116.0841319374954,-150.25538226023886,132.74533360605972,99.62544411860299,239.19289450303197,10.697101579078103,4.974716291227189
340.0005273402132,294.6960649573916,183.23824092613665,51.92584465925978,51.3486335596436,-1.6179237018006796,10.97610492589481
676.0254080850532,631.7304435463825,297.3188898713821,46.90580628837782,63.069179031613494,2.1480226884646134,-4.873164973332545
224.48576102341693,140.4420114265048,137.47083925315877,99.71877366574515,151.3576078841388,5.81157529134878,5.729434678153261
57.31375498172288,41.088262667237444,11.027950181227391,158.7225542984522,25.196210790276314,0.43237690089072967,-0.7603969569309463
229.5366946247699,216.10336116434308,30.53787315548871,84.47465296561548,62.92904462382335,2.672516587424838,-1.1517903561912746
352.9572228194468,357.5396901592889,295.3295509807904,13.163879901439584,159.03225073284386,6.499842665921029,6.613836198916662
417.1011527676646,381.24565483971276,356.8789671031702,178.27446856425203,44.14735209698394,-0.7031788304697155,5.458428694955028
372.7171842537193,347.82139292040654,41.63529185405035,151.77208623450028,100.01459676554802,7.158458499091562,10.543247080426728
224.2909207164995,142.94828931433563,275.65539004660144,86.81237410825455,24.052248128814757,-0.3074570059220001,-7.936213821688718
320.7422725834032,274.265164945264,122.68558804008431,80.30414768733635,60.27872491079576,2.1034989044181884,2.557384978932483
231.90302456153188,223.7758024041255,280.21297899101955,174.60373255091704,100.71160354175807,0.9355543549669636,-3.9476631077761297
-41.832532227498355,-131.06511928134793,353.66054552425805,64.05850788709482,78.18813327320703,4.100896006509288,1.7180607543028068
447.40047470794923,418.8139853561344,-64.33973195055356,67.15719008281441,78.2415544877422,2.5206526645769958,4.089783115397434
-90.00618693563307,-141.68630429382938,252.73046712711505,257.61420639402485,139.59808094838465,9.434163022954884,-4.125196092628474
397.09735970632187,398.8047678487897,369.4364284294331,207.69244631670756,76.30674653637058,2.1004674109213664,11.206763049117091
807.3321430305756,809.3528001826583,63.292257344027774,91.21017669277336,131.1249703311579,7.546068856739291,10.731763226412298
0.9955002823206588,-46.346310047415926,141.41920771048123,76.127495426528,63.5763120238831,3.219580180754758,3.5749330775064796
256.7879222067086,255.55323558353908,-72.34947938212306,89.81657489780751,93.44246248660093,0.4915150233605834,-1.1515699994209019
382.7597592567439,277.4928304837678,85.21161118618359,173.58938836769437,178.82906615536442,6.951491681535575,8.928557394118426
259.5666769838703,229.7240330876271,341.25886987812356,150.79655580677266,130.16683892891575,6.140636035839954,-1.3200368215135778
308.24950801617234,302.4286503500231,71.12095256822265,160.64388139950162,40.6615535513177,1.120194271997955,11.087482184600521
414.9026040400272,400.8858354383673,148.86113436776435,-59.26628383406798,29.26445309358467,4.139197633079822,-0.06216152553900422
45.463118095584775,8.531155572488174,292.17194626285107,218.51585302758525,86.68350637567349,4.0356356653676375,3.338104622651054
333.1040310691792,351.6376555568849,176.63943838327282,60.99477368804651,43.09376256461591,3.210735319577179,4.449992440786522
202.31129358374105,200.64309717704083,36.861168185809255,-7.687717117410495,60.32571530720234,3.287878749614263,1.5218028563700083
385.8954831875188,367.5902234524408,89.63095496178593,86.5919655849335,80.14143132074095,1.8024967541702643,9.069618628848323
218.05186540702516,223.0889122132836,264.8162627493385,65.39873465096741,100.98278856415645,1.9054145207635114,-0.7967444055754459
45.36408562813254,54.39710550691639,335.34497452382595,105.27666300304818,98.66338019319126,3.196815021268125,-6.528147174777133
404.73279402259834,405.858711666681,525.0339305972395,94.85426170293644,143.50421989139707,5.564602774503487,7.171689482024098
425.68926884738516,418.04200859758333,281.2789702410244,155.81236778837095,101.84607868024548,5.854613743614506,6.78178557531522
-87.7450795525088,-108.06039823663863,286.09191223519247,243.21807524914945,50.036314015928944,0.9629408979759468,4.818836857407848
668.6078864717366,610.1273540542925,155.05131343251463,145.58839868041855,54.39380552435677,2.4812531322160707,14.357127493826663
425.1350209484723,353.32549957943206,135.03898321232458,88.82447546651976,112.23223710791608,7.743037300979081,-0.1407999323739741
603.6392972066272,567.9404267333238,87.12230433325088,27.248805712386016,63.498559773923816,5.958364594091863,13.677462437904481
344.75722897476766,295.07552435906325,323.6641499132396,138.93239461986022,84.24837581784348,6.827456896834107,1.5197886044532827
1206.2435652734953,1170.338939142011,228.01488283462078,177.78779601717153,66.21420407074248,3.2003485022531275,9.639714101815557
-91.47981466106711,-129.29648234432884,268.4733183843136,112.99508016920144,62.97920863344978,4.7364471089564075,8.986489280036166
330.65011683905146,312.93158435426244,224.0434635580148,133.38610285935619,122.51699451125789,6.915920968594338,2.017152047167636
469.3085668836268,488.3718855618778,101.84400712663589,53.89598456328827,35.01855371917524,5.086391351538491,-0.43398030453643355
585.9288059679986,498.8222166907918,-175.2288533362477,100.61175412589087,95.80774674508615,6.651229840124655,6.621260486663152
319.02718575243813,274.4650742091224,332.125325562493,94.88174095609429,5.009862106021708,-0.39799702169485585,9.94469391692577
336.5853503550068,312.9830719887998,262.69117940810816,150.40856711810116,97.93135554377302,3.47271979080318,9.53838773193631
446.4252519163415,422.70874766551157,379.6538433047596,205.41195953740473,36.89963657184721,1.5662501287483885,2.2271737137812213
704.0882111152009,645.7091489290439,53.3950843849333,183.09530820791397,46.339197657223195,1.0178378554997827,5.904245360118681
220.46080312052447,174.80571334616812,287.45206698890723,184.60654389173948,51.85250315507993,1.3790246908348442,1.6908547927989586
-163.94487289184073,-187.81606874727018,334.01356903753896,119.70084716524244,176.88552738817015,10.909537776204662,4.17669265702466
571.6466060729523,512.9224923011863,130.51410506195506,169.2379908645445,77.95206029755941,2.8742567924166558,5.691162378908845
978.1284287518174,956.6405853310106,188.2927419369594,101.69055121847298,135.57490209613866,7.010375107065663,6.830027732169024
-44.20369878838326,-107.91617713785223,250.9533831112541,75.48478876470601,94.5546385958004,2.7080593349488304,7.675097968910681
428.1784514281622,386.7387609885733,213.22352942467725,125.6991990160079,103.99893356123079,6.237186799484171,-0.9674452129394031
547.643339025637,529.0390058349811,265.9907642824203,54.13725598096828,45.49550232533939,3.81977287594007,-1.5983061970139394
487.17514109581214,445.4205425014909,142.8452221266077,77.85192340587359,63.65331072320246,7.632977555783066,9.094068965539302
481.378161270923,424.19202970124877,254.2069998196802,64.74864912698175,82.60016227179649,3.9786133433989073,3.190938937530965
64.48870763249401,30.03076724101835,173.56358992888744,11.436271614040109,123.22636405996676,1.5946641095961076,4.0919416699942515
431.66815267914643,374.62342353682607,60.10116531642446,151.58342614834106,5.264261079462121,-1.2771181831015435,7.863630323454188
584.7856415903816,596.1168360264159,-148.07993217089805,181.82467324395458,93.35406844198376,2.087188698783586,14.041268750159325
376.4027354971036,365.4732061829738,105.89450423940886,155.49912129440375,53.857734268173395,0.22176928304899413,11.117210891980935
415.58300770499386,363.7841853076962,198.7086187206926,53.826299099529315,28.170086310881352,3.9936486454804667,-3.8278979774956015
411.87039175995744,364.69032545175475,10.871185223864236,135.09216876159888,45.40473547752908,1.9974340708192657,2.034916297214926
258.6377984120018,234.32971011430922,220.92963185997,190.15736839367597,83.6672165090522,4.080219346088372,17.12515637221442
92.33751969985106,64.7280586192359,31.0357882353818,134.0898697296548,76.79797532984811,3.5666645687276786,5.280230575733915
267.8320449867322,241.99975825211544,378.65304152705625,203.88890335070963,67.04339531005583,3.217973284738498,11.419221473778915
119.2681039850174,80.24274759038809,227.70101234670923,44.76894350577936,50.084223830437054,0.36381498133871615,4.709632227179671
454.17340844932176,400.48781564570584,262.9874468203042,-34.32902652306781,176.30137516679326,5.703788022056075,6.197061145293107
233.03531005809162,206.30621508352468,316.2827727153165,181.1303153382646,11.913618037031611,2.655309085163913,2.0781832754880747
490.4998106392199,444.7240292872924,213.99869923422827,97.17753753078932,185.87718376868258,7.099973793642318,6.6049664757146855
269.73401623169934,217.83470535612034,128.45395302174828,187.29874039857256,120.70527306666214,4.291235387506328,8.10812854376295
303.4796808014572,259.65443864257855,161.28664943962934,9.237314940494722,1.6850360893286647,0.820341126223703,10.035828375307949
118.33056875550302,99.1842161848966,5.147798623942939,134.25860941528936,105.46996296418284,3.6907512633173765,5.330553903375379
121.52158456262067,101.59563719062095,211.16867162339534,230.54085072657773,123.76030747883966,3.30168993569792,-0.7863319332322485
525.5900216390542,507.5760136857071,62.94568339850651,211.17120048225348,99.9385622278557,2.272641750191293,9.410867908670236
513.4260167534476,488.28516638833577,396.69354175961087,151.0813465344663,86.26130914497445,5.421170672673789,10.768834830477456
372.9533965128238,268.4303076359953,96.03162157743783,109.28185965843669,34.50764173397491,1.0620281595692391,4.065238756334207
340.44230724154096,300.69142880363086,-111.72662505858781,240.46198781624346,162.66287107744165,6.2796074250553975,7.77361088551858
363.10084062953877,385.90283221576124,210.64011454660104,176.57209480819012,58.19382597918784,3.0919132764032846,3.2632045358496087
792.1537365380561,767.667134941859,21.89792216215585,178.4201838414437,85.6957675674608,7.344545404236705,6.060141705834389
317.38432070533366,322.453485889131,140.10419913238644,86.87494672587451,62.140196114265855,3.4443095235432657,21.5596710722038
390.7056367623474,364.0222863285313,228.4647093691676,270.7397231758342,118.3812146490177,3.3460177747858797,7.378004695378331
525.4101900969869,504.71055588315164,300.44729951871864,79.53077355963357,68.12943116275521,4.830059118486163,11.683104689578789
417.3388798737667,368.0329449376077,-56.01150441671521,35.4240980325859,18.97626034919377,-2.1390931751413484,16.065857305895502
625.7002807612029,580.2733030294829,209.38065553328934,122.13141717678921,92.75000176773054,4.221479314191164,3.269091564740123
34.70337002007399,15.718068641999384,219.66906710215085,113.59821112165986,162.2395624163095,8.469411364732716,-0.3409085287474102
375.3432283454144,302.03159781558185,160.19042619213684,133.5526380597268,59.47086824671933,2.6362254478088816,12.10131206152596
364.19450619840615,303.62956961896117,103.58831841182892,118.06871842844033,128.38283919225887,7.750238003924906,7.307839506776077
591.3603475336859,555.0225004964817,102.36203949967967,110.97741650044276,149.28860493241478,4.747004237466445,5.93621346675698
437.2766988831255,399.49348859267593,166.759863078299,88.70560645471123,15.607969836675823,0.74721985070751,5.307549684898043
431.33630526968597,420.786040892122,0.9502684901960923,181.9905419404043,-11.584199916514136,1.4335201251122556,13.47713285006934
151.8442701220465,143.36981381254083,318.6305382934581,104.83295027391345,56.31644454518041,2.4512054587943646,9.636908283860665
322.35174488125944,263.6382231479223,-74.14578790975632,114.362666665017,97.38162992455251,4.398811612090591,7.15804205623842
115.38325547421067,45.704508883669824,393.6850698761419,183.61565723743632,59.68249148249209,4.448713277812195,0.1945384380802648
167.08397477400248,140.34496621139903,83.93609316478192,161.20950271658913,49.60488230495104,0.7513064331279482,8.971101955856398
291.3456129613575,213.18871195144132,-23.12013296770659,281.1623989131091,82.18277515167475,7.495079013606238,-2.044974470246556
85.42917115089651,57.61694153891957,262.9895254596158,154.0567111583257,87.73274063581682,2.6767540107759116,-2.2758435483633437
394.86766217819894,366.2201826718438,-50.4079920137812,33.7692456632514,71.2691461882729,3.501779086353612,12.783118229775
168.3911757202877,112.98571827053695,156.9890044421858,33.7215185133487,111.58474627799663,6.278648120377666,-1.0404702458558213
560.3818606738425,534.4530459625825,228.7701106372146,74.59533810830392,-37.10517932058481,1.5692252560416677,-2.4926066556834767
109.0569174150868,65.30278928993961,80.54997406562,146.5513148581066,56.01453300084686,2.562867901357253,-2.4813294774981536
250.82003208994126,212.3249131950496,42.55259009338566,92.54790616159717,133.66430298427136,8.048992243507037,-2.884078528196397
306.3941915557954,286.79006316240475,-87.79921464957359,190.10581320669615,126.08472042877065,7.703153890492235,7.501554952882121
373.9352403531076,328.31255792823055,306.2615862215312,129.48682792913624,51.520373626098596,3.5294215600380965,10.63444888509738
242.54606086086505,220.20954138787943,260.0056258495391,99.77492284172054,49.41918192701458,5.125320727489214,7.3739749813786615
58.485907706083566,30.42606062618627,392.8779746465172,241.16655118216758,27.245021807371643,-0.5394287875784469,1.2659493477016033
327.0213097959281,273.46667330218736,159.87172669785036,83.74062970730175,96.79758380436866,2.6375645783887895,3.9337330007269555
306.9001250973489,257.31808386853623,316.1012838699813,73.44129138288014,-17.45339634379804,-0.40245367001821597,4.8167730849457735
327.62258047694564,309.6042231359062,245.0492412627009,116.05772220938283,51.70282700576067,4.065271349007553,7.862482720227688
374.78247824687753,311.3091186346223,387.097367107404,111.85140089934467,58.013528537158635,3.754910573537453,5.584478519816399
636.188527488386,590.7310863017094,101.4363910771621,166.38945278584367,21.987008239306643,-1.2641838153159737,8.49664784949045
217.1016266410965,182.82274019884989,284.20708811071023,160.56262371097634,19.978895946202247,2.9898818429325282,3.7034965029404034
74.82427195490872,-10.12252668007293,91.32012521820835,83.43470264151729,16.515629310100202,3.6903070502520325,10.553467564443546
450.682613327952,421.3574075250535,-57.64653475372699,131.74953104784757,113.79038955542568,5.879307057511124,3.1421357726718933
511.58395076934136,461.5479490236493,-78.69386610056566,152.98055103855197,69.8419653942773,1.6532855231576915,8.232152706467048
400.65377787389275,378.27260347708585,215.87240400934334,140.94185542741013,55.423282844233114,2.9931399585594676,8.706088200405688
1004.4040228362803,954.5598082667817,159.98699982714683,90.09389548934209,55.56900688901436,-0.5942801199575389,6.717940329102763
225.02071179393005,175.9607850337953,233.7006157372795,264.3525109054541,54.0781942337433,1.7766807066521515,-0.6251757953682293
269.98000502253296,269.9741566036171,281.14905264917377,113.02853826895735,142.57567169786702,4.005420899521764,7.630785789698973
223.98929068875617,148.50579495955452,-113.63986994445519,91.12790167162218,232.21104939486526,9.078459677683695,11.95499444424015
531.4020480998807,501.2869256107827,398.64434137598727,108.68383969426979,73.69681253183035,5.860184640855248,2.0379206006959634
162.03181123905736,110.11304472430724,170.60957511645034,98.54767226199186,51.412642172593465,-0.5004146722628495,12.268889188776875
604.4566095397257,634.6560805078456,115.32211388325067,147.62201692137026,65.52819498617265,4.6496253144250534,7.469162730621785
414.0392443147655,395.81944186224723,126.2219148640961,110.79264811013381,60.57755142230594,6.570743504467986,6.293081807048501
199.0942131284416,188.6127354315936,176.33236821267664,87.16838309227322,95.85935491507797,0.7893418454128778,6.2818757337418845
509.3372392175954,541.8457494217679,172.82821238134554,193.48463628607016,25.364706728390637,0.9115572211548166,5.781052740213386
352.31592665561067,338.02282047442014,-17.726695832392735,148.55886307911229,137.04280901605443,5.2616105999836495,5.958907922117346
257.8603262658145,240.05832477843057,113.13189742325895,148.56169251122677,97.17265074983831,0.6870973016299158,-1.8730878717526374
195.332688892089,135.98959463835368,192.36924642472374,112.68938501332288,59.989060778049,-0.30070910710250764,12.493627313781573
525.5028038185357,462.82399654190203,686.1065610903883,56.26154300587288,114.67997047535948,3.8027269701118485,-2.507100376143771
562.5907505562786,471.86223031306906,412.7318055948101,22.63930978402565,110.6354479134297,2.152922383802544,1.2945599649056423
293.88248495819386,245.87072201682253,249.39312552643813,186.3061760830627,39.76327925247203,0.3388698210499401,-1.2132262410175465
126.66006236944263,92.09956898668794,-98.49171540338062,61.924987633884534,152.6986700027885,8.214614100659896,2.886161109697329
46.406380853537165,-4.767797117177503,56.6388555091687,142.04830029869046,68.29591381125138,5.764980097025883,-0.9933173506661267
-8.640744527204646,-67.94873192956791,364.0497789817086,66.65279705034553,109.22322290252859,3.620195031140771,9.774480936798282
607.6745960029615,544.0728281369089,240.99856590614672,144.07090790278852,105.93969963543398,2.2956918084476574,5.026597508268472
364.2970614573705,314.1410933645402,12.347226847153747,127.53030816102512,63.15603509859578,5.733149494619989,12.019610303946504
68.14247963491567,29.27322857807771,352.21157166480754,128.12355641233412,65.37994585087941,3.5787088403495737,9.41836024007037
497.45197712468337,504.6890167712351,189.08492505369958,149.46291578672023,104.34932080671739,3.5770974398052298,2.125045290481205
383.25094608101784,339.8502540225885,-24.492036132742285,153.02242740530752,69.0721988639152,0.15308319984123342,4.820010789929488
22.94756376221032,34.330171202938814,220.08197537388202,40.69263653471346,62.48734481466177,3.241721046631819,9.918983498751698
224.9376650981957,169.64163534536218,36.75518526268901,147.74938408190036,31.833729542355787,4.471919198017096,-0.7062106573140886
608.18877319844,579.5730775667503,-26.762829245230524,105.42154996572226,140.0055172604597,3.1659106992286556,5.617904342318701
611.4351883271503,606.6271038011693,222.45939513160081,116.15026545450323,133.21560096195893,4.462866820756378,1.261804263229805
-51.94810084943315,-79.77301502188428,129.96524690960874,135.8137444041033,127.29372208805331,8.180613640396372,9.107709861777346
605.4213402786663,613.2588021867047,292.81251000266224,151.05759534772668,45.35455821930735,4.769336445740252,4.783360056128226
479.22600073833576,435.20103134915263,253.53468478927928,125.00136558563753,80.17716220669773,4.4608003185984915,-2.4697059137758783
416.2519062470204,414.1449290520182,280.89831438869425,70.33755009129804,86.6601152582023,4.284932968653415,9.56748686247281
733.6081639132562,698.1763455504625,50.72446905257065,100.33806884805112,86.11420128959617,2.8099008983677267,0.4613151743081261
639.2054939296636,611.6809508641736,138.0756529161368,90.05800974109772,110.71165075302585,3.2169187971980393,-0.22987544191562206
376.095354878891,316.08071505210523,168.2512332274135,181.15072925882612,122.81417971261158,7.306163947929981,-3.0119942451412536
157.47561815583109,102.50068594699329,124.21177268049354,96.85971640682273,84.67829592676698,4.303425555154007,7.568028423701852
-67.8945511693278,-146.48497964450786,127.23609703794051,117.25910464517953,70.589086826047,3.2977540664016343,7.877546302263158
219.4483913559882,240.01763459213717,263.8398384353089,136.65070487382573,34.84376946482538,4.530390677565854,7.914132923131969
283.06862176549186,247.40390638745941,505.6392487824508,28.015044323848848,85.78326640542599,6.841371749872499,-0.5083320231906245
767.5314359530843,723.3528631514719,83.89362941552857,153.86036277905987,109.8474118018052,5.63069330268705,-3.6195353253856064
-8.639552152534625,-62.897967251995325,-15.091562810779276,144.410756896993,97.71243702661552,3.649486982617915,-1.5669821585524755
40.331253410669184,13.046923551306447,240.92541058065615,156.41068580193988,111.37092149568792,-0.8508973879253485,5.075832487397959
336.961735928762,289.4669573539225,226.5827132505431,72.6566597902158,201.3449875605591,6.545378616828327,6.8871065351964615
-13.110712843863563,-45.85140358121825,90.55068299774322,10.592114859538661,118.25236100300259,6.243288898679472,4.042889707107221
66.74549692333343,4.287616347578563,120.19051012665982,92.12846537459936,91.34869449522422,5.343695584140322,2.9379022719838024
282.47983862368307,229.91849012576236,373.7821947696856,150.36448115081933,110.11311786785369,4.889639240461755,7.9464970964478
158.9849279019183,123.80328106760233,2.778108984702174,112.62361504984098,85.92320558615411,3.5344278910114872,-0.3086949590721177
387.1291071262955,312.2145821790931,182.8411832670531,133.3976403295948,2.213592753593494,-0.960916627768875,9.194040740226352
262.0216033473782,197.97485463169966,109.79101573673802,137.58192631916953,20.783728610345847,1.3366633409468982,7.624488628571708
-70.54705109556464,-118.96292967186575,107.86850992515183,88.8332483367363,92.80402526216025,4.652621532527862,6.0492116950670365
498.8631275340349,493.8462276292413,-62.35483930448731,72.05062904308234,53.166204057487484,5.179766488050333,9.478958844142369
569.5473908356723,567.403273392064,189.6956793150196,86.79995930474709,100.0149153220128,4.701835676135774,-0.08706523287733176
512.7443313772105,437.54616973993797,190.5027137631031,197.7356863304461,113.09672005432958,2.7423645300081616,12.138286518545794
420.9360928487601,411.4286109489201,149.4191199953459,171.9729609890948,49.52888432070881,3.571622998905908,1.4875669149468336
253.00238030550886,231.038159090764,-9.009265053806045,76.04887930813406,76.44885888847395,7.87896790174192,11.539087645719782
530.0104263751974,490.2383560430847,251.61199653735775,71.11027141215368,30.056452675453155,2.88272801699842,-9.280419395894457
236.29916778823846,217.19844334477173,-25.63576030123708,108.86335647295824,103.34617312062369,5.054719403785386,5.10771165874127
317.9115078611481,276.2902792470191,300.6746948663787,142.94632401369824,123.11107206686597,5.294663138642446,0.8456991150817842
318.1642377207561,223.8946481260694,-32.56031682511864,111.29386645725874,86.44679808097776,3.7570592311707394,-0.08368502431451465
-108.32606535712797,-122.11125911985089,513.2957064594306,54.74729362896952,61.58066196758385,0.6455448622610693,11.600257088361616
147.46671953511824,105.75182656552902,151.76433653158935,190.8473504776518,27.72902465551325,2.3564817692881648,4.937213063114575
241.2465787446089,196.6945280061887,372.062518727924,77.85065333953378,36.42703851095509,4.087966634073611,5.850169329928945
592.1423503821231,603.9949579207589,-8.622422022819872,293.2046860774204,40.63045142915709,0.3801604793031794,5.437896889476769
779.4459983258575,715.4176906326925,15.883605531641043,3.4326176602874616,73.98104514145072,4.833476721531637,5.376431578709408
393.74068386690965,346.8082753334135,145.26575354037467,69.71616785667881,119.35460545020025,3.4875718735601056,5.627625788136274
220.38910505274677,210.87046247439068,-76.11540193385859,72.96706377513414,129.29189933647817,5.077557615228216,0.3542013661326554
219.52021411736317,155.11759667723086,172.99676336022205,103.60222370416898,55.7139835314543,1.9547532822653575,7.811359565069929
351.8913644933432,293.9624810115564,266.82765663976227,148.62936505039642,8.29845701766187,0.1869727120325395,2.18100376034968
201.9322821337166,171.59124102484458,213.0218038163822,191.50731405581595,55.75387868339024,-0.9982669326227733,17.01269443689239
410.56813481219115,396.88175824183486,128.07828374089885,129.45275618129943,83.00267836830838,2.575768605159573,0.3100102212833149
463.9252920735139,446.6943678140276,70.6665305394254,203.9109904903154,22.356614482048624,3.6640999624915844,11.246281859684665
287.4210424720016,249.24865456191398,283.9941607784593,120.78814312972771,83.9813690664643,7.6102462871490895,15.265220224639055
188.18404697220583,143.63841200873927,148.25233397658647,105.11045252879656,72.79646625473255,5.817048539468827,-2.4785084992781545
425.73447774426813,408.5504190793222,346.0623603502635,155.8219270756023,135.4542430778917,5.190308893801589,3.601101016609837
116.91881359244123,7.959701976747397,225.6680315543958,159.4955487468259,114.61512049663169,2.9950124942713456,1.0394639621407165
272.34279909689457,239.8957936471311,97.15789998145581,86.41952593566194,78.46876089680849,1.551459337966794,3.941217885204763
55.44945277569767,59.15207935467073,-207.56223757395145,123.48951023749902,116.27766804539944,6.124662213546477,2.5587184634126543
641.5124659513949,610.7344441648422,197.32351220407884,149.2609117634058,114.02481444630192,3.006261332608525,5.560782613454203
233.34089716901855,141.79759009361467,214.80955458144166,111.9921099663056,17.143185683464253,-1.3510056078684964,6.451884172051028
-41.827547168970845,-84.59744300049805,-48.654545770539734,80.81944774406757,90.15780181181823,4.099669973490405,12.224446731107674
245.19056212108123,237.88199367822844,111.76246423428711,239.06819973391302,28.073815132390845,2.509674550009921,7.929438913012722
527.2455350017598,462.81222932794043,152.0919823309653,126.66256809560417,52.998386067637895,0.5643269489568592,-3.510423228772085
315.42123129243953,307.90311596923334,169.35562728450384,89.74404799258667,49.011239552014516,3.286505639166606,4.248390182067834
301.4766714710673,233.44911329509836,475.755011520011,204.59731990506137,44.57426862051946,4.472875926733803,6.3607676462940175
-287.94072510074045,-297.9452323342624,20.211296260234732,95.64666461814565,97.05172682644658,3.637021862712314,5.786265222804315
501.21405335954864,439.5867394396879,174.4735411926697,120.78752766174411,75.193161220762,4.185834922920387,10.96994074400219
632.5504741282007,600.1125812374764,305.1659409341116,139.07691763653068,64.8144841633932,1.9486685187338522,-1.0164432435299071
163.09907778746512,121.33639367613846,23.436505704899663,81.06441792236379,210.88402997579348,8.802943027609182,1.1158443793110977
135.77339202040676,0.6083152753076178,299.2920022921029,169.9802072614371,97.577845037159,7.679340776343455,1.1739590037937067
453.3760699695865,442.0178464162267,94.26081355098337,100.60982064900628,64.4074718986109,1.5811135437082793,-4.821611295114505
491.26216637199053,453.26928077570153,28.053655770986815,143.34746066387868,52.21401808212779,1.9976211422499923,4.612121209218963
477.4643445291784,466.1553729340516,114.31964515769282,220.15880952944627,143.61636395391218,4.515525914352194,11.07754631669624
402.43064929777466,356.04250445911475,332.4954563457527,201.60854134641116,-13.544047899544776,0.2129889774782604,9.761766413753463
364.57231178744763,326.25693860586784,288.0989431824154,207.13978988465584,110.94135088248774,3.515207424419712,1.1483735070941716
275.9977239798263,235.63546972591791,209.670139254838,67.12428297839996,12.149894706360499,-0.4085532812056143,19.272850299404098
253.3052930185371,180.64606846059854,216.08183568670964,112.8102855892597,58.90855201804582,4.475561153450016,7.834377332855363
301.7337245207351,265.4145273581647,300.73449671784954,72.88710292897048,121.26838832137985,3.364933255243262,10.1348843858599
116.76934680635713,87.62161645224285,116.14458458734681,104.70540523271829,62.90524301829377,0.8510348848901814,-0.8617330748109241
482.66987810552274,446.74782660249247,165.44805948398613,122.79646077065418,41.642137753273616,3.2729313810327487,8.618414043497516
-81.47065427191328,-88.8961404188537,39.932684000107564,199.26464529052052,161.04852632624974,6.28014359730269,10.558560850859756
273.09718308368065,281.1276003648584,298.8538298543877,167.40401625033468,57.94842515193784,1.7212949461613813,3.285214487501105
564.0672534509845,495.40853212392483,46.278848339709455,123.14877566846259,22.62302018196094,4.402882730562615,-3.5239991596872526
53.92640152505081,35.37739106511365,450.4010883973648,69.41871246513769,80.42067922260456,-0.4778309806756238,-8.150420717774237
451.8248118460965,433.0627390338433,121.30997367103963,151.05873717994206,103.56993920732789,6.501499554949947,0.36233039010471885
391.4457326514823,373.7752391909456,119.50176021787746,178.5174195934408,83.78665225835145,0.48562632831044583,5.026479822348677
216.00820706163827,204.71020665179594,142.26853490536834,309.08536681324375,58.858675659656114,4.33112591835381,-3.610988909302205
364.71646753123616,316.9788119061359,99.20611121692328,99.98984442526587,81.43792623477864,1.1128848278973806,2.3560738305850957
501.93567462841423,434.1439100290278,-79.3816265425357,104.81370780497801,41.95865823579254,2.49148631061798,-3.2169752117345194
557.8282661587873,497.92070350335354,1.2275651161504806,107.34584266073634,109.2621273252763,5.362518803917612,-5.038377523089306
320.008166465726,252.58067718945728,121.24162940604599,156.68729392231347,109.54312985445073,4.589733476378596,4.941760802742394
564.6825114793975,571.6112461985433,80.90540767950709,86.59528616089509,24.40594164209322,4.54523537509829,10.898874147982658
360.9263872216685,312.9121928018236,137.96394576160833,149.9211650508145,90.12486255380612,4.384093302224925,6.47552870766872
380.3980895774379,347.2397894229547,54.1563892441141,80.42628258846158,72.60612419236395,5.2799926720930905,7.87154992193089
141.7651616590452,53.38817495111756,346.54300105302354,52.139292299001994,86.61303951627502,5.573051636626238,-1.4884930014667954
402.7039760909958,408.8301129851309,291.7680299168832,142.6188177574372,12.361762630470038,1.0867972612516736,6.134027678874435
168.5718488508071,146.05153548597232,400.7316991966776,145.27320551689928,140.28816357400257,4.24710653553273,0.9565343386584463
224.9050543014645,154.9663059350104,259.0179658593428,196.46679852474932,10.98772582126701,-0.1893596716034216,6.828175496484337
532.0488758423644,469.49632499893465,-1.298780158926484,48.75185249374461,5.904982415834804,1.450356687974817,12.251019022984238
60.32364625104232,-3.130686930048519,240.39685091536353,184.06291941748975,67.5710640192123,4.952170562273018,16.318296422510894
17.017201214196497,3.7394779868272963,248.57216734299644,132.09699099421044,42.978307467699985,3.1370764933133666,9.131772462893988
240.54843623005536,225.53149299743424,-235.78342084192738,86.94308837061689,105.50785804612141,3.8707943592045817,12.072412508556672
362.74161553338604,354.7083111543793,100.17687416241895,78.46960944945438,141.8965179297497,6.15350024800805,9.086965057708035
9.052675219048227,-65.29731119661727,379.290598353661,152.7265184157415,29.214466871192716,1.403668311429615,5.328600213494166
356.1257625529195,371.0490393443105,37.666427038382324,100.89386180718941,86.46323120202918,2.4750864318715937,9.965608035633748
408.49318005288575,362.4329334345081,346.492971331363,141.77246623602096,67.56179677387728,5.227703478437297,10.66960993526579
311.67494985223345,269.24835009502016,209.02219576434055,78.54465567739547,89.1339448972721,5.57478986845184,1.0856104323378337
391.02176361292084,312.6594408155195,85.48850681718656,109.43897121215095,-19.381236941940795,-1.436832076011814,9.973359068454279
437.655466440436,409.89179067993535,325.438265365301,90.20771705790008,25.08230522853983,1.585163134080203,-2.07167308066594
641.4779838019174,591.07862559789,154.09293625750496,105.9324023839826,14.793002813495889,1.1646308860990027,0.5880296928955883
647.9080704681534,668.9345753388943,201.83105049258225,66.51073416123707,-46.62721479807566,-0.04141282337842833,0.7331923195633309
164.97571529973484,134.73977420707573,116.61421503222863,168.1636558682084,78.04654174820415,1.482555833205522,16.452204641560062
678.1017490115559,623.314070234859,149.311554521728,276.37625454047327,12.481024266854789,-0.7625580201670521,-9.18440373039113
622.4815122321346,623.6841208610498,233.6480472321365,136.36072320425046,27.96411262643721,4.490943491420613,6.225083327319808
488.06228728113933,461.87278414881445,311.11317923552906,71.00519195932833,35.212987540829396,2.8522803670122885,6.578726775215993
455.42267944439675,428.6904464461088,235.67570013347984,89.3584915330126,54.21267855799327,3.0229506535882757,9.448873799331503
520.8421057582475,438.4842488852987,230.86605372030317,161.7120743110308,53.42179560513778,0.8737745681666249,6.554818178600063
402.25635214188173,393.0883578927014,78.13343394599323,165.3826248236489,85.17214821889779,2.9550550114177425,10.010032092083732
311.8511020293933,285.6743254487963,348.3634759834286,46.548126380690974,98.39785227702835,6.880111462064734,6.0229592898931115
395.0461757153321,367.45510756929974,486.78117819382487,169.74669307490112,93.70745160770969,3.8283259228794595,4.464749845181727
877.9567656682291,863.438094799573,136.46200550317238,161.68189609940265,125.50053986928827,9.103559865062222,6.247532632868113
213.33060263344538,205.30668873853725,141.36652518371136,68.65249020872375,151.54732711433866,3.1381449689214405,4.340768336968398
437.5465821593123,444.55970252186967,169.28581170880418,182.25407444991532,98.98005112539126,5.290395483044311,-0.3814445195325203
139.95240891483158,97.10467339229332,100.33742482301697,90.34716893817448,92.6951244928135,2.5011636327591473,14.609071963649315
507.95900125538634,510.8320003970304,172.02816770428234,175.15765284051002,-4.391220432888789,-1.063426447993805,-3.5201424994186548
641.3073671107999,599.4821066436873,70.60977783120805,70.93210882224591,-17.00590169610863,-1.2610258182335998,7.809562045246649
-19.28901495468459,-99.04683863230879,120.77288782190395,210.67319515552455,14.92730670799584,-3.99018862538889,-3.3794875211576176
740.084071686515,689.9328463109141,293.19374551908254,141.716742135226,61.97455439095209,4.450392935448667,-0.5888923771139799
161.3693974106115,169.9914426736266,101.12206619899621,204.0301661030812,25.546086198854507,1.1046625952744913,6.961739444579715
465.60384791516327,445.6905095807497,145.3874405946284,133.9459241923918,69.33298120083123,0.0009266435085013569,2.511780808016407
462.3843798190108,453.66805918799713,23.063817691054606,58.626645823460024,94.49042216205156,5.562193830210799,8.939145914553915
54.02242653997849,47.59175154884353,265.72946423827966,134.3490981761932,71.83611682857554,3.4807318465448374,-0.8828026894244893
460.21779767711195,436.2217082485617,-127.3335002278294,111.85898957651108,61.46308074610911,3.1652666631942474,6.7511992522004745
303.5072839734415,295.9256231104213,127.42749095392276,147.92568665770256,127.34754384603872,6.2474805010048025,10.281258411738083
134.3260435801193,101.2514975379803,169.14442434368823,109.72017479337501,93.42678883852209,5.3172949400108,2.1197546679492874
500.8008497081886,486.34183038735637,330.4552994187448,109.17651021075739,105.6447320127216,5.095522145448373,1.2426640797719528
380.3305613875308,349.4931478812099,142.056147049096,171.16601080314157,90.0179782221768,7.384880011751436,3.6245196507925943
483.7149968106662,384.7266793615948,181.80893018019796,43.25060269156645,10.008574964778088,3.1839039659111066,4.172382100977894
73.50035260066592,-7.892986192013716,-20.29814692907916,127.62209628625925,120.85029289791417,4.329813407270015,8.966985325815292
-39.457146318821884,-106.55888939612755,122.97438456752225,116.41065219663118,97.9609606655779,3.2026538358462364,12.939746069960885
336.5150036865839,274.63158298038223,104.34152912764529,136.7830940263292,39.15446237739224,3.4131161430600283,9.722151556373333
169.69549253481432,121.80165581707436,245.7901135330906,161.71080928411592,48.876161537973076,1.2143122436593285,-2.756198839668207
58.96869149190622,13.713053757995265,219.41297399842037,167.09102101064036,39.597948184796245,2.373221722543038,1.1428437300346308
385.1217299105955,332.21942837007265,250.9075420554438,153.01215953169302,80.42116025480512,0.8959456167198869,-1.243690645061772
15.898523966993018,-4.129664070644154,208.8872848865334,144.48806159694746,128.8306060103347,6.873593474632049,9.465592368752938
579.4096193023511,614.9562166196467,360.59490835791644,124.05236606496322,29.09562976908308,2.3740899667712667,14.648045321827551
431.0944696147672,388.1280015012491,-21.986082604875385,150.6759151047565,-57.610839774509046,-3.149862639119269,-3.5720064560643294
43.88823981129803,25.917638341869356,178.7694263746706,197.94607340379656,127.24013881776523,5.309678140548361,3.6551275275307393
274.4847963720771,227.0826120923559,12.827489760324962,184.09909277301108,173.63184199588048,2.7982872442104787,3.8470989725725153
294.41054154175004,277.8441688282284,141.92156272798317,206.38561377918808,143.59214797695228,6.256973843769852,1.888315936466856
326.341315238974,288.35837331274456,185.5801808062487,177.23878436161135,100.56637288317447,2.5179583722534518,10.077852769898746
156.5647647359857,130.75634197695808,183.77506152208315,93.03610524891491,105.36202678407119,7.084665345538556,-3.5078467576671635
139.53927771674321,77.02511763855662,119.38417209267188,205.54031446317362,153.01160620005237,7.870118610991167,12.184464828429789
558.0267750178087,536.4950571001523,230.2651236727551,247.3589947100548,127.9019765684146,7.921932184171036,7.112286806265594
306.744689518059,280.04083156251295,342.1907738960077,147.68378939898497,82.84519976115222,2.1322967516334685,5.647800822895285
608.3777960342823,578.5651925133225,-128.04924719208475,3.9936983764228158,131.19104193969062,1.675432299627488,-0.7209629864165847
736.9903104329478,649.6448181044461,398.3951449521755,45.278169734366415,66.9935949793312,2.5997831627901986,8.485857226256629
659.8984815892904,640.5749374016727,83.13946423177462,239.27929368113234,160.38368500216632,8.411679861788919,4.908830078867853
252.4888544526384,191.4790771294436,-91.57381455478122,87.59650995238947,118.0879744545326,6.953310030585952,4.663318867732239
9.467392334202538,9.501529537900176,-41.033529434901425,217.73720799743296,117.78444551363201,12.15407747503286,-5.553209962132846
752.4673127006336,705.5696608102685,139.8734634725077,251.10976069356153,94.88162974275154,3.170385353360329,5.256451058123985
162.6155359452407,70.14066930640095,212.68065501365015,122.5311786340993,160.45156590087225,7.184289302373143,9.437335698345247
317.86994080698895,355.67707300089893,197.60300351348624,97.33813189897334,181.36144107720546,6.687905651435676,12.151853753636596
164.59438148486484,154.76758779387876,-105.83640176106616,108.7333358627228,38.533143708522154,-1.2110853291639785,1.0509096875359778
724.6560109646653,721.9791808441491,222.7777715389631,81.6447851349883,47.33942147809438,-0.08148825014002092,9.690528576096368
308.31794641477404,256.5980782709322,168.69841872171992,136.08640139153488,118.5566876231719,0.8068610922957378,1.0985398793988888
-21.885268724937735,-93.03274390886489,144.93783380367654,122.42331734442502,-8.64721139684775,1.8495873951576787,9.337942335995184
366.25918785088857,311.3390668432968,231.8880377543711,131.80536005145126,52.95523424595571,0.37265241383099346,9.13328449918882
88.54495315390663,49.31572464867911,55.63197895995766,202.32300386384148,112.82397502626169,7.8661445872626885,7.286354049177589
381.82109803053504,308.7437766142968,193.89719279198115,91.6493977620673,7.157748586093905,4.529892349928923,2.568546178758669
808.2316818295204,788.6000395335653,99.47201997074662,112.01419043246374,92.44774368375506,5.855426828373659,-5.291205182212777
281.986055514553,235.6576687794119,172.37875484038267,72.01594876693035,72.92045272777031,2.6845948398161865,3.2697261946152705
367.02462538607676,334.299738724639,-59.532770776854676,192.55620107260933,48.146950358271525,3.6593527246866993,10.077705430474449
127.6230633794065,101.98978760194942,-47.97979284146784,189.55890733737533,98.76603138702791,4.972300395542652,6.376758489920699
639.3812907830097,601.7873934330011,48.62746680653196,101.72572898223079,110.39767942363999,7.4361812892065835,5.270254205758697
524.5959354531194,450.8317308638771,152.63775100589507,208.93287732249772,153.76774727848976,7.059858153208522,11.159608626119018
184.85933377975277,125.41636987213131,117.37804676589289,159.21120891608263,105.1973780133028,6.778575460341482,9.524583719386449
386.70428057807493,360.9243754491788,1.72587397080592,118.56632780767858,83.88274364408082,5.408054754255052,-0.15847059045565298
449.9559049271199,339.9599455628331,358.00632266214484,197.8163539320179,119.69971816389389,6.068339170513289,4.872595571468381
287.51522197350704,254.66499222223206,352.6050255068764,138.8294093726882,139.55997228047556,7.375628895765711,3.589758348062433
379.02565602190674,348.70954708840867,350.6923089063188,141.76927658515808,169.58755552656618,11.425560618128479,7.808626772498547
754.4361677380692,703.688332963424,655.5087994262024,115.03210346047243,73.44143229344724,2.079011068610784,13.212403864740725
247.22785727896257,221.54170371867403,139.1410774281229,49.948752367659644,168.5372751515087,8.330064502822477,8.598912062801341
315.297600336437,247.6062159238536,239.2034708173623,109.64013829888786,106.99731198479945,2.2746440522298936,-0.3304318811811749
369.3074804074738,351.93036691916643,360.03131575994587,17.850302167947678,91.24353321871396,3.444518294179645,-2.410196643166569
505.9851018416707,497.9581921734941,162.0707539027625,255.87213254255857,24.013027299904042,4.573421113116685,-0.6844156159674366
408.4540834806875,421.70352848891355,430.30005744979854,168.16590286686665,21.65289892538876,5.203020480844513,2.0563031545994863
460.46009120382047,425.8950291180164,291.9142368432824,117.52554669052506,158.01635092575282,7.240514835239797,10.23021025327034
464.43555657213693,440.5981518297182,-35.5047145479954,127.013099945394,54.679928462868226,5.186444285694129,11.251067443325214
781.2879203098258,766.0488830972565,131.41535280068155,133.1517978862377,130.76676887200344,2.441885097077345,0.7580650287072019
466.5791651023519,413.74171163222894,318.03445028749803,122.24892674164765,106.39596212935703,4.168167556063026,6.828826027505954
152.9839128939095,75.63597407742839,137.6290350425875,3.3740505398777403,32.679514723113044,2.4726290103405066,10.088703604996773
340.193240928501,256.65923577216256,-9.878121555468926,190.20367779496286,21.93702139628969,2.216065254462002,5.768572641480357
411.78374731673597,359.05424676830916,428.36891747654016,41.42017982428728,173.9277522664787,7.454525076050646,12.253873508324206
198.82605564072438,126.82037986705578,49.71401954449565,72.83080240907358,53.97000538102199,3.689398858213513,10.734095558576167
497.80185065553485,439.82806034426807,-28.158574522053858,129.70958151300016,87.1296174632248,2.926278089343223,6.355044920832438
474.1641082780563,469.80066528884936,221.3781451067544,174.44996043323238,135.22427676626873,2.6780039099864075,2.969942101928139
289.33132752295177,246.9975530360011,-142.9582715353462,196.38637700486078,78.20695310850128,3.4847769667882034,-3.2241822822460846
655.3921618676242,619.5411213040959,77.37177565598226,99.86298026005119,50.3060822114913,-0.47410918622184495,3.975600845274075
261.59704086832005,205.652049933601,380.0924081466641,79.89097177932221,124.58325027445296,9.902551945961275,5.713851855145178
438.3524622186729,438.834529069027,-36.40479372809779,75.59360691649754,107.82702246011145,1.0149662606664491,6.799225504525857
474.07828617829455,440.4821673060839,382.02463281705377,158.26305727503737,111.55309278972513,4.838116276942262,12.622146005103145
124.96179304557762,54.860023317158834,313.4241807009054,175.78495964587844,90.96609961450032,3.74918942603216,17.22147434303862
388.8215104945427,330.63627222404796,-37.86903964597203,159.29445957863618,59.844510133463174,2.9353653911217177,3.7419219040690215
196.83072391755692,160.7286142612266,77.21024976952056,107.38142171944847,-5.908537281847755,0.3233997164336494,2.0803291132949835
414.6436240435926,393.3120520755285,199.17995708726247,49.0541657112711,61.99118205364957,1.5995121456235135,2.2361321056101344
257.2395144335979,220.30642470628416,-297.4503560630768,77.90590687293128,106.38497335024095,5.532890907274661,5.1365773154947565
595.4780687507226,606.9347455032142,138.65488713119979,164.34012936879057,174.18030970096734,8.33794260489976,10.48119964649243
418.0314073532496,411.8341306955333,198.74892663805005,149.29662101522973,139.88213582553018,5.848787819095227,9.377082422584381
500.39777088430577,462.2937607432886,-152.47306857299355,149.3116365243331,76.09247519369774,2.1880066305624437,4.779000376728683
179.01308519134824,143.3970418678152,307.083642601025,137.89953338870507,19.47102848648816,2.8569927371566064,1.7991430041085237
-10.282551445997985,-92.88326877912725,130.8741884182627,269.9816076076626,37.33385995559152,1.3505300979826433,2.5860821174435236
278.04722565503465,253.25699916304106,320.3374013055815,126.55393853816953,57.74436645879207,3.29014768407255,5.830380590665607
364.25260584665756,299.41214476711133,275.98607372019507,125.06710940979697,153.3607534524259,5.775749807577528,7.085953942003789
604.8584607838276,521.8165157519883,289.1730698871503,92.45904235269113,-11.532516877177502,-0.6643100654472799,3.882382228498386
527.6748126324557,513.2277993304307,79.95444328248219,158.82733362531548,76.69763805954851,2.1678848332422116,3.6264387669603684
195.61932638891295,157.48742828183651,237.01268299399794,75.75248416750458,7.598318769531335,-0.7543420561649972,2.8898183689055683
316.33665834423715,288.45137651426904,270.0850570684953,151.99185887042552,56.14493233872496,4.348375991032352,-3.2939669778836906
322.2495324931212,277.35898938350005,137.30422843798058,155.3099423355044,71.01317673567571,6.669064087963106,0.1309240740227264
332.09633779179444,298.32351936462175,266.3993489781524,172.83434480551526,95.54434694825098,5.949066091567757,13.295333408565185
482.9188445734939,466.7621002205987,254.37666470610202,149.92049905917523,31.384354495491614,-1.790282517625783,-3.4848096289107824
253.92790583805922,240.73215208820955,-118.80380419635583,204.7089068094136,110.28975840315104,6.6376318000025005,0.3152444765610747
175.45152146467856,179.22773462330136,238.93176140380066,146.65141550105204,112.90096758871255,3.4990054728900573,2.434338609792247
457.0038381298823,415.84640582879047,100.3866243319259,131.48476441183507,161.5604391322649,6.534911050328083,5.558542915009823
232.23687886256172,223.59375457822944,160.82402162223252,137.33299986949592,84.37274664412143,4.405071624413187,1.8289588211116257
76.57118914539919,61.49749836519671,191.422649692132,89.26400954935248,127.22051675039887,5.781805367634659,7.576051090471822
700.1209877208643,660.6351195406324,-104.98049250487291,113.46930419812313,163.02141934152232,2.320910442582724,-1.0815996950736932
128.03836520789477,104.92217456778799,239.9233974473926,116.88836764191623,89.29004975841916,5.384483244281812,-1.1173500496219693
323.99216925454897,295.3806091397185,32.32472135078382,137.48861247872955,24.513106438968077,0.6982377993567264,8.450172886354355
276.3967516764367,293.2583542816605,254.21564953458994,153.24779388603017,39.65066053306461,1.7833218242128959,-1.5203305185993696
645.9563802473084,620.6635619275062,48.52315300057899,132.7132401086158,165.41924722988796,2.3888151100728434,8.321355125363823
70.65868901557276,18.28234981111998,166.54546312400194,153.56790956409804,91.33981876975864,7.300958868700122,6.684971272829454
672.0836609120315,637.2365279013051,178.2580276053351,212.62369424546492,39.20820429142066,6.813796054359132,17.111328672292064
545.0837951067274,549.6854061228069,36.382310106777155,212.92533951059195,50.98681464806701,3.783506098018833,2.7259959154297726
194.99880532636413,141.59629422536187,414.3213612349741,105.64379689383463,99.11685274537625,2.731109467795566,11.158179346009355
121.4320814188844,93.62299253980048,241.49717040430312,174.44303932581016,100.05912917089955,4.915702991607568,2.302632612130347
255.4614705702767,226.06421331490228,21.69336590072415,214.97131658214326,-7.916518782684267,5.151445962529774,0.47835611972744324
361.1062573867437,298.81218324312044,18.22182761660801,74.61722177288381,118.73926251269909,5.428970773864687,9.366273156808099
235.487569099613,194.922467015209,151.22593215653433,94.1188264107711,22.616101638634692,0.8012489370969574,-6.209321276288717
443.5651639176134,382.9406922234911,330.48079967940254,182.0538378337445,61.72184391408648,3.5014045456588128,15.149821580253738
467.5079627708124,466.46011809792117,90.36683363923443,165.26232869253246,31.478243045564387,2.9248499275739563,5.821804681120893
109.45718213140299,70.1214809088238,66.7938169157603,130.0231035423672,121.27027918025316,3.4441869015780107,8.714582709606404
580.7990915962225,509.08843149912894,137.80448330963483,44.27891435514728,79.48947630162652,1.1853007289305642,8.940348282997013
717.5342764745219,627.0491015969706,-38.63016110037254,128.13783186195587,70.0175315011105,2.289126893000977,1.442303858987668
263.6789378471651,228.06706866249232,354.0021312092791,143.4065770224201,46.15395782891628,0.4191169692439338,9.455558416708348
380.2768287163433,342.86967805890106,-43.29755956128582,144.0599800499909,95.38072379066021,4.082555864164973,9.760507336456527
-64.14387781431046,-106.50227154971411,-44.27130245655869,70.53298136943863,68.20778276768014,4.151475875151087,7.623697494972414
401.4719350611208,388.8748720596132,200.58855280646367,107.88952968936684,86.40615440382936,6.299322875128613,8.502037549250634
22.03604258498303,-26.367744186432105,207.05870896117295,113.00073927184725,14.255281293797028,0.24402247745348116,9.005455335278423
534.4875209803303,502.2052568454589,-60.77339190882216,203.93450113675343,35.041395079762694,5.008324532937529,-3.763821446863358
721.7642789603108,717.7992013041445,159.0592821562524,66.53666009605308,125.7866879554946,4.01711999797017,-3.5111477417743617
404.0529890755335,331.55951079247694,219.55706201829466,177.4430055011992,71.93074486638096,2.376099878967075,2.427626610914043
300.1585005445995,283.60148474227543,206.7359740277549,102.54574074180088,25.86011489665221,2.654955767309023,13.903266748839618
-29.569523182564602,-50.6567110923614,113.96145389561836,121.45686855665814,82.25430938327045,3.866257344367698,7.074978818497884
97.48912625201447,96.1792270407407,266.29256636078435,218.4684066491334,156.13759650200615,8.021829360870884,0.4557997591713507
86.62816700431746,102.77351723942289,134.4823041437636,129.67121417289343,92.88720751125106,4.046337114043772,-0.5110392587838117
636.2754721611104,610.2085209452464,52.38760269736118,110.26163142723689,78.35766358612254,6.126858576863775,7.697854952560824
511.74612820931605,497.5852907803248,177.49496750868752,107.35434293595293,123.3526223102698,8.7351810292357,4.337454911643025
181.72526898245474,151.67522388461686,78.62473516618114,68.01715915661511,-3.9301590952669603,2.342351246426195,2.9916659057480683
848.4976861779517,861.3842235514436,327.57464933167336,213.52478149296547,85.98043417566467,3.9431068468410624,6.6746896077598725
54.35432684944458,4.440576398282426,167.21502170170456,199.19191825450247,-6.930360618811089,-0.47738623075327924,-6.034584689174062
364.95132297737194,312.6298113329125,-44.256298511070355,164.46482364686057,-15.473888619101983,1.9010204707155671,1.9889796363437433
-47.28726382664355,-70.61189781280748,84.09486516288236,97.50822645087256,50.74649113457669,4.287764982526249,6.807996572841812
234.28857743988493,225.9496968259481,333.48586448239274,43.643047785277176,124.62038158177431,7.514392244845524,-2.62826427364058
405.6207004216395,376.09645649834584,291.4074244821907,234.50803497679038,92.30138856634875,3.3620213359735827,-2.4846715262691803
535.0709917774952,518.158167938651,200.19357533843078,148.47545415647707,108.17713804463561,3.3810201273899176,3.0383077699270755
314.155606918652,282.147197823194,427.7348692179308,155.50582379098594,100.10711354281865,4.242979738630613,10.396582754899065
218.77941978509213,202.27796026404803,286.6044579776959,90.8036102974073,143.2753267175744,5.99106613341046,6.447804991119473
229.72904631146366,182.2464582759769,176.4280158821496,149.37520631766319,65.10385404780403,3.4230016587509664,4.370429761986888
667.3491245413251,611.225665772791,-7.838483824836574,194.92701448236522,83.04581656805719,3.5826858440551463,1.5775933498024257
649.4893199192583,584.8336034133569,316.72479038957465,143.12657057401196,92.53289474985127,4.887134200015823,-0.8429077848871315
578.2756670932405,597.4187202756638,144.10059650862158,79.57138107816147,99.17880790797788,5.434832427859513,-0.32653577172461223
422.3782867652454,376.6986650244069,303.62436193636285,62.212462773713895,109.95210801319453,9.157967125305284,0.7126671440604918
1094.5574265360601,1082.8786983552613,65.72296015483849,121.74757421211253,109.0234482041031,7.338901412398937,2.010543921885056
564.6123050238358,535.5436428995584,-104.65537439275914,111.49437112408052,38.77185229438834,1.276365863592323,-3.865831855431047
446.7974957890301,389.5646761354968,225.7299752284413,184.67089730194485,-23.504416988939045,1.254378922602363,1.9939061907523967
316.9866139803895,287.30636561603194,309.70564190708086,171.0789300786045,30.427690512215943,-2.0288000426722093,11.172893496421516
44.81712060155946,-22.902881480231862,189.20098102656806,123.08554625411928,-14.185673418234146,-3.0683014977887346,14.220179812012859
218.1434145643717,163.9314471542866,177.0479793895433,102.69546622716157,116.99421557462357,8.385818827740511,7.0985431144853495
202.42080831176736,180.289125656813,67.44493002025023,116.18591188427828,125.3511242746774,5.239543214391594,11.1358884743964
324.6964974150373,293.0692266336112,133.09694959636295,240.38780335956582,79.65442368346854,3.3676124237940255,13.251463534280065
550.6792298452282,515.8573719748475,367.5330948364393,133.36444319350505,52.78278752951526,3.5699685852977154,2.0295833949873483
357.9613417812627,297.2275008753336,340.73046122435,54.74475877514022,203.74923019840546,9.686733289305582,-2.6515359473961073
265.6412940645322,241.318104345626,-63.18963217806576,204.97070845452947,65.6998985606095,5.951809106062205,3.6147805253735004
197.37413092590333,141.37476386136916,207.7706326825598,174.52522230418754,114.37837181165793,3.602879683557982,1.9552257225615304
230.30049088370325,209.02595892381254,141.88325839807734,139.49683550425993,63.69212928313614,2.4791251090204063,4.197521522321737
570.9700918399903,573.52058456748,81.19998563175854,142.89849414619712,59.08236744527492,2.3218207005708082,2.3444169883936663
189.4287819357286,187.40538303113016,255.11687878803372,132.7236037751271,194.95542714990992,10.324190208104842,5.831854291327064
644.3612212431278,615.962032939769,456.7322461047621,66.97236289131233,59.38036910539057,5.46665232180551,9.241539674474593
350.5762178133772,282.9459083292458,272.9416473165062,165.524488165965,158.99722868251794,6.357882090160085,5.2725346012589105
569.28818872325,509.9898818743753,408.33125618498013,110.70897087184062,98.45452094728631,6.091748127850273,-0.11632388963003344
745.1980106517889,713.2014992115774,276.56526226775327,103.93200976251015,66.41053929561852,2.3188454701462393,0.2708785951324018
305.3472982719799,266.7136905471416,-208.63679231379973,71.86504061148122,205.350331829632,7.786467739293751,11.602326430400845
612.0196796746695,575.4406233155236,451.4726525728169,49.055820673470194,31.804504891378787,0.2398509570056475,7.36111117919803
480.10602139998304,427.6321151024525,17.960507548739677,82.24859357960966,-2.9835265704981198,0.7153387938519244,4.066269435925124
99.90934960495824,107.72408673949391,242.6931537590791,144.4570086799114,6.935820938819824,0.2923222366289573,2.58492138153788
390.4816895657755,353.31159890006825,94.71092586283187,163.09563675719704,107.72211332792564,6.378722873380896,1.629529203056123
-47.81615563300709,-90.32154428032975,218.30943586317875,142.47852709990383,94.06579730314664,2.829089306934281,6.343281219562561
273.25057878330955,247.49987283634857,208.68388789164064,176.11576857098308,113.55431411229179,8.515500543144839,-1.0847433806025177
651.5691062757963,595.1087834909456,23.326283380469924,103.7032950443041,-40.74672483403068,0.5455971006409157,6.811072954939524
280.7011734422649,253.27715678319848,162.7637993558412,-50.03341573114055,108.20736876269028,1.4682568854925653,15.172601984141638
189.47991329016878,119.4816013915652,388.97325110909753,133.18267241645668,47.67815287664898,4.254537235841082,5.50459523122612
123.72370329527655,69.4924068884733,101.84960221488231,178.23061601238172,-2.5332402843373574,-2.2511091956028224,-0.9416782517363407
131.72563646532646,58.86334326701666,275.40569299268674,105.26702233966573,52.50909965927785,0.218832710643027,-1.9862431511215657
-61.46198857779195,-114.48633150028655,-185.29801333375968,79.03691844863872,103.4965340509672,2.018554552926084,0.566580117919236
117.72249771314478,71.43938396880914,51.716269835686084,155.17794884575162,154.12916335554874,6.7732735723419575,9.101511387704814
348.60674454982365,328.5928233884272,216.72214803803945,86.40667347541932,155.14208381907596,4.627173091196212,7.5662229378654935
-52.504016123883524,-92.15103954069122,111.83488687382493,72.6402147668354,83.92470113312628,3.2001971434275465,12.715680395544075
-66.49739807128395,-96.6973230513833,247.06996415918584,174.43692197057382,37.93766005403783,2.5664853841700097,5.562809345047096
780.3249569570985,760.315563652923,383.20381022730646,184.99647385500177,125.86404812627393,2.330743090343057,1.8604195438710331
84.54670720020957,52.36645106039285,228.21762805747179,156.3628333052067,8.447951537083476,2.1674986058217405,4.1535213403057885
406.56486700961113,362.6949081476276,228.26135297206363,90.10544227973321,138.2091090888716,4.167951223447233,7.081034768671684
294.0895727513561,296.1924271030234,137.71507178911963,102.7222914122281,90.46930438298511,6.284834742080443,9.345619235572377
146.06196838955674,107.48028544895776,298.19393641086936,40.15854997422643,35.35517867717161,-1.4356409114569484,-1.7618044158339499
102.76645853994087,83.452570463814,574.8648193507419,37.888800550838454,-29.815595012947153,-1.4022720318126507,0.4085694642370808
299.8102901150371,253.26703211964863,304.56457482522745,22.926506078591377,50.04084833796998,3.456445811488883,5.06041775423446
-44.518253314958365,-90.17572128814354,227.06734657624528,137.12455436331163,115.7110716527666,3.30904700558529,5.601370160095128
328.21786289242567,322.92163629922004,457.4666132911744,165.91245199408954,-21.96454406548362,-2.508778282630479,3.61600993832214
564.3383092438276,536.2297678551246,440.6672443558022,141.24613205800875,19.636043774470544,4.000866150217441,3.0072021608035775
216.7619713504786,191.37375293073674,32.88106436698897,164.07085359803483,107.3195086014337,6.4888676981774704,9.481194154349607
437.04005537680473,344.5566601335915,286.28718385541055,120.4789268969009,46.5452405248993,6.281870671954673,8.325897313179244
191.39820659318562,101.02073744089112,-16.51558920163895,194.3091017596665,128.13867406683227,7.233786938457436,18.215771125656673
-87.49888319833434,-145.9279779855185,112.87381713195322,45.83169940079057,74.11037556431184,6.047605388580462,4.042234923145298
117.12567562130091,14.772350316193112,168.37984639130974,227.35860624426047,137.65386019165527,4.296255890194617,8.590266392970683
191.97319759849228,119.4780213326244,114.64084424120772,149.36686262327189,74.68375050823849,7.002345039923741,2.5998234857198335
294.6748940711532,270.3422493257302,28.135608414085524,147.9242652263055,84.61617890772908,2.985778222330873,4.108266618716636
355.73661692668287,306.17461527641046,449.33359103672973,173.6920914737466,63.39688515248006,7.600562788286511,13.841496184687031
657.5950968169375,659.3491353613638,224.16422088233531,127.29189367775928,115.05227699909051,5.28893461471032,8.534388953427948
654.7079762509478,597.6173924429179,165.91408430668892,67.2921539518361,100.61694240501511,5.318633120165332,13.90911692568812
423.81392965701633,375.1825503828683,366.27138638702974,46.74901022159084,89.64712204252935,5.1948686745059165,6.877110634345564
623.2817444947756,628.3442236453627,365.7094258643653,81.30399301480952,123.63258608133587,5.861927818648896,12.864531832723845
442.88311025220935,426.00354406024366,18.770148941723715,28.59871738740559,22.988885142142543,1.7545637679334758,15.687539707156649
-277.96875846199583,-327.5563922341501,232.0953014913262,167.87597730202273,172.93187758701913,6.2497944333649995,-4.884254015025362
291.31615338404106,277.0106951777826,-17.94181244536247,-4.26127832291906,82.46684482081803,4.747471263303787,-3.4998492108401726
590.3171474712827,567.5012034465972,59.52497172075212,148.07902664354643,85.15865762656318,4.142537215192638,-0.48860196069219675
148.56593240729563,93.21225080122018,63.5678579719376,197.192099129772,59.028066813240855,3.83922015366709,3.8601368786986865
394.4552307009707,316.58011773579733,107.89398960503918,147.5732468344363,135.1087865159369,8.65918175552815,8.310379677043779
364.43439543657826,360.8704144197543,308.20814511419303,174.1055956669699,-18.02469520501465,0.7798386928876849,1.7464197319289212
614.2458542089163,608.6340891335615,-175.74664875848265,173.8326246612269,50.56769360077965,0.7227733208587983,6.623601465182306
480.3236894306691,461.0321466349243,-164.17898617440179,146.41320900030445,57.10910559863285,7.354043632871285,11.584806168855001
31.615017580661647,-0.35106158788115316,0.47998010852175094,161.9922930151492,106.70477654119865,4.511219656481093,3.2487322750623036
122.4291414242986,59.17287928660314,252.79876518276023,51.80924393738668,-17.91139807797225,0.5352014539164791,6.1625894507557675
324.6579463681768,237.84266186892296,371.09628266947135,269.8147683943221,159.1825562467123,5.773937140696578,10.776639779631626
148.47845593160355,131.34093284817112,230.03874925425362,82.06395930039633,90.15887792907127,2.9778524979974534,8.777660288864507
-60.54775373936438,-80.73805895162106,128.3625093270576,126.52731027431524,41.14481143698873,2.820645757790686,7.779568310241379
301.09556098872423,275.0345315189505,-63.56847392803133,110.49155491427909,62.00769022526773,4.302408678660775,1.1270690813638216
328.33603608136787,323.50711214542423,17.37623742972407,97.16434515728838,4.244278387629178,4.354174027881675,2.4219782517022144
146.78031118535716,100.1647396145823,24.730242769984322,256.8121466859621,25.090735023777878,1.684268217801304,7.757235147557463
471.79277110818424,423.9827845009465,181.3083559183507,129.9208008113747,20.051834427399175,2.6835249445070235,5.590734069406183
16.98747297054117,-43.53913003640014,204.31464355726573,81.28495833318473,84.72905938965863,4.633641992889146,7.778739273893881
394.68716483150706,395.24537179861176,294.22592314126655,169.96020448635514,110.16349107316992,2.23391581562052,3.45375774772399
277.54813780345046,261.47365446258544,221.8320435026903,71.44500688880493,46.34707097578409,4.868830617796083,8.072068248517436
-93.6744045459668,-156.7942441982805,257.88342927154383,31.489005639746612,103.65578116670814,3.4317894015817063,0.5302499031018124
564.2684916762323,530.5498075956183,-54.368702384257936,156.1585338610017,-17.120862066702806,0.10867122447819372,7.342846390584094
311.7043814870385,278.49119928131535,69.50774091064382,158.2989382384958,-15.366869923951162,0.766404247047509,7.521399818307537
-54.331592260265495,-60.71927783653843,415.1766902932261,105.94453327569686,-6.637045772565299,1.1919503466438033,10.13441803774609
95.85521603125014,71.46432148831214,167.3823438131065,219.37771436484837,122.7169894712742,4.48771120703655,3.7075840397176245
694.0576790253814,660.637437994335,208.67445259910585,93.1492577262022,102.72053640921776,6.928369385962224,1.3156432906902165
254.28610591716352,216.71431580685572,182.51007833105524,219.67681317078035,52.553913808182216,0.5393045976169737,8.915784871858431
225.82838232149632,232.82245099605203,279.6158414012033,102.14785027225095,47.09651642626605,1.9918468893294086,-7.216321651289335
562.9050309713117,519.6626137982317,21.16494193687366,224.33032427403404,57.31076786357284,3.755480082247996,5.125671481390239
518.7696015902102,512.1787744954514,-12.450491152753752,70.55653003164154,42.400516504365406,2.656155460788677,-0.4209251163037626
391.2060709029984,342.59068658050603,541.5926607289309,75.0684001669887,100.80301297050495,3.7249514682406053,4.2594570528733415
399.00120649512724,396.37906891971494,-35.44997620773064,101.82705233926758,106.93636863643225,3.201549632914758,2.1622051126165527
449.48037243675395,458.54807441324476,114.11513288488423,142.60476690677172,3.905647541882224,0.6412598291455647,5.081532386851353
129.25680960643493,125.77351668642939,-54.89248964889192,86.7205055441642,44.26914346919242,-2.3755830854535973,9.372550791639156
420.8968795188682,333.76213621675754,159.21031241394567,115.66022480095647,108.3051354530632,3.3525059212909474,8.57993279085319
120.67335941819326,106.6323446631691,2.3464198693874105,146.85169944359646,-0.49536449783364045,2.2819376489333347,-5.448859119778695
425.2612877286454,462.42955183869833,113.6181735733061,106.14559387294562,41.78389656164841,1.977810190757284,10.117773322647786
453.85200228387924,432.52805667307894,62.114345838209914,117.55598746396511,24.502587236124658,2.4728874433724366,9.278948452173996
375.35476861089126,314.88947384794784,153.4835164934006,225.96123579848748,39.11969193899261,-1.7861931523865957,4.39387262792861
380.76778779754744,335.90708146053254,-48.8736093463368,50.77696063958607,107.95275385228565,3.7002257592394683,9.837462732518484
323.03826534696094,273.1781313388589,307.529174201272,21.845390978735004,66.91530586698573,3.288691739849359,5.749465128994626
532.5845059048936,512.8605548130951,216.2080105878067,180.55199474262352,45.97169512507807,0.7721807948172859,1.308153953034873
527.2343951472794,495.69436509401515,353.45362556815473,122.12760082000376,87.6966153443584,3.5554950402677683,15.954905989377139
505.64956315367044,492.72086617406075,331.9194122760736,102.97253737073164,66.84955675947641,0.9366567310227496,3.0231894405851714
204.20836099673772,184.24939825628016,410.5697011735331,58.81432017490342,8.115100274106089,-0.8698654225500031,0.899808627943309
265.5860872524015,225.0666390257901,216.49314547806193,176.32486512109986,37.27296987820427,5.3325219710074885,-0.07140209750986388
-2.4627334230780757,-79.61139843117051,-5.263227036361084,201.304101955051,150.16559673181146,5.7263062802003315,2.2293872206713146
589.0386435119885,582.214704408897,340.6694116189762,158.08108047054768,153.22707019858981,10.037171373842568,-1.8892134026959782
840.8543507669409,796.1537201604674,52.815114837335,147.88005273745344,39.04490293337372,4.068944284327085,1.4011295236930812
172.56545186807946,114.75718631319074,199.24462340006198,34.27292080506846,79.82573075016235,6.49428574055899,-1.8307040579873932
508.2414713964594,471.24741137684214,99.23025635049635,78.25175584842074,94.56913943265943,0.9185763101441489,-7.744158106076108
81.15821304341648,41.04666228792311,263.10673346047713,150.95848043132165,83.03796272472219,4.73431957685149,6.980115837108577
162.13899343873615,134.31919137022672,132.71168484015962,127.13492853764399,137.90523564401786,6.375213907061764,2.951696308665947
207.70612976127856,186.14715947469935,161.599273370978,108.97895450181683,178.6631539162969,6.586760244486192,6.726105780237395
412.07501780890004,382.33486695975614,-48.16185795389326,81.60425123604429,141.99040356434824,8.1729893390683,-10.01011004594505
790.6199504302049,772.010154082257,298.4304715801354,72.40941438509783,204.06680935322873,10.428475095845858,12.322501882692213
301.1429804433498,275.8111081197657,137.89586862011888,146.32265396744307,56.702892612873036,3.0641244967099106,-1.943945084329277
307.1762647963341,284.66086549486494,-3.9636656531950067,212.4489000870248,92.3665907842769,5.090924097545397,0.8841522298289282
468.6465202322839,439.36928410007596,131.2492996569808,77.56229884378581,59.13136623836984,3.0963440778007216,6.439089756416787
450.2081209427519,420.46864388182814,142.04034631260464,133.79687299927093,84.21667322974587,1.6879605038739278,1.1084779344183975
103.25893404464983,96.36668592119003,29.107166101323664,117.08877815656506,128.03717136708224,3.7266988214444168,9.444865900147226
1157.8031680076847,1118.0351343586738,452.1631307714154,123.51244564774798,51.05211089061082,4.476647403097807,9.557713823920961
308.37542896724153,274.82253982453693,200.2116991924354,102.53885550974447,-1.1529244437857173,-2.963299812433921,-0.3781541627252166
397.41138557816134,356.18319366103714,83.10187988407503,58.34829457520311,76.61369983325639,1.6476858886887586,2.5618931354079493
143.97766183935806,110.93808719265037,-160.4749178621048,290.9339151013926,39.057357715938416,1.234270829047374,9.855582516373603
-4.763049834303158,-74.91918145027721,158.36789019339557,136.4950390550896,95.42591125665011,4.302033775420164,6.135141370476986
166.4639224876272,118.3585835927217,278.6278348659832,151.19883275784483,71.61889940263393,3.934834113239001,5.388684832077165
273.6229750812675,229.32137743393383,124.07012818600613,71.92953313681434,40.59142402042107,3.6360233338843306,-1.4655065609505045
415.2267165277677,339.2707121267834,-29.84900390245784,90.28811938716302,45.1918020600001,2.4832710788660304,2.102806908655143
31.67700045648385,20.78679523745992,150.25709309799984,76.13065938422676,18.167272456616594,-0.08955441742015302,-2.015380827451528
-147.17836024948377,-166.32139924989818,152.145936186875,87.41995415474105,102.38283784813503,-1.068334135206082,3.0155252048693764
533.7084918013998,545.4227089493825,141.9712235331802,117.49391698980016,114.22578854160615,3.469426768290109,2.2410315634793223
253.83056915175263,289.74838360982403,249.15978763035784,38.14491789658414,142.08054874921154,7.045243557613778,3.9302919025162297
229.00440303959138,212.36445827785818,86.10585491648267,67.02930037075302,26.723087451750782,-0.5900387148551802,11.786833040961529
576.7431450974301,541.6667729643409,316.110164884684,148.8994904712414,128.41267365925168,8.612203023686117,5.4307576597258995
128.58806793258555,83.6077440974267,298.02457004411656,114.98139420284897,80.98158650349018,7.433841603742183,5.921665956067826
626.92938893921,599.2324602243795,146.75908701930598,147.06155901353495,12.417415521149602,3.2862184848597176,5.275099027516187
262.2339620395214,240.0821585352834,50.46907849075389,197.36045658996076,59.21446285397911,2.2263699727112023,9.957881401988537
206.56869375993872,188.07461934307628,145.48476836225993,127.09945525278128,83.70958265696945,2.043280887573446,5.023366914799486
-197.3253836054978,-262.47604949075486,133.96003558357117,108.5289025372694,128.6064265768997,6.75297726637645,11.382385532508737
198.41513639874003,174.5892294886408,162.2917051504699,218.1610101685623,107.34341349790509,4.396264498687669,5.107265437146819
522.8645458952037,473.51424208383133,308.99396448075254,131.19035804786782,-10.451939453329754,2.6982898670107915,4.5396972190124725
206.44693143866124,195.30003738473516,-41.70956084221879,-9.268180212211657,36.187615724986905,3.4260882892485824,-0.4245495732748053
294.48558946747187,256.4427453564436,106.68895046850669,175.67031408661742,234.77239062710137,13.696873022021354,14.6547093632363
407.8944904945301,407.1231338857677,300.64778292756546,197.67718419542643,75.10543702851926,0.04673390531864152,9.96182665238083
370.9449170466154,326.8634970160656,218.94068815445652,97.58978257113904,119.29364077258714,9.349304073390265,4.259642082945377
148.02074986652386,123.98573405456614,185.16675040534693,86.55324035853812,105.56702255578344,4.949252382624617,8.742128013351397
140.2280184944242,96.61292540295193,168.89330727380872,108.04301204000998,83.06099121786757,1.4101362432187776,-5.789746597237144
18.566007646110315,42.44857636216065,174.58781584077533,143.52807172730652,14.317755313096104,2.1290190773728463,0.2664736275030875
36.68931544525896,-25.532873706876224,71.84103913806216,104.20923908415119,133.02940237263536,10.721362977960764,-0.12931500876182594
152.95488380642666,114.93260902616224,185.66730604633184,105.00327247363295,70.63481280943192,0.8359311440791388,11.947064914747532
519.9340745633151,448.2741152735273,122.64366830968007,204.87176672331583,21.957030081549963,3.346793159403394,12.423914899905894
212.22319331734508,189.0361524347932,179.36453350502674,138.81291803199764,73.97058985078789,2.1440188736767816,5.513282285159904
464.02336054349,433.86427480822704,92.23352139558382,62.9565927545822,47.37513974909723,3.722491764866781,9.50343375413738
397.5111220008053,358.1958029849194,122.25996217624736,210.4694563259099,102.00023737992599,2.518808862059917,2.519939425118158
512.5287074155125,498.0336056467985,247.07544678208723,162.16397048583528,135.08082023545415,6.149249830707447,11.71289059860738
92.62449224762636,57.953950559449154,466.658838431008,233.30842680770618,10.766406106454292,3.3782706962619153,3.7143214124849733
455.49001056997815,452.50932174621744,431.8197378381018,95.8322643270925,117.03201330091525,7.953158742766124,1.0610856162907911
341.410543182225,296.02991351131135,177.56012098644496,144.73148626412743,116.5704983563027,0.7239888919855346,6.1023500057114
636.8292917499587,576.0222167057793,294.87176654061454,249.6961988827023,116.60399364633778,4.626649612893772,14.328900476677246
148.315613266051,155.43233483980478,520.2942383900407,69.06031814923624,138.11366753459345,5.2233797264505135,5.78542701529648
-81.75284821657252,-141.43586498930028,244.69265424314457,94.67055087383952,125.62163722090918,6.690321241005161,6.327215710127693
532.8931133008116,537.340732595404,34.45300260521282,79.74056138020029,114.84381069582348,3.5165311791446174,9.224486812500457
-38.2037719626027,-77.6311723080516,302.56604108658087,235.48699430462298,-35.42432656764428,0.6442187584489809,6.69890749379413
541.6453553020548,490.76665909130645,83.09375946718201,158.30502162831735,-28.98988927013,0.9153522642957661,7.601146341613399
448.88699790230817,392.59183917117946,-17.238027569268137,54.479820346644985,142.7159289986869,4.530894056126255,8.475602687487449
107.29492488877898,109.67299398678438,-56.764352335049516,183.2242520129865,69.99900454683183,3.558527897000784,4.267078097377501
355.5220842938413,299.8558412490026,74.08995476960524,234.89760160424035,109.02966439157902,5.455750741472256,14.168010998497726
199.3481378757161,131.82030496241754,88.67313456876951,191.83755477811022,110.81706521864126,5.323125603737578,1.3692189278197158
773.8322700166061,699.5033262819474,431.28465499517466,230.13062763969614,104.57271156099668,2.004892664188643,-8.681629621530705
271.1925119571252,259.9469332989395,48.15794799949346,129.2400986046656,76.44182062794187,3.851290025839247,7.06751109191418
192.0786662743576,212.10303798765307,85.98098228250353,118.77147040260319,-44.43254475385044,-2.6236308081691906,13.399838067356425
29.753547612855357,-24.642942522266246,-85.60536088729489,73.40137304187459,179.47961704185596,10.318705468155178,9.210280675015621
416.19821609930915,370.1214650462458,187.76167177445586,6.921960253062507,100.75075448608787,5.04060468827315,3.718595845056916
168.65291442224026,110.382236451155,213.41867776025768,123.92540836300772,110.49604047616904,2.3150298395081914,13.416119224596551
411.37975768514536,368.0316574802047,255.19793901574724,120.91234632827815,84.7138907279721,4.108000353494224,9.646938908790514
604.9776136741154,586.1309614901929,330.1920055910912,99.96171521521106,106.65083003024192,3.199394643972833,9.559580867185545
817.2976219170082,760.998011835246,178.33581212691243,143.25352398633507,130.97427212639934,5.380560808606081,-4.950040640026953
442.3217114540788,407.60432376446477,177.8965656092901,140.19703251563757,67.49219968805043,2.6568408062553672,8.714504604453369
818.042732075108,777.8601399655076,214.9014715956471,182.924387010801,47.68098702890269,1.1486981115408361,2.4506650059627177
501.78721968020744,520.7609277096885,102.5266407526877,143.76604350606704,51.94537867868084,2.8559325598891356,3.76140675508463
357.45932877729655,319.12701621429557,202.46518378672698,166.40490888915852,66.76056152586254,0.06321977641045917,11.723470564420806
23.38366407392542,-42.790033730210524,-17.247973588509304,102.76319686004743,97.02016754431625,7.105375603525003,5.857658177665149
473.11197628782344,424.8492991154922,193.64941766769593,161.15659903863897,-2.6285254842079,0.7818322439475784,13.665180109957566
395.8922813756521,391.4976428381988,-190.83368757990687,153.00558472885345,58.64215605502465,5.359066793046191,6.642568917856122
690.5936058143064,662.8850753233454,436.8497036341894,84.15327085360119,60.95090151215578,2.3314872125640793,10.452304152843569
32.09732655953585,-32.41486413311064,-117.10794097775495,6.663183234470252,127.61765035493353,4.473260877624444,5.966496707583547
687.2219335959642,666.6022861407014,268.2111018952105,156.35415262240392,87.46490389042408,3.308666977449995,7.134963520783384
404.5577958067133,377.7170372615425,193.31413201463698,118.78696945810294,81.67173228812256,7.807587104022685,11.028267678122836
264.46013512912316,213.84608242977313,260.4259880224923,145.39673279048426,151.3472851283346,7.999826868696177,5.810362451195448
271.15391556597535,244.51411747885314,134.1679294769017,195.90148958053913,135.25454308042862,3.3009853992386033,2.5164733840596907
-45.28374037639629,-95.80799832733287,282.90372210610485,116.15276114748384,127.62634805262998,5.511263501244484,10.967502063018102
1.7530533029585553,-93.11341025324859,102.82680583201822,168.2621501780865,77.13797844904126,8.420213444992342,3.9561420034009305
424.39874541307427,421.5174632783384,203.84661617219336,114.58926447255425,146.76882684461495,8.760331864911379,8.347660232370398
485.82925135748576,454.8001687625451,287.19269514224516,183.31845377498408,223.87646437207812,8.796242208590195,5.626538975376688
311.31771079855315,273.10007867330984,215.52486852772307,85.53887012243526,104.35083992055884,6.2921491812073365,8.398429081956586
779.066293102571,767.1443032772883,221.20971313611992,22.88525851126173,16.98039402541569,1.9637480776896243,5.979805414288007
482.40182431308233,446.1453008610774,49.18319582449812,201.81259602798076,36.121028655770594,2.69272871671746,4.735909966589712
567.3520559866826,545.1453352852849,63.63500879072915,108.91819052596365,133.4558466836123,7.223219556632994,4.38348552475206
498.444768792222,416.68435926637653,165.17298499458795,70.21919959630235,48.38000792354231,-2.5492785157234463,10.662289841693982
435.241839826234,411.68927475616397,113.34919494901135,143.9382231104775,31.043863966855522,3.576766231899991,4.362440334476508
151.41759922439402,113.62463370868613,-17.606652991425467,128.0610352716361,2.992719886304113,-3.665663026652937,-3.4131129537278233
499.4743355978751,489.07498018896683,228.90900970011862,260.13773448533215,98.62210969914693,5.825639316378453,7.7699215080031
314.4232032024505,251.8571330311985,256.05133225957803,150.13729860385044,-10.24121165830841,-2.0127235233864855,-5.048953658927076
705.7909731428667,716.1929850319085,221.50366197064903,73.6856295825884,79.06289157651491,4.806002440986743,9.078917079121602
638.2479042818654,606.5072600827949,321.9975779935252,106.03871536233514,125.66165717065839,6.4546240433183995,11.670741675780022
566.9105868531316,550.8276688169078,45.516131311199274,111.84572477020615,-10.235247887386926,-1.7284848256126801,2.4253412142365116
296.10739765214424,298.05162487352914,199.44683449532565,82.12048765062968,121.13025111264682,2.7470963126837793,-3.116986827782439
184.78565010733678,122.36879759284149,438.9865059928418,66.66334577629873,30.532221013117276,2.0747774123030687,5.288794613656715
720.9901680473326,684.9536558881899,320.62282714620005,172.70495268092665,91.75772652336995,3.191965349128085,12.521864358334117
-74.52204065572056,-105.84451433929895,297.1293934502002,-6.921214739864176,66.87070077689972,4.596383174452294,9.62937102794564
633.0463800361789,634.7144269476902,274.0748954988686,131.3930884948591,71.25994347119051,2.310756965050733,5.149174887460563
584.0721699694062,542.0907744318599,110.59198066352002,84.33980153479152,99.58310183363247,5.263235105446742,14.28357053292038
906.6852757311486,887.7941263130949,21.65709834859049,54.47152678579392,153.14641433208482,7.4610865501979315,8.835660134604906
665.8675217262162,608.6373909163407,434.10254726910824,114.16278773364454,19.299859253734656,-0.6318297522296152,7.579788278138928
306.6209610263943,250.64173684624384,306.34653452794294,140.76546453859223,72.36971800561146,-0.024410492439739695,6.678945928961168
509.9297068153989,465.5992312555422,374.4647774444152,70.9268795327188,31.992267968614946,3.7752298982656587,0.7806545936959145
-292.9197140818506,-329.63015124012344,-75.11865689757933,114.35931929921412,19.404857943067327,0.8897405793009476,8.590148713266307
284.1386146698079,290.3441207888882,3.1599114582656056,113.31675009663863,19.961022998801443,0.09537752505055419,-1.3650075435717293
521.4205249204357,463.9753893658855,94.57620093422649,146.5665894970323,92.06924831448381,3.7992002272006222,0.2840555881728986
456.85186700587695,417.0653728386005,208.16480407314288,65.32445120017185,-16.713695502197872,2.968563153778244,9.911963930782958
311.72140338897964,261.34104379457693,408.0366658785143,32.62855417707992,135.77746583744104,6.724738721532894,2.2623598926154127
575.9318047223339,548.3654882945971,259.4464064348234,159.85764882573136,8.796084262443895,2.095633423716194,3.112100287134485
225.1406168400747,230.15536862265344,28.45878241576616,147.49688820073496,72.55077284086458,3.5226670690524005,-4.209032657070399
-112.64214450550091,-131.33403425653177,164.17957523841287,159.7396268921614,132.5880865159502,7.034086617226225,1.1804740622217527
514.8760296388004,460.02149427188215,242.37225229378063,179.65987288577423,210.25961780804337,6.738334510580037,9.073158068860286
776.8672465074671,782.6519439829978,46.84417022975794,136.42504387696997,5.667552350679507,-1.5228954648213242,-5.8240808620154745
513.2911999877781,497.60941181280543,139.34038104230382,153.09578650516278,98.35304754636918,2.0544204168320035,-1.0476286151928607
178.77451260347542,126.5816110326039,242.48154591283725,20.863570871778748,145.20959630334815,3.9680534383238224,-0.31918311567203933
732.3316373631422,661.2925878318811,274.2099455388579,20.939211162871278,22.70064969340052,5.089599856813296,1.537514601408287
287.24269331550806,275.81311333858423,103.76070107572923,125.30966494018831,60.04720150032643,5.181354543475093,1.3878425229778864
417.0649026534206,380.690199139552,113.96497679168756,168.41341120613544,6.545714379622003,0.9597374667946578,2.2694156710217976
96.07905429116941,66.20881257943532,269.44537626582746,146.31688520170144,11.345812940386267,0.37587739428330436,9.512241462278736
484.68334172736564,488.4660310198753,254.42663988929755,167.89951262435028,17.19829371527947,0.3067917284833188,1.9632432275400864
304.58858475381356,266.8742429515426,437.23727228424684,129.91661007835717,134.48026547016914,3.8075545169749514,7.626981106977471
625.539886251781,559.9498317938557,63.51212842829418,173.63039966858005,1.9339806310216325,-2.380382681463994,-5.980589500109472
689.2236938754064,642.8974123267127,-171.1207985403286,39.936788383786066,2.49172207285786,-0.49121929924296226,12.96917207226611
647.8232477940895,603.3420470442804,270.4149744259755,134.4039586158864,95.82187928852126,2.1355284319788876,4.553356325270897
88.09677561068631,34.24118756408092,458.45089421789305,97.57549323330524,10.983651468565519,1.3239288660382929,8.632849164375282
326.86423626281817,334.5114513946255,-147.54102713499324,115.23636285960069,9.207201034408751,2.6431046073972246,-7.124588767884661
366.86218927868845,370.46134881777493,46.18722515604794,30.022622248900348,120.39409907098154,3.3928225826626424,5.318863614446916
399.916393765484,405.4182329396765,124.47252193680876,127.47410690174357,107.04381660709495,5.973757156293642,0.5468419099985682
222.4378309880482,189.36108953682117,125.75647304194501,111.56759714856332,-41.714737169201186,0.003619688183291503,16.410645484680117
422.5806861169951,369.519797272447,230.25582736493033,128.04209645135006,38.56592261084302,1.6875167160538251,3.3207501990087542
571.3693010135177,515.1546459266694,107.0647198901887,119.56259822128054,127.66357125568933,7.246838764334398,3.607690155387365
482.0909355953616,439.4784705991158,294.3819086601137,140.81960558210963,100.06502915180674,0.6892931453661539,7.850122553574102
219.76621630255346,186.53369184079446,162.60038224943634,217.05158193447193,67.64429780517547,3.2451461347654242,0.5883167840656454
371.5337152763006,331.1799826903139,171.76918810914867,227.0716359667939,166.49554273955093,9.26526862287071,10.068269200932775
372.7148196160291,352.58503428032463,291.14496397103454,128.1426037929316,145.8445307246463,6.8551926534311995,6.0541991276548695
220.19345450940546,193.9027757251007,229.57412167722435,159.27435292639015,64.20655135016608,4.802002303984065,0.9745662401076074
323.94024975151564,294.3606058679621,170.90310594994924,162.08278247236873,121.06527469135696,6.663408574601344,2.9162980727949837
-230.99511475980626,-280.1054515519955,-31.110739602340775,144.98362240294665,194.9001138886726,8.352327250859444,3.0591520061111983
370.3833550918304,362.3955402070714,184.0193929730481,124.99675543449327,87.56090536516318,3.594320768126625,7.3635701204894985
151.6802149479469,78.24245462096914,72.55154699566508,196.42227816852298,135.0479297235102,5.349824716682871,-0.27159311850568196
554.6715672237544,532.3798101890931,289.6949061922688,177.05974919625737,92.81028340042822,4.58356557376724,1.7625629049761402
683.9863640491996,656.973469669795,89.88398836769046,118.55411659909103,154.69337449359512,8.485681719875608,10.198174126645736
679.8205833173581,651.2171864387125,260.03937114735055,200.32748377744747,120.41273840268704,5.406410128293623,6.559836705487809
84.81998804938937,37.89694271003867,253.16816757833323,174.0610944356573,98.03198424802109,3.663744014369285,1.7045668625799544
571.8880621121988,494.92743578603495,152.32982648376597,41.12634419088068,135.05601693545105,9.388367389677905,4.468818843062925
574.3904919044298,567.6093742654349,52.76600798987587,248.02833116063735,10.644495061145308,0.40207333879862617,0.6142936181407975
522.8385559389175,463.64966339308984,-72.86526353829625,154.49602309673872,102.6228666995305,3.9632904611559496,-1.7109677800816478
347.75799221817624,274.77576129791606,445.22131644739363,114.92273781340488,90.49351368386077,6.716633620417818,8.514029330565906
432.76224464832325,367.640104686558,94.26130074514568,66.64602930900095,57.28988705669022,2.243653200809402,3.5148882641483126
-184.28738729229283,-203.7354466791555,277.1819587086195,157.8190753042926,15.222636278307583,1.3819124461630516,0.03230041396988214
67.0136914008429,36.3796312119469,115.19684640253881,119.18303631088044,38.530822951091515,0.4685106986759604,1.8056428544319372
433.26395114468477,382.8717000395731,73.65942233680876,136.43001701024792,90.24661481030267,4.294831354119718,10.675756963809505
-173.23217027506533,-209.6134277470353,189.5472710776589,145.09474910607256,100.08536076915149,6.619126388481922,9.530759457375675
216.6180567573748,199.9215671397716,188.58925317879246,61.34965407847894,146.3002903528594,8.279331103361091,1.3285173869168705
78.38441888611264,68.93479472788063,196.92473487343648,210.09891022724608,122.14056984595238,4.695364889233124,7.638043483478285
153.28256433958043,116.17220997203819,366.39207037349945,195.46755542332951,112.58604386737379,3.5039387425905617,10.961689987321128
720.9415893931244,672.5832922721559,101.89755154463992,197.24501217662356,105.86187683846123,4.732541028598231,4.286519489763105
2.051042426883851,-6.658501335607443,309.57822704128097,114.75546273799452,103.03561990888058,1.3681144805735204,4.247731659762097
480.2762080103064,450.8817423018545,111.39287761656392,171.13395781839517,47.016976705271325,2.2585893859367556,2.3328368544767244
453.1572435776986,450.5000801332233,106.06276238089744,99.25745593672369,108.13724920817769,4.578364010146439,-3.461171461509676
85.3465065362625,46.21815683159313,219.5530069097102,93.332504867314,70.19110687525045,5.129261868420837,-6.761413446184638
377.435552353012,339.6605006006912,262.9590617495828,153.44312400036324,51.420745561991474,6.379850553792423,9.042805180852541
610.4976102970741,505.59533261146436,274.9457591922048,221.83461437185156,128.5494397176457,8.82176051976378,1.400029492877869
579.1699374761686,547.7684562273865,-92.57592186519874,112.09621078663982,62.85197119784955,3.1187309698265744,-0.5139207660504066
527.8623101391885,490.32045209144536,260.0397093228787,92.30312811453932,-28.55806454415968,-0.2489307031731665,10.560537562916513
454.90217334440206,413.4508092361556,116.63711929905459,180.35124714396412,96.51745608837012,4.999807087937273,-0.6519637605244955
662.7698333503972,593.056061937872,277.05275331822685,97.45379905643397,66.38951230587767,6.468086103144742,8.215418677663827
496.47956890687084,512.0490599425768,145.23731522200876,222.24317652715612,71.17861885558737,-0.15020907943780504,5.490184776920087
440.06955866227764,394.75233125916606,-25.000449698511556,255.9728533847322,33.25353080616697,1.9217715364441452,8.45376650296495
790.4071404777043,786.2722693586691,65.1090672282874,139.0833622157441,40.48209950088432,-0.8981500496052064,5.833829402151791
357.75482569833537,318.31073075412803,276.6586929705191,67.05370074852512,129.93734588108418,4.228315664166478,2.0729314855330867
471.44748795491205,452.66247327303745,85.58964501002815,62.950677342968966,148.9356714730559,4.869462751238656,4.566252132550818
294.5568794406144,290.55604694994014,-9.865158593691731,142.07788318005313,127.94501951124771,3.265760418376076,4.953801947710786
604.734907273673,551.9173010466162,29.3801496894081,108.09660148215531,142.26501680741313,5.244207016405625,2.291696392489581
389.5135564987582,402.7613452173914,124.1864866487818,144.28800751604854,59.155599351445574,1.356309356422743,4.686464412365791
456.90565769947335,417.76737857661374,133.4195306574177,86.74954683157813,44.88593862947192,2.1291531387501066,2.331851745682112
491.77823558304067,423.23615433987976,-111.95725692854136,73.32197865540404,95.49661990172211,2.107137581965017,7.424430969682559
333.8580284300315,303.2209802011753,156.13405547242917,135.7946138310912,-4.428730946432851,2.6419529132989243,2.070244203338828
424.07064501288943,386.8794584005016,28.016371069350537,42.37338778303255,71.13344181527911,5.722647632825421,6.257722953587309
210.79107801820774,188.75928180606707,49.865509946635804,131.26408949431192,149.97229686307412,4.170961525103834,8.20593939516828
375.04808009411954,347.6629119546603,-77.29973136349483,229.53170906791607,123.09139361386802,7.691501137973086,7.30398241066923
379.6629265630457,319.17587619404924,478.53786783854684,136.5889977287592,130.18781212125862,5.247658344519964,-2.6895317263973926
528.7930803633433,482.7885056979637,150.16881827416023,165.46632145989173,49.541771616374554,-2.7614308337817857,7.962946438614724
310.97524482765937,286.1997450655204,54.32895610003043,60.50216723029108,58.81505209580392,1.9285731173800873,5.204230378673164
281.9855582814158,242.4697635034617,129.17590024891058,158.09262580830494,123.14082845166347,6.574652425677898,9.422866391926737
331.7585347088241,326.295060591367,330.8509515728464,33.776769951298,37.845462367697394,1.6140203278391487,4.175510176729773
670.631677083413,616.0771011851238,81.95251727696451,30.885757214998808,53.108161364172204,5.93455529560838,-1.8178022599367685
492.4109163366645,419.7340358430906,139.33840937352343,11.039434766911995,111.36699201396912,2.6841602087066105,3.927373239960345
307.807783065807,258.92654877610016,296.88225221190424,160.18511579888425,18.942030514934032,1.5057284243248374,4.467204838897125
382.51032110158894,302.92907099124096,-19.5852657869496,174.7136146387917,144.05797570444162,7.17857139487489,12.366243339407696
91.06390225983229,51.92480709220463,-32.91361604815737,85.41625978635062,-2.2168850903139616,-0.4159659231027675,7.829923434308162
264.84006151506804,274.495416850664,292.79661959448083,175.87374927648702,142.42131409081324,7.963927521796007,1.8233587384709349
403.47921402183437,383.8492244158562,489.14984383962155,33.07485461484231,78.16586672534021,4.463236299138746,0.9382513363260204
316.78462145909805,326.2321484776696,75.7611578952941,10.016641348571687,-14.24992483945842,1.38112334607914,5.442553712685375
657.3545515525881,635.6253934259886,48.80589710356518,121.28762757713949,55.75618873861121,0.2886042708917911,1.960649132211273
357.9780195779375,300.40259280961294,175.98693704226602,152.49586555706773,66.44582686019675,2.837591548959558,0.6466187000634825
838.8777506377795,760.0474120554503,119.90814978156183,97.4371303435163,108.28306830401279,6.952962875068014,3.137145165455728
458.24094112575284,423.13376545913195,204.9079837458682,135.34111072877724,27.14837012289169,0.2416508621421476,-3.955677467305206
238.26677608176863,202.4624357986381,154.2585181036708,176.42676662745916,106.70736730611966,2.6636933625505907,6.7535798884990115
328.21760235767175,285.45642609635786,89.31152139022514,173.6679197894478,118.07508713921992,5.7228778166716125,3.1455228737661254
-74.30202767687645,-75.54062733007856,207.151827107607,149.54317193281167,96.21765081382533,3.304128198341881,-2.391522347733785
329.7870743769471,284.82724628457487,269.6175873098823,156.63324333774935,42.28889701795717,4.170194614114093,15.346839190161505
621.8179628802824,585.8826462519612,214.00612043981232,92.5402736474596,149.67232776373126,7.855343892623359,6.824840510529426
472.79478613066664,412.11710712400173,119.2879539939986,141.0727246365029,13.020119095012292,2.2610914451742463,1.7954589253013475
346.5833215081636,350.74322912967295,286.4380530396454,80.27061038625075,108.46812794934186,6.272951361026647,1.979895614540334
232.0196516751649,170.84406492183996,148.81634680421018,100.3556588038713,20.455442994748882,0.664242511170826,7.5184398739846685
462.3379003646463,420.3851900395017,24.28930837617041,87.27994919893851,134.25741729459287,6.965555593101541,5.247666579148477
594.5371689706596,543.5132750753256,98.20046216338243,193.59345629928288,132.34070897207368,7.196634935408104,4.63623485252988
263.7465730063364,218.3452451361714,80.58575082285421,137.3812351750642,83.78888959757856,3.0404591703185,3.6163590482191776
269.33132169681187,197.2780870332949,351.2379699496574,91.50470610032853,-23.34969156408116,2.9165923335526505,3.3274986093598145
147.45252800182774,124.36924522490494,103.58014585701567,235.48962165391475,61.39345055932406,5.267976445702988,10.715474957429304
355.55003360882404,288.68607380905826,281.22190847689996,99.3964234891089,63.549296256199156,2.135267066909158,8.626301559964102
211.07363255661693,153.1352789568076,242.12574589691374,210.058336305217,69.29768386374965,4.822817515174555,7.657256995461238
89.82341668132693,38.29612015784579,37.16169667428925,221.1186525000468,129.16381636982953,3.935684569284887,4.384585467372935
-12.433224951208276,-40.22874309405416,266.3160746083219,193.8890803266739,120.89008699235924,6.504821306812074,9.511029374882272
623.0195740036005,584.5231132101148,134.29404382161147,157.5603970106842,116.43994237316079,5.073487541792279,9.243180593590589
563.2326873354708,542.8639052397631,95.36753953709587,80.34852248570212,15.33395020208812,1.4391616793714859,6.453163682974906
682.4566710935547,644.2023734942185,-125.52062828225814,93.934928781912,20.192746352058446,3.326567256736473,12.489972191716252
-1.4451194953600748,-31.676849929477587,-26.261047384442108,272.9423841939853,120.57302720241012,6.559815700931294,8.38356208555988
659.738043167198,623.7405104534192,-18.53270108757108,112.33438988992043,80.53505158265759,1.4835215665963264,13.010651409225078
597.3536559733946,592.7258032793552,289.7225115084802,110.36279269845738,225.5329184903208,7.7922231893085065,4.641992321828876
209.71691944136828,192.0329719088046,29.192408088381793,143.3034272855382,122.2614059531359,4.516864363833935,7.623657805605992
141.27389642656004,105.29610293547519,6.419234054052063,87.97536905960004,142.66846856614814,9.678753834157066,0.3878462915228052
329.7537147201075,295.22199106498385,-10.166515165603032,129.62684206460685,-68.85740881657054,0.48675052872786795,17.258488150907567
101.94572362051402,77.44393914404844,387.9805642962909,150.12006866102794,-24.634417942660733,-2.9479894128458373,7.2404066130391485
394.41505539739103,346.6431136316771,-170.0295821760509,172.64985461794015,145.0863625560994,5.298425852202159,14.026680881507174
127.85015320253814,104.7465784920748,371.54341063010594,129.915277059997,71.95662176908408,3.9631268756804268,10.486073548658162
79.60475485071598,22.31552795994402,-38.36954711686525,269.2286494193482,110.77394516421603,3.703368601055785,14.012129404947416
295.26380818951174,238.6994186342177,-81.72439352272815,117.65608748382878,112.50507255977084,4.985910266997893,-10.620236997278486
519.8594085759051,526.2487160913856,187.55721608530968,144.17234360829934,100.98986862340871,1.639213097577565,13.248555480193069
424.59102694456936,404.72254092396076,28.12997962693088,194.61048194462418,63.750039801421394,2.5799993594935904,2.694601818005118
332.91345118094904,282.56132185729314,-39.10022176365704,83.69772741298107,113.94204151678514,8.503773929174425,8.681780756618751
561.0537415938329,500.2816422014051,301.2867848982448,137.9226321644128,28.492252550280064,0.7819306541218856,11.51786364155978
220.4522985559059,155.58542843561509,63.27489624414603,25.121078571034577,4.660639498542279,2.1287727309474596,5.817976772717572
148.53555711505743,73.4243938426091,595.6753047689875,83.4869468692478,19.52414455553803,1.3010858399876142,5.345400048412498
426.8587241558304,395.38571873394443,202.14688695468197,89.09324671645446,93.73058242445877,5.01333730441118,6.582644250912753
380.9808205364535,400.105139997559,209.3080802588299,42.8144649889429,158.60933895834708,5.216159342975712,10.0422189958467
442.075614168184,367.41916750156525,205.28088495232734,157.65055224172153,0.5622964938383868,2.134314761111839,5.496611324259391
-67.75508414391363,-120.31605656311251,137.12819994848036,85.53371029092541,91.16841371875859,5.274162967728243,2.440247511959714
318.27509241896786,269.9233975354962,106.8111128457934,69.53815066861598,129.02142846527994,5.3532820648338575,0.4243314284843456
624.4095690233481,587.8355020723066,339.5163797223412,204.74913715207924,-33.22751468885405,-2.583834519278806,9.945230308967572
619.7552478593414,549.7777715631446,183.64035448396507,106.00449190749592,59.10282898497002,0.4708642807292187,11.78681654131054
530.7772861192395,480.64482186789434,320.8819319638865,188.84683950589186,75.98749454641877,3.477555002328297,1.5658632167526083
819.5667728988207,769.3418210816303,335.36769270154815,114.53856926586347,75.1909162555781,5.719318085493342,11.473616916140664
389.464755580367,375.52511215009747,209.41597576599014,221.65384503390504,50.44895521075399,0.4991371762171428,4.8875923723706105
-4.771616315620789,-8.522755460858306,45.71311534973344,181.2298668627849,212.89940666889504,8.673898392208999,5.309053129668262
385.7398050319142,302.13468463560764,402.5829162381643,206.0032953478076,106.98072917737574,1.9176034519957756,6.438967800916421
536.5876909108084,491.65639694043523,93.74669662770611,59.194184280203885,86.5178791759365,3.883124414370486,12.286706062132211
472.2252201766203,412.19843040470295,-62.42739151535264,143.35779185748817,41.49717053150132,4.645118536652897,12.372144675118737
-122.21398273291489,-234.070580237809,440.4259615225893,171.8686651927615,185.47472906918432,9.186113948288373,5.488246966187716
479.8475933752891,454.7485513244743,-17.885267110939473,262.5121179421367,160.42918864147546,7.016407790458378,8.628695113887204
-213.7512107858372,-233.27786902395303,298.16851473347253,184.33024009549482,-11.462274783632193,-1.8372019335247651,12.68868407238256
485.1677050233817,425.3608497106264,46.73010192961932,165.98098866668371,17.628059919283135,-0.39559436862901776,4.457514343141113
523.2104992580714,505.7813540432502,106.13193761747372,53.505835640542884,100.62650236883535,4.138604330204686,11.379477920936957
592.8045336166999,522.1788194493647,4.150285885818645,183.1977208825092,50.27851913645284,2.574481067760867,4.223091757510435
448.4623092429525,447.514898262976,75.53978127423267,164.55253756099316,153.11092259967216,3.882093518580171,6.39403004174001
26.64665705161838,7.763847577975461,149.1859807635832,96.51678426078792,21.183146048024327,2.3835978685527057,0.8012874668314357
-2.970984612698167,-62.58309051700175,-65.9036826068088,162.42145443323702,119.65325276614206,5.412669112306867,5.711570536668665
387.0931458223524,392.48040588421026,399.56769347875627,246.92563933813094,147.28093639514273,9.936302975061093,6.754862112701231
310.41832282419705,277.2049846276275,202.01871153428232,154.0719215397029,147.67486660651895,7.124922089337139,14.380262179326628
486.9644113385923,438.09516832797897,432.1787860243022,209.71612974013325,65.61074387109494,3.6665889596065107,-0.6503603382793964
93.20411851228837,71.87977313799546,6.705762605468258,82.40016749500877,62.64092956744607,3.9363845579471555,9.802470524411563
527.4173247235793,495.59177484198443,245.97005599128553,140.47482310359607,117.97769222208456,5.8862218117294,-4.64287880638618
