Glucose,Fructose,MalicAcid,TartaricAcid,Potassium,Magnesium,Calcium
309.4969485614646,279.8155882352942,24.46285714285715,33.47781269641737,115.30306306306306,2.742132867132869,5.435421286031042
644.0716440422324,615.0007575757577,39.84221835075496,130.878118466899,111.38226763348715,3.352572233967583,2.8322510822510827
32.741447368420864,46.34473684210542,237.88776091081604,155.89934479934487,119.42908653846158,6.368585526315789,10.660454545454545
37.95827205882354,-10.39456635318719,489.8680952380953,186.35804321728702,45.49180451127819,5.150070126227209,4.857478991596639
736.6142857142856,691.8071852340147,14.397916666666656,83.0500896057348,63.68276955602538,2.975589836660616,3.1959447004608292
711.4187655550022,614.6284707540522,11.764551083591357,107.60277777777779,52.35188933873145,5.343416927899685,0.4224999999999999
311.1831245880027,258.37582236842115,81.00104166666667,73.34866310160427,56.95538020086079,1.2486486486486483,5.890019762845851
343.8250000000001,307.7393631436314,188.61149825783974,109.85719476744188,42.59945799457992,3.2828317373461,3.332083333333333
623.028861788618,606.3291218637994,53.241860465116275,138.96904761904761,57.51538461538461,2.9790760869565216,-2.1968253968254
340.202787456446,352.1849807445444,21.844841269841268,68.6389430894308,145.21629570747217,5.504019404019403,3.5587719298245606
507.48741379310326,428.76414141414114,97.88684210526317,93.20791855203619,60.89495934959349,4.728523035230352,3.3057644110275692
59.33180147058821,1.997208931419415,248.48470839260318,110.90944340212633,151.93939393939397,7.4629023458810675,12.017500000000002
80.91378151260506,0.13594080338258863,387.8194717444717,194.18064516129027,-0.39639639639638347,3.0125806451612895,5.405263157894737
562.1575187969927,531.0462130937101,8.606037151702804,130.3192567567568,176.69090909090906,8.354010695187162,8.425980392156864
93.45628654970749,25.464069264069266,395.3375973303671,200.0777511961723,45.14507168458779,2.111102775693924,0.8413461538461489
649.3372727272729,611.2407291011941,30.65851282051284,96.89285714285717,32.98870346598204,3.211785714285715,2.221288014311272
252.53531746031754,203.0473873873876,164.50160427807495,81.50374692874693,47.39907834101382,1.34470588235294,4.904111498257841
59.826068376068385,21.059523809523817,190.0582288401254,185.13338632750407,144.79171937895342,12.279836829836832,25.070278637770894
68.77964912280704,28.395906432748543,185.0076923076923,175.58315018315017,134.62118758434545,9.236403508771932,12.170454545454541
118.80924369747893,51.13736842105263,369.3958385093167,237.9327850877193,44.55343165059557,3.658197674418605,4.137612612612614
257.86063756063754,237.77766129032253,61.60523809523803,90.39095816464237,191.34695121951214,4.2431475029036,9.242914979757089
320.68168067226895,296.87546628407455,148.43249999999983,162.68496732026148,61.014827201783675,2.2290367290367277,2.0352941176470583
93.41339869281052,12.191847826086999,286.6723536036036,213.28921694480107,33.29034690799397,2.387878787878788,6.21505376344086
799.9401137980083,715.7611329661681,22.516216216216225,87.5774509803922,-64.64611005692603,3.4766171792152725,3.811188811188812
467.8245182724253,423.70922619047604,71.48661372660236,79.00661764705882,33.318433818433796,1.9933006535947708,3.479564930784443
476.3800000000001,527.0233850129199,35.09877068557916,85.44691745036565,68.72567567567569,5.815514905149053,2.3225694444444445
676.6739583333334,577.3811145510837,-8.830252100840276,82.2332720588235,61.00330882352943,3.2400000000000024,2.9674110835401146
237.2970963995354,237.59750000000008,-2.5075672295184326,40.42093023255817,111.15636363636364,4.136216216216217,8.727175697865352
339.9024193548388,389.5847665847667,26.775225225225206,80.7939628482972,191.11106227106228,5.9329166666666655,5.999418604651163
565.7609615384615,537.7571428571428,26.66153846153866,118.48513513513517,75.28631229235882,4.481743589743589,3.0997222222222227
756.0829323308269,623.6199494949497,80.93142857142854,70.13739522888456,57.33702651515149,3.4634502923976616,2.6210526315789497
605.9937589670013,550.6312118570183,30.074786324786313,122.24444444444443,38.54358974358974,3.7478571428571437,2.420406976744183
515.5699999999999,483.61131578947374,43.27912713472485,117.42435897435897,53.95170697012802,2.7114035087719297,2.5297008547008555
450.5244755244755,386.83840909090924,58.68624708624716,159.09648648648644,65.96395161290322,1.9236764705882334,2.107104247104247
542.1372093023253,524.088247863248,76.97500000000001,68.47668202764973,67.17591069330201,2.287259615384616,1.428721804511278
371.13655462184863,315.6361419068736,84.33265151515147,138.2767669172933,41.99443402126332,2.3621428571428575,4.346875000000001
199.4247266610597,160.00343980343976,235.57612179487182,158.28079365079367,55.00302631578949,2.400000000000001,4.461957730812014
70.84469696969708,71.41323529411765,342.0021428571429,192.46204968944102,15.861145774248428,2.7896638655462174,3.986805555555552
70.72551495016604,19.201702786377645,336.4825000000001,253.58062499999997,38.1953205128205,2.033573717948718,4.411018826135104
55.214773519163764,7.391758241758254,209.6101748807629,138.57714285714286,96.67069597069599,6.0048125633232,12.241538461538468
445.647186147186,423.3398601398602,13.400358422939021,94.55999999999999,62.114411764705906,5.236963434022259,12.07367424242424
454.7976515151514,445.8652882205515,143.26352657004836,93.69561403508773,204.8245714285715,7.377021822849807,6.572759601706966
463.83862068965516,464.29889705882323,50.16970588235294,84.35511278195489,73.9906444906444,3.4038517441860456,3.9991391678622668
364.3454545454546,370.52078272604587,52.63445378151256,78.90868347338933,196.50948717948717,6.67258064516129,4.97588235294117
91.65619047619045,24.164999999999935,402.54999999999995,254.70349761526234,81.347012802276,3.2418604651162806,5.353249999999999
148.50741626794257,78.53021390374334,340.68728750923884,212.07674418604645,60.68142717497562,1.415131578947368,4.647368421052633
24.60576388888896,28.65358974358985,289.1354838709676,143.91891327063732,155.4664285714286,7.729607843137254,6.798615688859591
527.9735273735275,481.5652572233967,25.147863993025283,63.80015735641223,63.148596491228076,2.2623648648648644,4.418421052631578
419.98396871945266,381.913639220616,186.44545454545448,100.41250000000007,63.14736842105265,2.67162823200559,2.20184331797235
458.04456327985747,444.9457115009746,3.4646464646464636,86.41944444444442,203.41607142857148,4.905969191270859,3.7712280701754386
443.29083333333324,453.7196691176469,57.90564387917329,43.446949891067575,49.9202037351443,2.7720044792833165,2.5202657807308975
368.8034382284381,425.5170008718396,-93.3115942028987,90.63380681818187,144.22,3.376735092864125,6.376160990712073
42.945008912655965,12.919047619047614,456.86509009008995,200.17910685805413,42.64786628733997,2.977543604651162,3.622739018087853
375.64295900178263,384.44405315614625,5.445897435897445,72.53630662020906,186.46974358974353,7.387696476964772,-2.8786466165413396
557.8123529411766,543.2422222222223,92.2457720588236,79.76249999999999,70.13670329670329,0.3700432900432906,1.3913392141138734
328.4878048780488,327.7474747474746,-12.98115449915111,37.693653846153886,107.08750000000003,5.57345399698341,6.710683760683761
466.3782051282052,442.2639130434783,31.86710027100266,101.13737373737371,284.50270092226606,8.049719887955181,15.76378676470588
147.14549808429126,76.31428571428567,336.586149825784,159.77516025641023,52.043133640552995,4.664273504273506,2.9647147147147166
48.73586269196035,-8.509759759759485,308.68648648648656,166.56119658119653,147.87763975155278,10.09591503267974,14.412301587301595
507.36641366223876,466.29292149292155,34.30338243316965,124.0005555555556,92.98750000000001,3.1932400932400924,1.1900568181818176
103.74787644787662,18.5725,425.36153846153866,240.48813186813194,38.591767881241566,3.262759170653908,9.47406931964057
31.576910953506697,16.408108108108102,254.06798336798343,140.69508547008544,171.61208791208787,9.310845588235294,14.903809523809525
39.122072072072086,21.53663101604278,462.75391941391933,220.7330561330561,36.66129032258066,2.629142857142857,4.311904761904764
399.0305194805194,378.9121951219512,-2.069939024390152,97.66525252525253,55.488864468864485,1.9056133056133056,0.6708710801393716
324.03452950558216,250.1086527293844,193.9432142857143,93.32920662598082,45.12593582887703,1.6320574162679415,4.533102918586792
551.0906126482214,549.0825657894736,94.99420731707306,67.97112010796222,61.63079365079365,1.2663533834586467,0.16055749128920072
-7.5258064516128655,17.51951219512216,450.3165948275863,174.97335164835164,46.40286576168927,1.8067307692307686,4.61074151074151
388.2319648093843,384.26685214626394,33.495528455284536,48.58851091142491,204.62919860627179,5.661458333333332,5.249418604651163
398.11573564122745,435.60622710622687,46.767170111287825,67.16666666666663,56.76129032258063,1.224466571834993,2.6419354838709674
418.4778805719094,418.8594736842104,62.824350649350656,102.49576036866357,54.8050653594771,2.150904392764858,3.05952875952876
549.0938461538464,476.069545154911,27.98484848484847,130.26904761904768,124.69523809523811,2.2425480769230774,-0.028273244781783724
157.91769585253456,77.67873399715496,341.8419861722188,208.8074474474475,45.24146341463412,2.6111111111111107,4.143333333333333
564.6921052631582,523.0721511627905,17.176091476091468,112.86392719249865,185.84444444444446,11.376752136752135,16.414339339339342
866.5805502846301,816.860714285714,65.09222222222229,101.67418414918414,47.22217294900222,2.9112104949314266,5.541379310344828
53.657432432432444,16.61471471471472,404.644482173175,225.0709677419355,21.272225913621263,3.8615151515151496,3.0289285714285654
548.1887596899224,517.4252272727272,53.248648648648654,112.45263951734537,62.718016194331994,3.708125,2.975
97.76020671834664,9.08421052631578,412.9789682539682,190.97714285714284,34.36854928017719,2.069300069300069,7.309999999999999
851.3120238095237,784.3125199362037,-44.37442508710802,112.53826219512196,43.88344988344987,2.7927083333333345,4.758757763975156
424.3856330014225,424.4144444444445,25.307917888563065,75.75648648648651,233.88500000000002,6.519642857142857,2.375243664717349
319.1540669856459,304.3008823529412,65.76249999999996,92.48623306233057,53.36931818181817,2.2457142857142864,3.6734916559691904
433.0405813953488,479.69868421052627,1.878378378378386,122.30006775067753,64.86883116883118,3.411470985155195,2.3689583333333335
102.31711711711714,13.17778366914106,371.5658536585366,203.4023376623377,51.5009228740936,1.0896240601503753,3.1015521064301566
507.47419354838723,491.3432142857144,49.95670588235292,80.6416964285714,50.9023569023569,4.384341085271316,3.0922689075630245
592.0142084942084,529.0820512820512,70.30008012820515,103.86455767077263,93.11190476190475,3.7015236567762626,5.028968253968255
590.2271889400922,533.1346828609984,106.52932900432901,92.99130718954248,86.59773139745911,5.000967741935485,4.915151515151516
491.58999999999986,452.7163194444444,-33.438487394958,106.83508771929827,73.92362637362629,3.4956162117452445,5.815757575757576
323.38333333333327,347.2358187134503,53.20826923076925,84.41759259259256,162.09874999999997,11.591062271062274,23.21411149825785
55.600535714285826,-13.360202702702656,225.14268292682922,165.85848896434635,161.0497596153846,8.448571428571427,12.69211711711712
85.29042471042473,27.050134408602116,446.6549145299145,181.86428571428573,49.57046070460706,5.737340301974449,7.812096774193549
54.6459848484849,28.21651759093633,405.7172268907562,107.7470788428814,47.448387096774184,1.7628571428571425,3.5180769230769218
290.58866995073873,259.33245614035087,16.226744186046584,101.5151537884471,162.26884944920442,5.16319290465632,3.882706093189963
307.5262516046213,266.52619047619044,257.71682539682547,99.11728091728094,51.48467532467534,3.1040618955512587,1.3566959921798638
468.8111111111112,419.1888544891638,70.99030075187969,128.37667464114833,66.87884615384611,1.0697435897435907,1.776696832579185
52.094252873563164,42.817948717948724,409.7960135135135,271.82055555555553,34.727386759581904,1.7916083916083911,5.073563218390805
69.27626262626264,9.88379765395895,335.2912375790425,190.09486260454003,26.047947454844003,2.6329715762273898,3.5089705882352944
605.3938030560274,541.591573926868,106.2159090909091,92.77647058823533,75.32380699893957,2.802657807308972,4.868571428571427
114.50862166761205,75.71095238095248,438.68464864864876,167.0293379790941,173.60725453408386,2.0976495726495723,4.661666666666666
75.29068825910934,44.46360718870346,426.36144736842107,182.51953667953677,41.6965517241379,3.3940740740740742,4.932352941176469
253.63315649867377,195.81395833333337,132.3901960784313,173.49095238095236,38.70494417862837,2.07516447368421,2.7405140758873943
406.4093023255816,371.9424119241192,56.643809523809544,95.0041720154044,91.15355618776671,1.3068428184281844,-4.126737451737455
375.2089682539683,363.6786196549138,102.73170731707324,71.01996512641676,198.42274709302322,6.639706959706962,3.92922794117647
353.67415204678366,339.6078590785908,149.35608108108107,79.20680147058827,43.26944444444447,2.853194103194103,1.369542619542619
127.84578754578766,86.5319642857143,350.72878787878767,172.6611111111111,49.34653401797178,1.4975000000000005,2.632794117647064
120.975505050505,47.41638257575759,282.16996996996994,201.01800766283526,24.70434451219512,2.0376630743051622,3.157865937072503
330.17631578947356,278.7263191763192,151.48520146520147,119.22755438365189,44.34358288770054,2.6981191222570526,3.904233870967742
455.94641148325354,477.99750000000006,55.57864005912784,125.44444444444447,89.8982578397212,1.616169828364951,2.0273260073260073
104.82259528130676,28.056064073226544,500.3501976284585,238.56166429587483,33.04358974358973,1.9535294117647055,4.836418918918916
33.55330882352947,13.15592020592021,267.4561240310078,132.89380341880343,172.43467741935487,4.931259370314841,16.0125
659.5923076923077,587.71926910299,62.38692307692306,101.93397565922915,72.02297165200392,2.554871794871796,3.2527777777777778
9.108108108108318,19.81677753141176,262.5974847560975,134.9556081081081,160.27645390070927,9.087087087087085,13.951250000000003
429.6227761485827,441.5666666666666,146.84086814086808,130.28871794871793,70.85160276555625,2.6811802232854864,3.302315963606286
108.08181818181811,18.9715315315314,261.05462735462737,234.60555555555553,52.39692810457516,4.9017117117117115,5.500540540540537
459.1749505603166,411.4162499999997,75.87394736842106,90.90405982905985,11.23908246225318,4.125386996904024,5.53217636022514
453.6150727650729,443.47908622908625,-31.798245614035167,188.6559027777778,37.904545454545406,3.2446355446355453,2.71796511627907
283.9378426171527,303.4505813953489,132.2560902255639,79.41799557032115,56.88503289473687,1.7603663003663006,3.40186136071887
235.33035826524215,192.43282051282054,211.42433217189318,120.95861657722116,47.86973684210527,1.576086956521738,-0.13286713286712803
464.30073260073266,427.3481853281853,30.208013937282217,104.43709585933067,72.99011583011587,3.3425969447708574,2.6242914979757086
456.70500000000015,447.57304147465436,53.37111111111112,110.58823529411764,62.586183310533514,1.884868421052632,1.7121951219512193
436.8666422287391,512.2910104529617,28.974470046082942,-5.073915989159929,158.23429487179487,5.870106316447778,5.410256410256411
500.76615479115463,473.5219298245614,77.25971877584779,85.16794871794875,66.19431818181818,3.629082321187585,5.005000000000001
644.9143393393392,621.9438914027148,105.06535947712418,110.29269005847956,73.63045454545454,2.6118604651162785,2.226874999999999
185.7457271364317,138.10277777777765,341.6989189189189,103.55190779014305,44.15823863636364,2.4377667140825037,4.688953488372094
32.567083333333144,20.936834733893562,264.684375,208.42045454545445,6.228620452985531,5.670588235294117,5.666052631578943
538.3861049519586,477.3050089445437,78.32254623044099,88.2911764705882,69.71630094043883,2.8861111111111106,3.7075
702.7107692307693,607.4440422322775,37.65445075757577,141.90555555555562,60.84117647058821,2.742045454545454,3.6025044722719137
40.391048387096774,16.817715617715628,449.0329411764705,186.04883720930235,45.11052631578949,1.3518146718146724,7.767413793103448
54.998750000000015,7.5315789473684625,455.7866666666667,150.4145519713262,46.87125819916518,1.8582051282051277,27.241312741312747
794.4442647058825,703.7957129543336,2.15142857142871,101.64189189189194,70.42055476529163,3.116201550387597,2.9708751793400276
607.5514285714286,550.6984717607974,-91.44692682926822,105.20852490421456,54.747372372372375,2.6853658536585368,1.2491830065359477
353.7392137096776,402.2571895424838,68.98882769472858,53.249242424242425,212.04313222079594,6.249080882352941,4.02
473.89465709728876,429.63026819923346,71.52253968253969,142.22954545454547,56.79558823529412,4.944129554655872,2.5212121212121223
117.35000000000001,38.35398293029871,398.4934027777777,242.68648648648653,25.358596491228028,3.5780423280423284,3.9990950226244335
397.6404411764705,375.205572755418,87.16932742054699,53.83373737373735,47.829541169076045,1.9445161290322583,0.9811764705882338
400.56944971537007,371.21999999999997,81.94222222222228,51.57886178861791,67.38988416988417,2.329949874686716,1.6881578947368432
410.9037298387099,380.32222222222236,33.96169296987088,63.012530712530705,197.9561403508772,7.807205882352941,5.115833333333331
458.89743589743597,429.3060627177702,78.42749445676273,76.47663074305162,37.88893772893772,5.628053830227742,1.8398684210526313
846.2670977011494,772.1602255639094,21.81664634146343,110.24577702702709,32.37191994996873,5.247967479674798,2.5948616600790526
523.6492063492066,504.5883333333333,46.534285714285744,94.95077586206891,54.7110105580694,2.770897832817339,2.2967040210942646
370.38040293040297,374.0465460526317,57.823397683397644,52.929380993897105,136.63030303030303,5.94828722002635,4.37082251082251
340.63914823914826,270.77379619260915,254.85761904761893,152.26282051282053,50.558536585365864,2.6182748538011684,2.780650154798761
73.14722222222203,14.928472906403945,391.1479823917828,182.5473032714412,32.22260442260439,0.9373106060606051,4.652277039848197
45.76361111111108,11.187400318979321,477.40804953560377,208.50866666666658,33.859615384615395,4.073931623931624,4.491349206349213
400.49909090909085,401.72202295552364,136.56226685796273,144.7237606837607,21.994733194733257,2.5719594594594595,1.56239181746656
455.51906693711976,371.6027027027026,123.9613533834587,150.39399267399267,60.28421052631579,3.413229018492177,3.4665991902834
280.9085714285715,261.3307814992025,77.04845238095231,135.9832010582011,62.15714285714286,2.3598684210526306,4.992424242424242
366.99583011582996,355.03953488372076,132.94520833333337,104.18205128205135,53.60267379679144,2.3095934959349593,3.3752361673414297
34.01142857142855,26.193775593775577,250.8417748917749,150.6908831908832,178.80705167173252,5.54724005134788,14.455641025641029
46.76440217391299,7.846995073891623,413.66632428466596,202.4697368421053,33.76217948717947,4.1174085850556414,5.5354978354978375
38.92072072072071,27.36613636363655,224.47947368421043,167.29179487179485,130.33502304147467,4.656756756756755,13.355555555555554
229.9487418452937,208.0441176470588,176.36639784946234,111.26396396396385,50.20200501253131,4.794567627494455,5.990156794425088
530.6188704318934,517.9109210526317,99.57030651340996,58.3715208034433,64.9772222222222,1.8779914529914532,3.2560975609756104
29.260588235294172,6.8463414634146424,351.83947028423756,139.53083333333336,36.00627530364373,1.041503267973856,4.262630662020905
773.0731934731932,740.3444444444447,31.906060606060596,92.58658170914543,45.29515151515152,2.480735930735931,2.0287581699346404
601.2548917748918,542.2699651567942,83.0241935483871,85.23250000000003,55.047083333333326,2.972601626016261,4.009090909090908
312.23957983193264,262.381501182033,162.80000000000004,81.36986417657046,49.57777777777779,1.5710960960960962,2.8996428571428576
74.88047619047617,3.7486486486486683,347.81249999999994,240.63058608058608,49.99136302294198,3.7967948717948756,6.9870967741935495
112.41165501165523,25.132754010695194,291.67079589216945,132.3998426435877,142.44057692307692,8.933228840125388,9.661587301587302
163.79499205087438,64.13321479374127,321.1217258261935,206.9374508261211,91.86673992673994,4.273145071982283,4.07096327096327
299.6021998742928,282.8039215686275,10.398151260504193,96.95619107479575,127.05830115830113,3.6330948121645803,3.68433014354067
247.34455100261565,237.977972027972,-85.10750750750734,141.3860215053764,82.34666666666666,4.4172015404364595,3.966136724960251
445.7263019116678,448.29817927170876,-8.165789473684196,35.552472527472545,223.16230158730158,6.983899821109123,4.131315789473684
150.80277777777772,142.77150101419875,321.2464285714286,184.3577777777777,27.318888888888836,5.179694519317161,5.396554054054053
58.06747967479664,9.006302521008363,449.2719047619049,178.47058823529412,16.902777777777786,3.2098402018502945,5.576162790697676
400.8160231660232,360.19588744588737,71.59725643896977,86.02613636363635,50.91253918495299,2.5996366279069765,1.9974903474903472
451.7733031674209,448.32888386123676,9.534444444444468,106.7712499999999,55.26136363636365,1.3619175627240145,0.8243176178660048
38.89904761904759,22.43923444976067,417.4864189189188,191.66122448979598,26.11493868450392,3.5987714987715025,6.349117647058824
475.7102162162163,459.1581453634084,68.01773648648647,55.41440422322776,79.33846153846144,1.9102384291725103,2.673272357723575
94.2729487179487,17.39267676767672,290.4042483660129,200.18123167155426,84.50992685475443,4.548529411764706,10.615588235294116
55.56864661654136,28.99129711751664,428.39120234604104,200.18551367331855,25.97749803304484,2.4501228501228494,1.8291769041769053
62.82904911180776,20.78,408.0263235294117,273.9781011781011,52.615624999999994,3.1119444444444437,13.94363095238095
834.8590476190476,804.6953869047621,25.46111111111111,129.70000000000005,100.88964285714283,4.021592442645074,3.691181988742964
410.7472932330828,413.7153153153155,19.602325581395334,57.234566145092444,143.6061403508772,6.987272727272728,3.578502415458935
383.27523510971787,387.7911764705883,103.49254032258071,35.48000000000005,102.366317016317,2.7493010251630934,1.2973626373626375
433.80937996820353,359.33575757575767,243.8578347578348,153.65567567567572,67.45447154471545,4.4534954407294824,2.8907675194660736
387.53761609907133,361.6801823708205,47.70859320859326,13.23467741935486,109.78041474654374,5.504112554112554,0.20064935064934897
595.3435483870969,578.7548018292687,70.07029914529917,104.17535885167457,65.8209469153515,3.540712945590996,6.901871657754009
41.62757352941172,18.044761904761927,514.1003472222224,208.0610807113543,51.393333333333324,2.3239473684210514,3.8602396514161237
405.8514035087721,376.97254901960787,45.72146341463419,145.39999999999998,48.14686379928315,2.5544891640866885,-0.2795670995671047
141.80112195121964,94.95244755244748,390.42,200.628232405892,50.82162162162162,8.50184678522572,7.379797297297299
578.9054439746303,554.14375,70.09590643274854,118.39375939849623,61.62444444444445,3.240303030303031,3.938888888888889
121.99284210526329,74.94252199413476,417.17631578947373,165.71775495231105,25.725817923186362,2.648578811369511,5.570981507823612
69.12490421455938,45.13044871794898,398.6807095343679,315.85798611111113,48.74388674388673,2.6461444308445516,-0.7393188854489132
511.87507575757576,488.93259423503315,91.72145090681666,143.87772177419362,60.774223946784915,0.3079626972740326,3.633475177304966
75.57350427350427,0.6636222910216318,387.1732905982906,195.8942857142858,40.60471401634191,2.7829302987197706,7.1755813953488365
266.58070921985814,269.14172015404364,186.39610389610363,127.2000830564785,51.54706349206349,1.7337320574162671,6.993749999999999
567.370138888889,514.7600386100386,-53.5828571428572,92.51733212341203,57.37654569892475,3.483839285714286,3.6926411290322583
555.9996272134204,510.7410256410253,133.4139802631579,114.29673046251989,103.78055555555551,2.2889655172413805,4.109640522875818
71.1429292929293,13.718134263295553,357.22782294489616,250.4953917050691,33.314137931034466,3.0363492063492066,4.452500000000001
168.04187643020595,65.28779424585878,318.2576984126986,205.9297658862876,49.77288306451614,2.6384535005224667,3.6752027027027
500.8374498797112,500.1979946524065,69.2670480549199,113.07108886107639,57.216768292682936,3.973958333333334,1.6651260504201661
373.33210526315776,382.99057071960294,78.09240576496674,86.30159705159699,188.14190476190473,6.0551435406698575,6.747442455242966
811.7861764705883,712.8925039872406,31.363888888888894,102.18762820512822,39.80738095238094,0.9616279069767428,3.8429214929214934
471.2635256410257,397.5276714513557,67.30781922525101,29.765622119815646,57.54752321981424,2.4411010558069375,2.1636363636363645
65.7824603174603,25.288206388206316,427.01447811447815,228.49174972314503,38.99082207207204,2.264615384615384,4.489203778677464
43.743522833177984,17.598716216216218,454.1719047619047,200.371978021978,36.77777777777776,3.3401843317972353,6.042943548387099
19.723319327731193,10.683947368421082,229.49020376175548,148.71535714285716,189.13448275862075,14.103947368421046,18.77380952380953
24.725714285714417,0.3065705128206133,263.4016840882694,133.00432234432236,123.32940705128208,6.3598348348348335,10.63407738095238
787.0376351351351,718.8969485614647,35.70875,153.86744186046514,70.20095238095236,3.3318627450980394,4.219864176570458
301.1952941176472,272.04404181184645,251.98995037220845,179.68929924242428,25.27884615384623,2.9724508050089433,2.9136290322580636
641.0829676071056,598.4142118863045,103.26500000000013,75.58801587301593,34.85707070707071,2.62962962962963,5.427752639517346
646.8583489681051,614.684036393714,-25.248888888889,144.04761904761904,75.28083333333335,3.3979166666666654,1.888011695906433
88.39871794871785,42.25853658536589,271.54555555555567,222.717607973422,130.37105263157895,12.88573529411765,24.960606060606057
581.8380952380954,546.6431286549708,64.24359886201991,156.886283891547,94.38687782805428,2.2836459114778718,1.7323588709677424
420.168154158215,428.8882352941176,72.6916197623515,149.51728110599078,50.696390168970794,2.4331891891891892,2.293589743589742
288.1600000000001,243.39012707722378,169.00199556541008,144.26974716652126,51.69393939393936,3.3050589050589054,3.942857142857142
39.85837320574161,34.47999999999992,425.08011363636365,172.94742807323453,60.6105476673428,1.9891025641025624,2.8596399535423913
47.317142857142954,3.6174025974026094,381.9081081081079,245.5533724340176,41.34202898550726,2.309148936170213,4.43778677462888
521.4667613636364,548.4896805896806,87.71179487179488,61.786387096774206,52.0083064516129,3.50897435897436,1.7678658536585365
47.9451923076923,8.11584415584422,394.8285714285714,213.5857142857144,-7.391148325358905,1.2345098039215694,3.7817948717948733
498.00067567567567,485.235267857143,8.737337662337644,91.32208494208494,55.03730158730158,6.086832986832986,2.6254501800720313
195.7716577540108,188.45747613997878,234.38055555555553,177.32978036175706,42.04772727272728,5.302745098039213,6.96127819548872
83.28191287878772,50.436788617886165,282.8756756756758,245.32983682983686,8.402067183462528,3.02711287577992,4.788555691554468
514.0990147783251,483.84166666666675,33.62577507598783,91.4204980842912,57.332909379968214,2.1382775119617206,3.4391084945332198
71.36802884615386,33.40620370370369,435.5093172119487,228.79777777777784,39.59975186104221,2.669583843329253,1.5760914760914755
310.5181818181818,260.7204861111111,220.6290404040405,169.16348684210527,50.67111111111112,2.2867857142857138,5.154613095238093
38.889189189189246,21.79126559714785,334.1747228381374,205.21823361823363,102.69843652282677,5.564722222222224,5.592063492063495
323.42439393939384,270.86187683284453,185.4773136773136,85.96652046783623,43.266163793103416,2.3817460317460317,1.5943521594684387
654.9763099219621,607.3266666666666,-19.636660617059967,142.08430268918082,78.77714285714288,3.6168016194331996,3.6700000000000013
337.6250694444445,292.99386309992127,99.45727272727262,143.20781512605043,33.67094594594597,2.6713279132791325,3.1971428571428557
391.926111111111,415.9369431643625,-0.20216802168021886,87.19033047735617,142.36535714285714,7.116923076923079,6.089243697478986
46.72241071428592,21.106085526315745,386.6165891472868,229.5222756410256,34.75506792058517,2.198005698005698,6.420196078431372
362.53628048780485,284.9272495755517,110.34857752489326,150.45161490683228,8.901578947368357,3.7773314203730277,0.6506359300476934
102.4040552995392,71.09525862068972,432.8669313669882,268.9296428571429,42.23793103448274,2.844299489506523,5.74591503267974
644.8303643724701,617.8376063528076,26.168888888888816,82.33546511627907,68.46666666666664,2.5652496626180836,0.7360166964818129
667.1656451612903,633.0972350230415,21.210992907801398,84.61176470588235,68.47907335907337,2.3942158616577216,2.783931623931623
47.204761904761895,49.27932175351541,415.4275675675677,211.66842105263152,40.76493902439024,5.788989547038327,5.814210526315801
252.74717948717944,237.58840453356592,139.18183183183183,31.510375939849602,73.9027799227799,2.7607940446650123,3.3537878787878785
557.6717532467533,496.59897660818706,9.579738562091478,62.20747863247868,193.89562499999994,7.666366366366363,4.704285714285715
68.76142506142499,13.653506493506498,404.5424242424244,186.31649616368287,45.262753036437246,1.355192307692308,6.419047619047617
300.57945945945926,237.5929338103758,181.69500000000008,79.33633520950592,54.568730456535334,2.6016666666666675,1.7588157894736827
358.14825026511124,275.90043478260856,143.584819121447,152.62702702702705,38.53076923076921,3.707603686635945,2.631158357771261
57.37107142857154,15.849047619047619,496.30840909090904,198.18814814814812,43.858823529411765,3.3141943734015333,4.287775790101367
380.57958532695363,374.7253472222223,44.308892525913826,61.62250000000001,182.76801647220316,3.718466898954704,7.994999999999999
277.8151724137931,272.8013824884792,139.18668076109935,119.65177419354838,46.09942669942668,1.6036324786324787,3.93796992481203
452.02875000000006,407.91547619047617,88.64803921568628,61.16619047619048,134.95652173913038,7.38974358974359,5.964444444444444
229.2219251336898,191.46780626780617,258.0354838709677,180.30980392156854,52.22532005689898,3.925391180654338,4.387222222222224
539.4275,458.4500409500406,51.606707317073194,112.75428571428571,58.50750830564787,2.278947368421051,2.743697478991597
620.3950924608819,586.1743274853802,175.2760714285714,99.30243697478994,75.27309899569585,3.0888396156688818,4.008823529411764
48.4799346405229,30.48502722323056,339.2969298245613,188.76468957871384,30.36164835164835,2.5944360902255625,2.947972972972974
841.7263565891471,762.9483231707316,157.92903834066627,187.70205882352946,42.41131019036957,10.747533206831118,5.939114832535884
289.8158823529412,243.36054590570737,86.15405405405404,86.56339181286549,69.45630662020905,1.6128205128205133,3.8159307359307366
369.18079268292684,402.042869269949,-2.816216216216218,-13.791617647058885,145.32439024390243,5.009536541889485,6.283501683501684
377.40545454545446,387.57389277389296,59.94478764478761,44.829987129987146,206.69363636363636,5.871874999999999,6.046829268292683
526.1003759398498,510.18106060606056,73.82519480519478,105.19478748997588,57.70866013071899,3.1653171390013504,1.4711128048780484
451.76884615384597,425.983064516129,48.1707681365576,147.3722899728997,52.58745644599305,1.1416541353383467,2.3559649122807014
455.553627311522,448.90263157894725,44.544326990838634,102.57026515151516,63.61420454545456,2.1229112833763994,2.0813588850174214
426.29831932773106,380.11757575757576,6.626224641266697,90.38802168021688,130.4006552006552,7.911747167561126,5.047979797979798
271.88567119155346,180.7610056925996,244.691706539075,100.26163594470047,41.834375,2.515255255255256,2.6621597096188743
346.81721611721633,312.42316810344823,40.75827937095284,47.67256944444445,118.63783783783785,6.2564144736842096,7.39844155844156
296.49687499999993,289.4251433251434,126.15307328605198,112.30661896243298,207.74213098729228,5.135888501742162,7.9194078947368425
51.30285714285713,16.613063063063066,489.1602870813399,156.9944976076555,28.651608187134507,3.7035714285714305,8.501818181818184
126.0391608391609,47.38588744588736,203.76170598911065,151.11561085972846,150.70891812865494,10.522857142857145,23.770833333333336
408.3362962962964,399.43112659698056,68.16996951219517,61.12488755622186,208.94279907084788,6.077732079905991,3.6708646616541367
255.82237804878054,221.63114543114543,141.53887122416543,183.69323671497582,35.024736048265446,5.361948529411766,1.0151069518716591
505.33645833333344,503.92514705882337,87.32010796221326,70.02222222222221,66.15570291777189,2.465909090909091,1.1465116279069767
586.1860909690178,532.0106756756757,-10.03449197860963,90.8347083926031,54.732692307692304,1.2336917562724015,4.0878342245989305
333.120842572062,267.88807189542496,141.2135064935065,187.34396662387672,60.92068965517253,1.913752913752914,3.1456578947368405
288.46875,269.5783559577676,191.9285472972973,112.60833333333332,63.592307692307664,2.66769647696477,3.535649350649351
75.0885941644562,15.804015151515202,477.4446524064172,230.83072390572391,49.08249999999999,2.2421621621621632,5.668571428571428
416.57754385964904,421.15142857142854,76.98790697674417,62.07012383900933,46.038235294117634,3.0158536585365856,2.105938416422286
240.76039426523295,236.47484355444314,100.9297619047619,82.58807189542476,46.31983805668017,0.33918918918918917,2.196198830409357
776.4858747044916,692.1930461857808,38.31751879699247,102.6833333333333,107.91359756097559,4.440151515151515,4.0982352941176465
274.3778195488723,258.58307593307586,133.86404761904762,99.48521021021018,98.57229437229441,2.877922077922079,1.8489973844812568
441.4333333333335,453.70062853551207,11.114656381486675,58.36275337837837,172.01663837011884,5.668255578093309,5.793256578947369
47.40476973684211,6.568815789473735,408.1035465116279,146.9960365853658,63.103675048355875,0.6425145348837213,4.920909090909089
309.2536437246965,283.96365914786963,159.2857142857143,128.3352895752896,60.22931818181821,4.56951871657754,5.028166797797011
64.2632543103448,32.785353535353636,357.9857142857143,193.13373015873006,40.47997198879552,1.1968203497615266,6.218750000000002
86.90892857142856,43.07249417249419,179.672608695652,180.83491379310345,159.8824786324787,14.014285714285718,37.76030303030302
630.8985197368422,577.869097744361,70.00504201680673,102.33791732909376,55.73167420814482,4.654634146341465,2.201282051282051
377.68153594771246,368.591913319239,128.7249420849422,81.03091822094693,88.37625000000001,1.5762075134168145,3.1434819175777973
28.23451737451738,20.559999999999985,402.291875,193.70515873015873,44.61112195121954,1.5752123552123551,5.156078431372547
532.6350000000001,493.2321428571427,17.551419878296088,95.66060606060606,15.868806161745802,2.6408981555733755,2.531954887218045
293.9728219696971,276.77057142857143,177.94827586206898,101.92494279176205,40.0969696969697,2.3327789327789326,3.1538392857142856
684.2198996655518,631.6515151515151,71.81578947368413,123.87820512820511,68.42212885154063,3.9768847795163587,4.2246969696969705
64.46478991596624,35.348728139904495,455.25849282296656,223.5830434782608,37.63485237483954,2.4693693693693683,3.480735294117646
526.4931818181817,456.43230994152043,36.31160990712089,60.40535444947213,192.32381465517236,6.535042735042733,5.866386554621848
579.8905772495755,566.6523484848486,42.952430555555544,89.82944523470837,44.34397212543552,4.4150877192982465,3.674484052532834
674.7909090909092,605.8337126600285,39.28134615384621,122.15775401069526,76.54259868421053,1.643755781683626,2.0834365325077404
638.8860505666955,640.4978991596638,13.541666666666657,108.7309182209469,60.24288288288288,2.8343365253077977,1.1871794871794883
350.95134638922883,301.2730576441103,5.766576576576579,66.37301587301585,190.1628787878788,7.257325746799431,4.238009049773755
35.27325581395374,15.869883040935676,382.89670619235847,163.51714285714291,83.89722222222221,1.8295798319327736,5.498345864661653
566.949025974026,498.1812724014336,112.78001453488362,59.08822674418606,115.01820512820514,1.4235521235521222,-3.617619047619047
90.68555555555564,58.51142857142859,386.28571428571416,205.94703947368416,47.02530303030301,1.639619883040935,2.147443181818182
124.29445599445603,70.56612554112556,458.1879832810865,202.99206349206355,48.93187499999999,4.456934731934731,4.5815939278937385
346.5591133004926,279.8328787878788,181.49629870129868,131.79650238473772,47.88040540540538,2.7673509286412505,0.8543609022556375
203.96669207317063,172.22544850498352,212.88181818181815,102.53356725146196,50.06101556101556,1.8585016835016837,5.136052631578947
64.34079254079252,-3.4669599217989173,361.7976105137396,252.889164598842,30.126995073891617,2.605,4.688382352941172
322.2121212121213,271.05760233918136,176.5053333333333,166.5547619047619,51.190794649881994,3.1408119658119653,3.2263116057233705
582.3111174134997,507.19527777777785,39.942664092664096,172.78994307400382,52.1107334525939,3.5389358108108104,4.051587301587301
594.5278637770899,560.503194103194,60.52186379928313,68.18164300202845,71.25408653846156,3.5009059233449484,0.34974533106960815
92.7805555555555,38.839037433155134,359.23578947368424,196.0269841269841,47.33823529411762,2.3830357142857155,3.7135064935064936
670.0467460317459,600.3050932568151,119.13404255319159,97.88698412698417,73.42583841463414,6.584444444444445,1.8625939849624076
379.5261111111112,375.10322580645175,32.19000786782061,56.07073732718892,202.37555147058822,4.0581196581196615,3.924147727272727
528.1832986832984,513.7446455505279,107.31588661832566,124.2299734748011,41.78830703012913,3.117499999999999,3.268648648648649
168.8138888888889,141.4528735632184,292.04188311688307,204.47545454545448,47.98766937669373,3.529045168667811,6.256013513513514
492.4181818181818,513.2932352941175,65.34541858932099,88.78313953488369,72.03670058139534,1.6380952380952383,1.410000000000001
37.93151260504202,19.080384016606043,251.1987456445994,181.34981981981977,40.23670033670033,3.68,8.161304347826086
56.520107962213054,-1.529487179487214,249.0335714285716,132.23547619047616,163.0867623604466,4.00910904255319,21.260840336134457
513.086090969018,488.21584084084094,51.23867623604468,66.90098280098285,64.973835125448,1.6123809523809522,2.6269647696476963
557.4732638888888,532.6336090225564,57.53448717948717,78.51875000000001,69.50738562091504,2.9580459770114955,2.7224025974025965
598.2679879879881,564.6537500000001,54.97500000000007,90.36443812233287,54.867982456140346,2.224014336917562,4.793970588235294
566.9353365384616,545.621951219512,33.39764957264956,151.82724039829304,61.009169435215966,8.509098428453267,5.475347222222223
507.97177489177506,478.5131578947367,90.54479934479933,92.72382978723405,43.396428571428565,2.8020097020097023,2.713976833976834
720.6719047619044,647.1117216117216,57.1660465116279,87.6576797385621,17.85882352941175,1.8691666666666698,2.0281045751633986
81.17560975609746,15.559166666666666,470.8122926093515,216.34864864864863,42.04391534391534,4.250657894736843,6.368398268398268
130.32185328185327,44.62986486486505,410.84380952380945,241.75490196078425,107.18965744400532,1.9037350246652576,3.752413273001508
565.8244444444446,485.39766476388155,37.22651515151514,125.1348484848485,65.33484848484851,1.920797413793105,2.9885532591414945
424.2277920410785,393.722142857143,13.228381374722835,55.407233704292466,199.29179487179482,7.120256916996047,11.371692745376961
120.4008294930877,127.08984848484847,307.05537397862975,225.00697674418615,52.70689075630253,3.3162878787878785,6.2880763116057246
549.4373684210523,519.8957661290325,64.64735632183906,135.71941391941385,73.2365250965251,4.240191387559808,3.1445614035087712
554.7409913453974,528.1731707317073,73.2302380952381,115.41977928692702,48.162441860465115,1.3199338296112453,2.456060606060606
60.78410852713155,68.92667140825051,176.09935064935064,181.21756756756753,143.5496277915633,13.39310344827586,19.570822041553743
391.25384615384615,382.15098039215684,22.608823529411794,56.17714285714287,60.05904761904764,0.7336111111111103,1.9379084967320268
675.1231818181817,580.870792682927,31.719017094017104,74.7829900332226,34.73239524702938,3.5758108108108093,3.4563546798029554
411.6177419354838,411.74763513513494,27.550888192267507,61.33852813852816,216.9696825396824,6.744144144144142,4.17785714285714
315.0028571428571,235.56356589147273,13.294285714285849,65.58900255754479,54.261363636363605,2.6974390243902446,0.5923809523809518
286.99499999999995,252.39889534883724,187.38947368421051,116.34153846153842,59.94231423709584,1.3227777777777803,3.0332123411978213
206.8622826086957,181.96882003955176,166.31176470588227,154.99764957264952,148.77128205128204,5.318445945945944,4.9204761904761884
495.0061861861864,497.66923076923075,23.438611111111115,61.55031796502388,84.99238095238098,2.0868292682926843,1.3734663710273467
45.09799227799232,20.51663539712323,229.82354838709668,172.77142857142852,159.69267654751525,11.298923959827833,15.5420262664165
267.4700510493475,195.20394736842104,22.451666666666668,85.74661764705883,59.840900562851786,0.9490990990990986,1.1874758220502915
44.931372549019564,47.07579831932756,461.236124401914,207.34010025062656,45.51848635235733,2.683083083083083,4.671790540540539
48.582936507936644,7.3422972972973035,442.44753577106513,163.08058608058607,44.1791304347826,1.9890476190476183,2.531195652173917
841.6761904761904,779.8214285714289,26.846111111111114,119.26734693877549,58.08671052631579,3.434788189987164,2.7136752136752156
445.67550505050497,482.33386363636356,58.2272727272727,69.9980158730159,20.32682926829265,2.692682926829269,2.360394088669951
138.75347222222229,77.07186147186148,308.4022321428572,172.24498168498167,48.853095030514396,2.321524966261809,4.118988218988221
275.1806041335454,240.87865384615387,-11.336396396396253,63.34791666666669,90.24021505376342,4.1566563467492275,6.021746880570407
768.8305194805195,652.3332123411979,33.828782051282005,139.78337428337426,95.98977443609019,2.817435897435897,2.9204836415362725
57.04728682170537,27.07054187192119,455.176986076986,212.73270348837212,35.83833333333337,4.013999999999999,37.98666666666668
55.67033169533158,22.928754578754592,419.6370900417413,207.0883597883598,53.19800865800867,1.5343453510436424,4.511764705882355
317.393954248366,300.27818181818185,203.4135135135135,81.81680161943329,50.33208333333334,0.7050189393939392,1.751428571428572
766.4967699406723,694.0309523809526,111.4482456140351,113.28055555555558,43.86857410881802,4.185926773455378,3.4013513513513502
154.81372549019608,62.286578947368426,423.4535714285714,199.20630498533734,51.56177884615386,2.9205042016806724,6.119786096256685
89.01280834914597,57.608333333333476,276.56095238095224,213.70650623885916,32.385263987391674,5.577477477477475,7.993076923076915
645.3717948717947,612.8910818713448,43.614182692307686,105.65781954887221,79.0846153846154,2.909712837837839,8.022369337979095
364.8729729729728,326.4,157.78946236559142,171.85165912518858,126.05151515151513,1.9183333333333332,1.7456390977443603
51.782236842105235,30.61488721804512,280.8829900332227,173.25000000000006,43.19289772727273,0.5678431372549024,3.941093117408908
193.4290726817043,186.82937499999997,168.63847795163582,118.91168604651159,140.26976351351345,5.180288461538461,10.016043956043958
522.0487468671679,538.4094505494505,104.30494367959948,113.35616161616161,74.84952305246422,2.0911095305832146,3.4660714285714276
310.55405405405406,279.0586993243243,221.75768025078372,179.8820833333332,49.11277777777775,2.589100529100529,5.207738095238094
429.8268292682927,410.9486111111112,70.30166666666668,62.91178861788619,216.1199999999999,6.948123123123125,8.07448275862069
648.4184210526314,549.8812500000001,86.25092105263158,106.86908344733236,39.91401162790697,1.8194805194805197,2.0809615384615374
336.47961926091807,326.8300505050505,-68.26863143631445,-0.010863697705836728,115.89642289348174,8.856059113300496,6.888138138138139
289.65766917293234,262.54619047619053,121.67826839826841,128.78526383526386,47.47002314814813,1.7080103359173129,1.6200000000000014
621.1824324324325,565.3395454545455,127.36937799043065,107.23007518796996,97.3441666666667,1.896296296296296,5.9598039215686285
629.5358090185678,645.47430786268,70.26333333333342,71.98106060606058,57.54864864864858,2.8080128205128214,0.6859800664451838
86.95535846267568,36.51214285714288,386.34312638580934,149.51722222222224,30.61944444444444,2.2448717948717967,4.230769230769228
340.2542857142857,325.2903357903357,26.319755469755435,52.59576074332173,204.65432900432899,7.026010101010101,5.7466011466011455
638.2606451612903,666.7107142857144,72.03974358974361,99.4707352941177,70.11978764478764,2.284173126614988,3.5075573549257775
592.79,640.6396885069821,83.21786858974357,75.80257475083056,60.64518292682922,3.7897103658536584,2.1652380952380956
201.45116883116867,183.24226890756302,295.2396103896104,147.95517241379315,50.41802631578949,4.623333333333335,2.9021929824561408
719.327743902439,612.7440789473684,30.37062271062272,79.79512195121951,35.49831081081082,2.6125,3.564642857142858
10.341582150101566,2.5060606060606077,356.0688344594594,280.4402255639098,49.4163101604278,2.392156862745101,7.021951219512196
41.73000000000009,-7.0600427350429555,223.32380952380942,168.2315340909091,182.53988603988603,10.860454002389487,15.6477240398293
329.0966666666667,287.6584090909091,199.17780126849908,77.05668103448275,44.83761528326743,1.9134502923976613,2.0024671052631575
556.0024493243243,546.6284053156147,53.01212121212123,74.77539682539678,167.32128851540617,7.245071684587812,5.503571428571428
96.67749999999992,38.12588075880749,385.70909090909083,253.3814505776636,45.34162575013638,-1.0845643939393912,5.028124999999999
343.2385810810811,288.23338501291977,66.31335697399527,86.68857142857148,161.41552106430157,12.519658119658121,22.600317965023837
183.21679073614567,75.51083333333332,317.04164086687297,182.96942307692302,78.07187499999998,4.664912280701756,5.0491902834008044
409.2358974358975,393.9713093709884,16.51249999999999,56.07793952967526,187.59142857142854,8.963290043290042,4.508571428571429
456.2373949579832,413.2929032258066,61.46370370370374,133.41563477173227,58.5209523809524,2.7494009866102878,3.3892857142857147
563.9636363636364,528.6193464052284,-17.858538083538086,118.70776315789476,50.35883928571428,3.909600477042337,2.738678090575274
523.9505967825636,479.8720588235293,58.90238678090575,101.04615384615389,76.35141206675225,3.653125000000001,5.145071684587812
460.44411764705876,462.7434362934362,-6.060512820512824,84.33022113022119,191.88874269005842,7.5956081081081095,8.781570512820508
88.03928571428571,13.23501519756837,361.92486631016055,261.9132163742691,43.97835164835165,2.491911764705883,8.449448529411764
552.5752016129037,494.8925925925927,68.7439205955335,88.58902027027023,60.31384311140408,2.978549093183239,1.997272727272728
516.7385174418603,504.85135135135147,25.72555555555551,109.20194444444446,63.91041666666666,3.268676470588235,3.3627354627354626
132.0357142857144,62.282857142857154,309.14084880636614,215.93589743589737,64.79757575757577,1.670496894409938,1.953888888888888
61.67972972972964,13.051216216216222,461.63730158730164,159.28364055299534,38.16351351351351,8.714212454212454,5.3429435483870975
488.49411764705883,495.322777017784,59.44547619047611,60.518596491228095,91.00312499999998,3.3594760312151615,1.3361111111111112
59.98157894736841,9.111666666666677,417.6090909090909,206.30852272727276,53.912878787878775,0.9523809523809532,3.535959974984366
701.626923076923,612.8619762351469,30.257575757575772,42.58571428571432,34.66410256410253,2.6471380471380472,2.0158119658119658
200.83466666666658,164.05428392745495,181.53447674418612,132.1315963606286,55.13575757575755,0.9348412698412707,0.7301271860095371
558.1441231929605,509.17948717948696,-17.83548387096772,122.9832167832168,41.80655241935485,1.8469736842105249,3.9547093023255817
492.5994107744109,462.35256410256414,18.282619339045276,39.672500000000014,62.2511513157895,1.9609318996415774,2.2827586206896555
449.6843750000002,460.4416118421052,57.90512016718911,63.96208267090617,65.71097383720928,2.6360446570972895,2.56952380952381
758.9228267667291,651.8971428571431,78.25216718266253,151.28611111111115,57.231932021466925,3.4153627311522055,3.797692814765986
448.8398449612407,420.53928571428577,143.41290697674424,123.96065468549426,58.25728291316527,3.907575757575758,2.488972243060765
455.5491987179488,416.02384792626725,15.675232198142396,79.26754385964914,159.44743083003954,7.29142857142857,6.366666666666666
64.64002998500746,19.287499999999987,463.03324324324325,159.41095238095235,37.81588235294117,2.3619675456389455,1.5807285546415977
512.6740037950664,485.78767303889236,111.90815850815862,117.86361239288064,54.37505263157893,3.5326490713587493,3.135210084033614
228.0235294117647,197.67880116959066,221.97303921568633,162.82482219061163,49.44255639097744,5.417948717948718,2.3811827956989244
31.110027100270955,-20.705923344947728,418.2894117647057,177.88564771668229,40.515625000000014,4.295142857142858,4.468703703703705
310.63549783549774,204.81633291614494,129.05454545454535,105.91984126984123,46.364079822616425,3.5316239316239284,1.9825396825396817
673.9549324324325,622.8061207609597,35.14666666666666,165.5255555555556,57.669444444444416,3.308617424242424,2.705
79.41358234295409,9.683333333333405,344.9713725490195,182.29992826398845,25.326798378926078,5.674774774774773,8.823076923076922
575.5922480620156,523.4072822822823,34.72017543859647,71.75516934046348,75.77320261437906,2.8258064516129044,3.064516129032259
319.9920289855069,350.7076280041797,245.85582750582753,85.83193473193472,34.71927616050354,1.1348197343453525,3.6704374057315228
65.8635416666668,-18.87343584305406,401.20957264957264,192.01745341614898,33.16444444444445,2.3046620046620077,6.276140350877192
37.66638257575776,-6.591212121212116,240.52573710073716,128.074425087108,163.374358974359,7.14137737961926,11.665227272727275
789.223552123552,708.604104104104,57.54892857142859,84.95511363636362,54.57418207681368,3.637815126050421,2.768750000000002
418.88619047619056,275.3643002028395,28.43512585812347,158.90176834659596,62.39358974358973,4.856656346749226,2.740000000000001
367.49717987804877,405.69585218702866,53.0635135135135,63.0095345345345,-2.1062790697674956,0.6960389610389619,5.078787878787877
288.9574324324325,254.42820945945954,228.35621370499413,84.95212418300646,68.90244755244754,4.847759103641456,4.421828752642705
493.13759398496256,498.7261111111111,51.214285714285715,129.0343108504399,47.60417236662103,1.708760484622554,2.05475599669148
78.67396870554764,16.626576576576696,275.2658333333334,215.12733590733586,33.39806949806947,6.157948717948715,4.86482142857143
226.01818663838807,179.75890109890116,215.38,73.61873065015477,37.805996621621624,1.322665847665847,3.4798648648648647
165.81111111111116,108.39323308270679,154.74178794178798,121.59170731707323,171.69393939393942,10.985714285714284,23.2138775510204
64.10673076923081,26.142982456140423,263.0682330827069,156.0185294117647,133.84736842105264,6.6675892857142856,12.746433041301628
31.001930501930516,48.648632010943935,402.9399624765478,168.70384615384614,46.554954954954944,3.147979797979798,3.129722222222222
457.3413742690059,436.66301724137924,110.37589147286823,114.51811145510834,51.611184210526325,2.40049786628734,1.4497121925693364
418.97499999999997,415.1928981348638,66.97932692307693,16.445714285714345,217.32554557124513,6.823557692307692,2.892196969696968
251.691362126246,212.6116666666667,203.87343358395992,117.89991694352159,45.73337320574164,2.5550343249427923,3.4926739926739927
396.0382478632479,381.10628342246,-1.1433333333333167,60.0305647840532,46.85423925667831,3.291944444444446,4.342222222222222
27.41694078947358,-23.40896686159848,182.22847560975606,135.19928698752233,195.8882882882883,5.8925320056899,12.402229965156797
509.0963157894737,516.7639097744363,48.96056451612903,79.7289285714285,79.53739837398376,2.134848484848485,1.1028030303030283
83.14230414746544,37.156702127659585,339.27238095238084,215.59749999999997,169.1963203463203,3.507808857808857,8.47115384615385
380.32444444444457,340.22680180180174,150.43030303030292,132.98821428571424,54.109442724458205,1.6340909090909097,0.12226190476190624
829.1688311688313,793.2706709956714,36.215522875816994,174.50488721804516,42.497954545454526,6.260287081339712,3.2487762237762245
411.15827067669187,379.82085106382965,47.032572777340675,62.21523341523344,72.15933503836317,2.2872909698996646,1.859890109890109
402.7463560334528,372.95,38.14,68.00757575757576,59.438791732909365,2.6997785160575853,1.121875000000001
736.3522727272727,682.1866776315788,17.89714285714283,105.35687645687645,74.03922413793103,2.5042279411764703,4.644318181818179
336.1492690058479,315.78529411764697,165.56244186046504,100.75327327327318,-0.7209595959596271,2.2728571428571436,2.999581881533101
440.7294573643411,434.04904761904766,51.34657622739021,86.30555555555556,87.74235294117645,0.2382352941176471,0.8161111111111099
110.9323232323232,59.52297794117637,369.1506535947713,164.2789682539683,62.74430147058824,2.303089430894309,4.364728682170543
179.10909090909087,81.7940024479804,477.7390540540542,189.19498834498836,43.854930875576,3.2698535745047366,0.6566959921798636
108.76946386946378,71.30310924369743,378.8902777777777,215.72646198830412,49.44169570267131,5.036411411411414,3.337631578947368
324.5520945945949,311.1559064327485,88.16984126984129,129.62451127819548,179.23875598086127,11.642222222222225,23.0091414944356
427.421052631579,424.1526086956524,53.7411714770798,75.82128205128213,228.95833333333334,6.897142857142857,2.0940235690235682
570.8794602698651,580.2972222222224,100.64815705128211,99.4342105263158,61.931020733652375,2.6449999999999982,2.8509523809523807
673.1920000000001,622.5679545454547,35.09648493543764,71.08534850640117,60.38465982028241,3.9272785622593074,1.4312500000000008
773.5901515151514,639.4634586466166,39.61500000000001,168.99179179179177,47.15229437229436,2.826264726264727,2.9014553014553015
796.2438392857143,720.1045519203414,92.4602053915277,118.65318221447257,50.81603686635944,3.446712407089765,3.140849673202613
381.3856209150327,323.8916666666666,86.11899482631179,156.41505813953484,43.718787515006014,4.164634146341464,3.434166666666668
614.8357531760435,565.028125,40.83687499999999,78.94684210526317,60.25075757575758,3.0868604651162794,3.0329870129870105
98.14034034034027,18.035333333333405,433.3490042674253,250.44308785529714,31.32662020905925,1.6527665317139,5.103846153846158
28.374036191974902,16.738888888888894,375.31227134146354,202.36750321750316,40.84660660660664,1.4831746031746034,3.786323529411767
708.2422916666662,666.9406015037595,60.89192886456904,108.83335724533718,36.35882352941177,1.8681372549019626,3.2361111111111116
433.31125277161874,432.639107142857,84.31011627906979,81.60336538461539,49.43120700437772,1.8086764705882354,2.350338753387532
64.3031426775613,27.003651115618876,423.17074721780614,213.29459864966242,38.93596491228073,4.2072432432432425,3.9166666666666683
31.149852941176256,19.522159090909092,441.9685144124169,199.26504504504504,35.17940613026822,3.2861409796893666,4.477382645803699
474.97919896640826,403.78824833702885,192.19999999999993,104.18286413708691,89.29757449757443,3.2827702702702712,4.903703703703705
392.5245161290321,376.03879239040504,34.105405405405364,88.25975609756095,54.78823529411765,1.7098883572567771,3.232142857142857
32.986842105263214,0.01111111111117502,251.14166666666677,121.89679144385029,94.70451021846372,5.735526315789474,9.966512854317731
57.01825396825397,30.26619047619048,435.4065718157183,219.34727061556336,19.123832923832914,2.737560386473429,4.428947368421053
580.1480994152043,524.7781650071122,62.571153846153834,66.42441860465115,74.93235294117642,2.9452254641909823,1.9381274131274133
56.11910569105709,28.12150537634411,415.4676691729323,181.21538461538444,44.57030303030304,2.4122257053291527,4.908608321377333
139.02959001782534,45.8868421052633,373.1158385093167,211.99718137254902,110.48020671834625,1.625075757575758,6.983445945945949
116.51307692307702,43.4533610533609,371.40141277641294,244.320979020979,43.12187134502924,2.872502210433245,8.39362101313321
520.7250176180407,483.35227513227517,129.0283625730995,57.918250377073846,49.70980769230773,2.913104013104013,2.462800417972832
252.91986062717763,201.757730263158,260.1454487179487,138.12105263157895,146.62057541412378,4.98683712121212,5.876890756302521
695.25743902439,626.6213406292749,14.101991465149496,176.9285714285714,48.85015479876162,12.431106321839081,2.0000000000000004
387.2435714285714,329.75030075187976,223.57779220779219,150.1184210526316,59.06842105263161,2.821081081081081,2.664705882352941
608.5743243243244,554.1368750000001,52.05336257309942,102.06172248803824,57.26016260162599,3.1556680161943333,4.121969696969697
596.8314285714284,511.0985837922894,100.85878787878787,83.86691729323313,88.55746606334841,3.0619825708060997,3.4575955265610436
191.58706349206358,148.96500000000003,218.05542682926824,108.7953571428571,36.90853658536585,1.2432432432432439,2.790131578947369
345.9865570599613,301.74017595307924,-10.236988304093563,48.04615384615382,115.8808823529412,4.962787456445996,4.763968253968255
41.971180555555584,14.509339774557226,247.11904012588502,127.3525616698293,182.9338167435728,6.536729036729037,10.435805471124624
398.74729166666657,385.0276069017255,80.84497282608703,67.80365448504986,45.910436432637596,1.9211517165005547,1.408819444444446
627.0284221525603,597.8903556771542,11.15854838709679,95.73523809523809,52.03172348484849,3.9055055055055066,2.3704099821746887
59.02700258397935,17.78663003663013,288.6101010101012,211.27579979360158,40.16312500000002,2.620814479638011,3.0969696969696976
787.769585253456,655.062573099415,-32.42084367245659,61.74242424242426,58.9991683991684,5.020432692307693,1.0204761904761899
25.067424242424288,22.644851258581287,252.83083333333332,169.09101307189536,145.7826515151515,10.182750582750584,14.423089983022072
406.7818181818182,418.4977494373594,55.28931451612901,70.72958532695375,61.92996715927751,1.8084668192219677,2.6179310344827593
317.91339901477846,245.8647619047619,174.40341013824883,101.46216216216222,58.156833976833965,3.8156381486676008,3.525608465608466
423.808717948718,409.0297794117646,49.785753176043556,71.58769559032716,233.10718816067657,5.718687258687259,6.375555555555556
55.944588344125826,33.92413793103449,391.4177688326622,234.38125000000005,59.27226720647773,3.8714527027027024,5.936596736596739
563.539625,494.8012820512819,39.7279653679654,96.05982905982906,63.02285714285715,2.676587301587302,-0.672916666666667
60.63620689655176,16.672153209109773,410.82092414995634,206.55046257359126,37.08240601503759,2.480849673202614,5.116520467836256
46.70340328984684,18.408092948717716,387.01980769230767,210.21794871794864,63.69000000000009,1.1530838530838536,5.403346568349404
44.04277056277074,32.19288856304982,300.45529100529103,265.7701425356339,24.52413793103447,2.7339682539682535,4.6675
587.2222222222222,508.3635294117649,110.6926785714287,51.997478991596665,63.659752321981436,1.9404712404712399,1.4836453201970432
501.25512820512796,495.43854166666677,60.42006033182515,71.258,63.16146341463416,1.5515479876160998,1.8923809523809512
345.7004166666666,306.74569377990434,200.99512820512825,155.69300653594766,57.09459459459456,1.8469287469287465,6.663931888544892
145.84681818181818,56.09783281733752,371.03301587301587,194.80176834659594,36.97801184990124,2.3096846846846835,3.676923076923079
243.63076923076923,179.3831578947369,214.54978354978363,162.3797619047619,50.368962432915914,1.4770861833105342,4.303819444444444
454.4679644048943,429.5273001508297,83.78694404591107,132.754329004329,63.10404208194904,2.300756756756756,2.226923076923077
462.66794871794866,479.9216440422324,52.39250000000001,53.84390243902436,31.310147991543325,2.5072115384615383,-1.5944356120826655
463.3251893939394,420.16158008658005,46.62581699346406,50.56388888888889,154.61458625525944,6.524242424242423,11.563071895424837
362.4070972886764,283.4296031746036,6.9452201933404325,145.08410553410548,56.46285714285714,1.862063492063492,2.0763775510204074
696.528125,553.9743194192379,48.06112956810632,98.95202205882353,70.72991596638659,1.3834782608695662,3.2810117810117783
35.35557809330642,24.367684729063978,425.467507002801,187.83795918367358,36.822697368421025,4.488874680306904,5.341494435612082
328.68207070707064,334.15616929698706,30.187736900780376,52.03035343035346,122.62503217503216,6.1989316239316254,6.327346938775511
544.5508791832106,523.8667341430498,57.80758620689656,72.79395424836598,77.2358234295416,1.7416666666666651,2.7485042735042744
606.2843749999997,609.1598649662413,73.9121212121212,121.98969696969702,69.33436293436284,1.5921212121212125,1.0609523809523829
527.1324967824969,451.42748538011705,47.13974358974349,76.32000000000002,49.848484848484844,2.331269349845202,1.7974999999999992
56.18322246858817,29.02863247863243,457.2644334975368,236.52348484848483,38.73120300751881,3.94572192513369,9.702564102564105
297.8644425675675,295.9494676494675,64.01210106382975,50.5786538461539,185.7750946969697,8.50981707317073,7.808255933952529
62.715598290598265,5.063012181616923,278.1927497789568,127.49775873434413,45.72947154471547,1.7491830065359477,4.3264982373678045
531.9314285714286,526.3664262820511,12.130014224751065,59.49166666666663,68.18843137254905,1.484365325077401,0.5919444444444428
56.921994408201286,30.005741626794432,228.91337491337495,187.85659295659303,152.3064662507091,13.84162679425837,18.389479905437355
275.0280185758514,276.80195945945934,229.40340501792116,165.0234210526316,55.261826432217795,2.427631578947368,1.8461111111111106
550.3482252141979,500.1107142857141,61.74713423831069,89.86081825334382,87.01847662141779,1.7206521739130438,2.856856455493185
438.9888615888617,421.7969696969697,77.52033783783784,93.63999999999997,49.24204204204204,0.6356390977443618,3.0410256410256404
701.8791326209927,623.8887298747766,36.70987460815045,149.34498069498073,69.77000000000001,4.947488038277513,5.183333333333332
36.20090497737556,13.749267399267403,241.98017543859655,144.9099145299145,156.71280241935483,5.40291622481442,17.30352564102564
320.3698728139907,263.4600609756098,-1.5805617147079758,61.503670745272515,156.0338095238095,6.0702380952380945,9.959574468085107
467.87026224641284,445.80648193963384,103.81404761904764,115.91989389920423,65.51999999999998,1.9354312354312388,1.071658986175115
299.00668498168477,317.1580139372822,171.99064039408867,137.25855694692902,80.77646057855918,2.6096405228758166,2.4066666666666676
37.017241379310235,9.201474201474227,192.0278839815426,309.588484848485,149.53849449204412,9.81841491841492,19.652178318135768
158.72574525745253,104.21120689655174,373.85,213.82078947368424,51.42418300653593,3.189575471698114,6.205833333333331
38.82962406015038,4.735828135828022,453.90869565217406,196.73657894736846,52.38419540229884,3.202906976744192,3.1376262626262634
61.96764705882353,11.63574879227045,195.348012718601,127.28401544401537,164.30578947368429,7.473809523809523,16.849963369963376
516.614842105263,488.34230769230794,65.8912462006079,89.89972222222218,54.69934479934479,1.9228867623604469,1.4425000000000008
595.0961107448913,558.6186344238976,122.47225806451603,85.00014005602246,171.88684210526316,7.336392206159647,6.073684210526314
507.8585227272729,493.22602639296184,20.74601351351353,72.22455540355676,63.312588904694145,1.3142981691368787,2.717211948790896
114.03753387533884,52.07744360902264,389.2607142857142,211.1759868421052,55.854999999999954,2.2453703703703702,4.399910714285715
324.2032520325204,272.1503095975232,120.951706970128,164.8268292682927,50.081746031746,2.057451923076923,1.97997542997543
756.3836805555557,696.2721951219511,85.21985645933023,94.0575569358178,95.02929487179486,4.379487179487181,5.278860294117647
60.11955873583797,12.377526395173454,520.7669841269844,224.87495543672023,24.61219512195119,1.8861290322580646,4.301176470588234
462.5522556390979,416.2970588235293,4.674744295829953,58.95398167723748,56.43885971492874,2.071662360034453,0.7380555555555528
552.2493737640083,485.5664210526314,60.45520833333335,130.68214285714282,80.58455522971653,2.7631274131274126,1.96342725704428
245.85008928571438,191.24534883720932,207.03962703962708,144.4563748079878,50.4096327096327,2.3645624103299854,1.888981288981289
495.97965465465495,459.72152777777757,65.37276315789472,138.8462698412698,63.32622850122848,2.736458333333333,3.9807692307692313
542.571111111111,521.2890261627905,86.01701112877583,124.15563218390807,58.048128342246,4.335037593984962,2.293834688346882
87.98181818181817,49.058521870286505,380.2925768822905,263.20868454661564,36.61169871794872,2.1091269841269837,5.258928571428572
22.413865546218545,8.683183568677801,308.0070535714286,141.58438596491214,31.151018518518526,2.1283108108108113,8.91375
463.6397435897436,483.5231092436976,57.44035714285707,74.66850789096127,59.34742014742011,3.2490998363338783,2.373211446740858
119.91227642276425,49.793939393939425,321.3762626262626,157.47161084529506,50.881964285714275,0.02444444444444671,1.6140096618357505
401.53377192982447,384.52113752122244,293.8001842751843,87.12272727272727,200.1248214285714,6.0551435406698575,4.945534665099883
245.2297794117646,221.5672222222222,313.15129124820663,156.64040247678014,48.08978328173371,2.656711915535448,7.051666666666667
124.63675958188155,29.03661616161625,388.11330128205134,207.97933634992455,65.4624358974358,2.7761111111111108,4.737862950058074
546.9472222222221,559.0493371212119,43.967405405405394,77.22828409805155,91.95436832181025,3.845272525027808,1.8200716845878127
549.386271567892,492.5418620689653,56.08666666666667,41.94688160676529,65.81794258373208,2.3880455407969636,2.963068181818183
83.90082236842105,17.56947261663286,410.3314564564564,199.68202614379084,46.43981854838711,3.161601000625389,6.274023769100168
428.59292682926866,425.2066666666668,8.46999999999997,49.40604575163397,225.16710613052078,6.776818181818186,3.8097435897435887
58.58949181739877,36.34871794871814,448.91443488943486,205.37086563307497,0.3972200772200267,1.8134502923976612,4.377131782945735
112.36188235294114,79.10381231671543,353.35285714285715,178.198495070057,63.10608108108107,2.595462280204198,6.060087994971714
45.35688434303696,14.298888888888856,407.2810714285715,176.2287661406026,42.908684210526296,2.747222222222221,5.710756302521011
56.345202020202,6.413022941970343,328.5576576576577,166.1257352941176,176.1151515151515,12.207878787878792,4.76239919354839
588.8972629521016,537.6860360360362,89.40920634920634,78.99722222222222,63.83902439024392,1.5818750000000001,3.0597619047619036
445.52737804878046,437.3207726763718,75.93106617647058,101.81264069264067,82.01647058823539,0.9861378205128206,2.4720930232558156
415.28903743315504,360.74452702702695,138.39758928571422,126.23149051490509,82.3675,2.6591216216216225,4.875581395348837
308.2271895424836,254.13989769820978,37.65999999999999,88.71365007541482,162.11688829787235,5.975625,7.895095693779906
799.8857142857142,698.398918918919,83.03330357142848,80.77247474747473,1.5065452091768137,3.2073089700996684,3.7736842105263166
315.46357493857494,241.29239040529365,165.6289661319074,134.3,52.1263157894737,2.1372505543237246,3.112111801242236
471.3606766917293,447.389869281046,21.65225424981522,71.82314578005115,187.6593920972644,5.832878787878791,4.300443458980045
57.22815789473683,13.598341013824903,418.24375516956167,178.28826086956533,41.45793485793488,3.3552845528455273,5.9230303030303055
35.23687499999991,12.610282021151582,369.63125433125435,182.82466165413535,8.863636363636388,1.95491452991453,0.6116666666666628
24.85781499202548,32.69583333333341,471.4643790849673,233.3884615384615,34.10953947368423,3.6415873015873004,8.190714285714286
390.00926724137923,335.0516415868673,63.586764705882445,67.16184649610682,55.73833333333332,-0.38417582417582175,1.8041606886657107
53.43106060606049,22.840659340659435,395.59758928571415,233.57222222222225,50.84257575757575,3.290283400809716,3.709803921568627
606.1523128679562,560.1114285714286,-10.668978658536673,120.20588972431081,79.73528138528141,2.691875000000001,3.9482142857142852
483.04093023255814,496.87817715019236,68.66060606060607,73.5845348837209,53.255406911928624,2.218741976893452,5.4365163572060125
469.6581746031747,489.7017647058824,49.4029487179487,109.43665501165496,50.840641025641034,2.45766073871409,1.2580555555555555
79.81650992685469,18.722042467138515,415.70156931124666,220.33395225464193,33.57192982456141,3.4570889894419294,9.292836257309943
325.9988782051281,385.6360173160174,-14.343243243243236,77.46432432432427,197.11160256410255,5.0100485100485095,-4.629523809523796
94.19329685362513,36.82713903743313,440.65543672014275,234.92238163558113,-4.015201465201486,3.8478758169934637,6.829978354978355
54.79869281045758,34.868438538206,423.36249999999984,177.21274131274134,42.8,4.036235294117647,3.152179487179487
571.5414262820514,541.423214285714,53.34961884961885,105.91317401960781,57.187347560975624,1.3973389355742323,5.153333333333329
46.423076923076785,29.629999999999868,448.6859300476948,226.88535353535352,33.38307692307692,2.219305019305021,4.325925925925928
49.8424175824176,28.182670089859005,268.44194444444446,196.0093984962406,46.14097744360901,1.2477655677655666,4.446249999999999
101.94256965944274,34.083903903904,420.14696969696973,197.99795657726693,39.76891891891892,2.8219696969696977,6.140849673202615
400.280625,348.5989247311828,11.42886029411764,78.22165898617506,49.27585532746826,1.6659136212624586,2.984374999999997
67.47660472972973,11.344341216216293,499.26402831402834,211.3796703296703,68.15645161290323,3.6183011583011577,6.026825127334466
96.84155844155839,12.587741935483862,403.38571428571447,200.52146263910973,49.947147147147135,2.339999999999998,5.477992058990356
58.842614707730874,-6.038235294117701,337.6754703832753,198.23179650238473,38.57731092436974,4.115661815661815,2.219153225806452
41.92666666666668,3.788048780487811,260.6957317073171,181.3409379968204,155.63056628056628,6.241768292682926,12.359672619047622
390.701127819549,349.02787878787836,65.64490674318503,104.02718146718149,57.95271739130435,2.290807453416148,2.115128205128205
296.8443421052632,313.95444444444433,70.74941520467837,113.95839285714291,117.5305454545455,12.916161616161618,22.96208267090619
54.70158730158731,45.307241379310355,459.1224603174604,223.2822408536586,42.06767676767675,1.6489316239316238,4.137280701754387
259.6900914634146,221.21565217391299,400.3140664961636,139.32583333333326,48.35230414746546,1.7295008912655963,8.039249492900606
63.960555555555594,11.94022727272735,205.1230440967284,178.961111111111,177.30013183915622,14.497996794871794,22.47848214285713
482.3489203778678,476.8793650793649,-16.836461388074326,99.86344086021504,65.30990691489362,1.9838235294117654,0.3427906976744177
57.25966386554633,12.46900584795322,171.82431749241658,201.36798387096786,148.36437499999994,13.610102960102967,21.81013513513514
709.5734453781511,611.8308316430017,22.109545454545422,104.46066856330013,69.61414141414144,2.107218045112781,-1.0784090909090902
606.4315207373273,608.2979368149586,34.29992673992674,116.01912087912082,56.761978021978,4.287179487179486,4.363986710963454
404.86294037940394,427.64204545454555,46.288629032258065,72.09358974358975,222.31473684210516,9.183055555555553,4.011428571428571
762.1907575757575,631.7194192377495,47.52511904761904,141.2588288288288,66.07964285714286,2.9229260935143295,1.2412355212355208
35.312179487179556,9.838157894736913,385.9560185185185,172.24721362229104,70.42015677491602,4.004175824175827,3.157378048780486
562.9909888357256,530.7357926829268,33.90810810810811,113.45431560592853,188.54146341463414,11.36102102102102,16.68140283140283
501.94856915739257,478.17190476190467,93.75890027958994,78.85414430530709,56.35352564102562,2.0064596273291917,-0.5317715019255473
311.20883620689654,305.3891025641026,97.65751879699246,90.7763095238095,38.479450757575755,1.7646520146520146,2.4783275261324036
384.1465116279073,363.7095975232197,95.60658008657987,93.79361111111115,64.55440278988665,-1.1744087837837798,1.4412781954887213
166.24035087719298,53.72523923444966,324.0019841269841,156.53055555555557,51.55249709639947,4.165204678362573,5.4350496838301705
279.77428571428567,228.69124839124837,233.3498708010336,161.29271708683484,58.94952153110048,2.4371345029239757,3.6493939393939385
861.5265350877193,774.364035087719,11.248099829835521,99.69084302325584,64.80691711389383,5.815555555555559,7.737285902503295
312.53284936479105,318.4582352941175,44.10909090909094,67.75556451612904,147.58366013071895,7.168605378361476,8.207965367965365
346.15878787878796,315.67941176470606,27.196972972972983,71.67894736842103,155.07591093117415,6.321622958931224,5.435661764705883
62.43235294117648,43.522857142856964,380.2309523809521,196.18501400560223,19.805253283302072,1.6369585253456216,9.523905723905724
55.37743221690589,-2.474946236559152,205.80528846153848,198.5299682034976,159.10277777777782,11.386642156862745,22.407432432432426
67.94543189368765,42.742407407407626,441.10555555555544,213.35478796169636,41.69705882352941,3.975892857142857,6.376052631578951
56.71276785714304,38.50833333333333,246.93077519379844,146.85014778325126,176.38421052631585,6.596233974358975,18.200744047619047
624.3053571428572,636.1836974789915,19.24815602836879,117.95896358543422,68.30347222222223,3.043554006968641,3.6115532734274702
344.54200000000014,332.72848739495794,87.388954056696,186.11957894736844,46.934375000000024,2.9617850408548083,0.545755517826825
63.00035389282102,16.779968203497617,403.29696969696977,166.39260901699924,47.33944444444444,0.4962130937098843,6.621528239202657
542.0119047619048,513.6553113553111,62.301958384332856,121.17837837837835,57.04185724185727,3.679334677419357,3.843812233285918
385.63074324324333,334.365634920635,53.387418008348064,86.20828828828824,55.51394943330428,0.9659103800340332,2.9501524390243907
216.72680232558153,214.3235403726704,200.73441001977594,133.54473684210524,60.64194444444445,1.0184885290148444,2.5463888888888895
491.32209302325583,479.1377708978328,52.83988095238098,67.27090187180943,36.60722610722606,1.7871794871794848,2.3884520884520892
33.31916842847088,-16.638235294117607,243.34974747474755,168.5107692307693,172.35885714285718,6.353338632750397,17.684495021337128
280.3622377622378,305.4144946808509,145.77250554323723,87.35955598455601,33.04340909090909,-2.1575573549257796,2.433333333333333
288.2682051282051,244.5162724014336,-87.12333333333325,73.01303418803414,177.55861788617878,4.280952380952381,8.349230769230775
621.7224101479917,570.3835758835758,21.884464555052823,105.70744544287548,66.56212500000001,3.0725000000000016,7.487261904761903
759.0197093023256,709.5368368368368,89.94254826254829,82.8434782608696,64.71656495204884,3.067312661498707,3.4452012383900925
58.28566066066064,19.478701298701292,318.83916408668745,239.4988888888888,45.23415233415234,3.4939976689976695,5.764642857142856
90.88214285714282,2.0167912593444335,404.1544289044289,261.57543859649127,41.30646853146853,4.034294871794873,16.506841216216216
159.3654411764706,107.17652616279068,146.30857142857144,166.1737301587301,136.11666666666667,11.67333333333333,29.757905982905978
103.79532467532466,6.518709677419441,431.22940476190473,237.91785714285717,41.13666666666668,2.488899430740038,5.731068524970963
415.26809210526346,374.591515151515,82.61594746716699,35.30841523341523,56.82474120082816,3.0476982097186704,1.3926282051282037
407.32617354196327,386.040017825312,47.474285714285756,79.37336309523808,76.65214465937767,2.079316239316239,3.0872222222222216
695.6304839723441,643.8156108597286,-18.67674876847299,103.0128378378379,71.37511904761905,4.734703947368422,3.954166666666667
368.5539732494099,367.41881987577614,62.539393939393946,19.837491289198546,203.39357723577234,6.612518853695321,4.102272727272728
48.225565610859825,-18.39868667917446,439.859201773836,133.7851219512196,53.45357142857145,3.369166666666665,4.795299145299143
398.7651829268293,376.0738095238095,59.052484472049684,90.68965250965255,60.671333333333315,2.1863636363636356,2.755656108597285
308.8260606060606,242.1095203488373,218.75897435897437,95.12630036630036,60.18225609756098,3.623571428571429,-0.4382003395585743
45.86416666666665,17.349558823529403,294.19856459330134,146.80279569892474,123.64372294372293,5.152941176470587,9.160162601626016
66.2942105263159,19.25807692307692,258.525641025641,170.14833333333326,83.02398648648652,1.5620967741935492,3.4114285714285724
826.4727272727271,716.6872822299651,30.93761904761909,112.3897147147147,42.70937499999999,2.455270655270656,5.171364221364222
529.4028255528256,507.94138513513525,70.97589743589747,77.91015180265654,57.761071428571434,1.9691666666666658,5.964999999999997
268.4825757575756,296.94888888888926,41.12954333643989,116.36292446292447,175.44046345811054,6.319256756756755,8.526315789473683
82.5324175824176,17.857647058823535,344.53034188034195,208.91815126050417,24.460350877192994,3.765714285714286,5.9269230769230745
460.50171390903085,454.00686070686066,45.69909909909899,97.63787878787876,58.48614718614719,1.625975975975975,2.6264412416851433
637.3957637997429,653.3258064516131,30.80196078431375,23.98071135430922,71.7259259259259,-0.8277048155096893,2.9947368421052634
554.5691666666667,455.72984126984124,4.55358680057379,101.19054054054057,55.748571428571424,2.985574912891987,2.4681318681318682
531.5080749354001,537.9874401913876,91.65377289377304,68.85499999999996,40.1029411764706,1.8755256518082448,1.6370879120879125
108.64999999999984,25.236427939876428,252.75016479894515,222.60883620689654,77.12677777777778,3.337092264678472,10.484920634920634
546.6166666666668,492.6223837209302,176.68035714285708,111.21493598862021,-46.371825396825386,4.228968253968253,3.0456578947368422
588.1420849420849,570.5466266866566,46.87643797643797,118.41248548199766,32.06532567049812,3.729075630252101,2.1718749999999996
150.04733870967735,87.03564189189187,402.5852146263912,234.7882828282829,38.09999999999999,3.191598915989158,6.3897297297297255
37.19162679425834,22.887108886107626,448.4564102564102,207.69637630662027,50.290909090909096,3.1926126126126118,4.250871080139373
566.6032330827068,526.9659498207884,107.59315789473689,21.90617647058825,121.84027649769584,2.0343749999999994,10.033863275039744
59.803088803088784,8.282222222222215,392.24713414634147,161.6294642857143,46.895121951219544,1.700730897009966,5.238205128205129
529.9849078341014,519.1398455598455,60.84949784791966,53.983782051282105,204.9262308998302,8.07036374478235,13.934224598930479
423.0522522522524,414.3542597187759,93.44343434343443,67.70857142857145,48.196195202646834,4.669504310344828,4.315384615384615
95.49068965517253,39.0090277777777,369.52565641410354,161.42012195121953,56.369340463458116,1.5893393393393391,3.2308928571428597
325.63279220779214,294.6959383753502,135.19571428571427,120.72214948172396,74.87090225563911,1.3740215924426449,2.2319490586932442
506.3567931456549,450.2779545454547,58.47806553911208,75.27336523125994,47.773180291153466,2.4722560975609755,2.1429149797570854
58.786965811965636,16.582884615384806,285.57980085348504,188.6457516339867,179.2460881934566,13.453125,22.65730158730157
51.33560606060613,28.127154471544745,471.66578947368396,177.24733590733592,57.9185185185185,2.0648717948717965,5.229477351916378
372.4312500000001,396.46671814671816,34.45689535689537,53.45142857142858,212.16041666666655,6.512717770034842,0.47564102564102484
59.92993762993751,13.033689839572189,341.1277235772357,126.11018315018308,54.36572890025582,1.3433818433818432,3.022857142857145
579.425541125541,552.0554298642535,82.01165501165497,146.37395833333332,58.25937500000003,4.508416988416987,3.377744360902256
157.51998106060617,75.8722222222223,286.97,124.48395378690631,59.61091234347046,0.7668750000000004,4.195634920634917
84.62727272727271,30.57205128205128,322.12658385093175,201.57687626774853,44.10271062271061,3.0007936507936512,4.755921052631579
360.53276515151515,370.6689473684211,13.21142857142857,82.07837837837837,157.26522988505747,5.982076813655762,8.520592948717947
546.1924324324324,520.8868140243901,55.75818759936406,149.33666666666664,109.41717011128777,2.03231334149327,1.4889566395663953
441.26909090909095,416.9357142857142,40.32790697674416,102.20950292397663,64.96661367249601,5.560416666666665,2.0326267281105985
44.85253456221209,6.503986486486472,458.43636363636364,189.33600543478258,21.193333333333328,3.404108527131783,6.791835357624829
120.54295652173923,97.10805194805185,546.1914634146342,186.58709528214615,47.09670608108106,2.284451827242525,5.113513513513513
570.2126485568763,545.4767734553777,73.09387096774195,111.8877371273713,56.439122807017576,2.037533875338754,2.3234772978959026
542.4342857142856,493.3203869047619,40.754054054054,34.64026315789475,69.90482142857144,2.2836363636363637,5.864393939393937
116.03985347985349,117.81133960047005,435.02181818181793,177.01349924585222,50.24164934164934,3.18951048951049,-0.19722222222222197
384.44582798459567,382.6325791855204,10.988035714285772,61.3817049808429,169.6676962676963,9.608717948717945,5.669841269841268
37.86041666666668,16.14884146341479,229.4605263157894,147.39575757575753,130.67301587301588,4.348275862068965,9.764912280701754
88.55588235294111,63.58560606060603,351.5849170437407,232.78691029900335,25.37285714285712,3.3369659982563205,14.559553571428571
408.1585714285715,434.57323452484735,68.07127906976744,69.57988871224167,48.41422287390029,2.8281205164992818,2.3195906432748523
135.6878787878788,56.77544459644342,335.78633204633206,191.14210084033613,36.489634146341466,2.8430952380952386,5.984681372549017
523.8875,469.7278205128207,98.95906200317967,96.00313479623821,63.227474892395996,2.8524252491694373,0.5105263157894742
43.478869047619014,24.88689087165408,439.42062499999986,231.56067226890758,43.80120614035086,1.3674803836094163,5.7881081081081085
494.05353535353544,508.629898989899,36.782229729729785,92.85301724137933,75.96577540106944,1.9985853227232544,4.87701863354037
522.8204637096775,570.6750000000002,68.08276955602538,144.55151515151522,53.306451612903224,2.079256756756756,2.884102564102563
359.110135135135,304.6806220095694,124.2851282051282,125.88518518518516,51.61008928571427,2.4773504273504274,2.4905263157894733
470.63275862068963,490.9458333333334,92.32518853695316,21.62249999999993,59.366153846153885,5.082887700534758,-1.9442857142857135
302.0913043478262,264.93321256038644,125.99668780831566,90.74296171171171,41.14399460188934,0.754613653413355,6.034112903225809
173.38684210526316,164.47277734067666,200.35271105010287,142.30804347826088,191.6869736842105,4.472727272727272,9.81646191646192
40.12410714285713,11.589586645468994,254.65022727272722,83.72899106002554,152.87890109890114,5.52582236842105,14.515991902834013
63.449999999999974,-0.4282961460446266,392.9806998939556,209.90444444444438,39.9465811965812,5.5,8.251286764705885
41.158108108108046,23.425984848484717,262.98234011627903,185.4626535626536,156.54870615296153,8.152777777777775,13.091250000000002
42.0663354037267,15.702430555555473,483.9021951219512,179.49774774774775,37.29734576757531,6.930933062880326,3.715863689776733
745.8620300751878,683.256442831216,56.02024291497975,100.67995495495498,47.756511056511066,3.5410256410256395,2.7804761904761923
33.519950738916265,10.796341463414633,447.47267857142856,154.02999999999992,48.794989106753825,4.435681818181816,6.231290322580646
52.92008928571429,16.95277777777778,351.97621870882756,231.83181818181816,40.17859097127223,3.4725000000000015,7.0815789473684205
70.43808049535605,41.624999999999815,273.8056737588654,172.87821428571428,156.12319078947368,11.873308270676695,16.639864864864858
523.8042105263155,483.0279448621554,51.007196969696984,68.15055555555557,60.68221343873516,3.1394736842105235,3.5474358974358964
415.1265037593986,430.9762987012987,69.14895833333333,153.1654878048781,113.83315614617939,2.704017857142859,4.6304411764705895
119.56629870129878,62.37342342342342,382.55128205128204,170.5775000000001,35.865178571428565,2.2722222222222226,5.656485671191552
367.70942982456165,363.88737131091284,21.94388278388279,69.77356630824372,131.05595238095236,5.120046082949307,5.272638146167559
55.41418918918917,14.773300573300494,273.4507177033492,171.36105769230767,49.817948717948724,1.8995512820512812,3.5338383838383853
402.10333333333324,384.61904761904793,-9.40592020592019,67.79999999999998,116.48414634146346,4.997432170542637,6.664444444444444
353.0365384615384,343.76410256410253,48.46952380952378,44.932956259426774,186.23249999999993,6.341433566433565,4.113203463203462
498.3138691322901,537.4744664634147,105.3599999999999,86.67984555984555,64.80611205432936,-0.3940000000000019,1.6873310810810813
67.41928571428572,22.78810606060614,412.8751515151514,195.92847985347987,40.38794037940382,1.272402159244261,5.869155844155845
352.4958393113343,340.8046332046332,99.70587301587298,85.85955334987597,44.276344086021496,2.51186147186147,1.724783634933123
648.0350877192984,584.9139534883723,-24.965438596491353,125.69149959903771,57.55090725806451,3.0828571428571427,2.2670634920634924
44.31969924812037,14.601067073170853,269.4365079365079,117.47575091575084,169.94756944444447,6.445945945945947,12.503124999999997
662.1426767676767,602.9710810810811,52.67965260545906,105.6430481283423,64.75312499999998,3.9665217391304366,2.3698692810457516
656.8025,613.597623514697,31.413333333333377,87.58888888888893,65.27865497076023,5.5419507575757585,1.955434782608696
629.1355555555554,612.493346508564,102.32174603174602,99.34678522571821,67.10424710424712,2.42909574468085,3.054679487179487
124.78309312638591,62.979339477726654,381.7230672532999,218.79011583011578,53.11235431235434,3.6099849849849854,8.248684210526317
309.99709302325584,262.6910384068279,192.25584415584422,132.21540404040405,49.397902097902104,2.5507352941176467,5.3222298221614235
794.1736089030207,716.3985645933014,5.349305555555546,126.48477272727268,41.64203007518796,1.9241935483870962,3.6651716500553704
462.66622807017546,460.5600483091787,75.15095119933838,99.2504504504504,57.27553191489362,3.3674999999999997,8.957235142118863
79.98651515151516,20.053982930298602,163.57142857142847,212.76747311827955,146.78947368421055,12.279276315789478,24.60367383512544
48.596190476190465,15.767003367003255,254.68960784313725,131.05160427807496,169.5787139689579,6.414285714285715,10.761508951406654
339.11538461538464,269.87631048387095,216.5994652406418,162.52784090909088,53.863492063492075,2.8087684729064044,4.221164021164022
124.15588235294129,39.25906394199078,451.2286987522281,275.47543554006967,39.1295744680851,3.0214452214452203,5.940277777777777
14.025625000000211,23.086296296296304,259.2545239968528,109.4704044117647,198.68648648648647,5.690501930501931,11.762857142857147
310.8841666666666,323.62388888888876,39.56388888888888,95.55593073593084,166.83659673659673,12.271771771771775,18.800317965023837
52.994870129870115,22.345366795366886,422.9567251461987,228.20548387096767,32.23170731707319,0.3128205128205088,4.101055806938159
535.5942857142858,478.54875478927204,79.21198830409358,117.75449735449736,74.40074404761906,2.1377708978328176,1.662669683257919
319.37122807017545,307.458924731183,119.03348348348345,98.4155263157895,73.76666666666665,1.315151515151515,1.9518918918918904
70.98238866396763,51.83534883720934,327.3991219512196,212.08073593073595,40.38496732026142,2.32,6.960865800865801
487.2522943722943,534.0792483660132,52.40936170212767,58.98018648018649,65.55652173913043,2.1180528691167,5.060289634146342
302.3669191919193,248.32713513513505,26.664039408866955,100.59440052700923,62.68569518716576,-0.4467082467082475,2.628125
60.86058823529414,16.661111111111108,683.8725868725867,169.65088991430457,56.086639676113364,2.384864864864864,6.034729729729729
337.3981818181819,336.537758346582,12.818871794871786,-8.547233468286109,141.43157894736848,6.654745443117539,5.272379032258065
406.54848484848486,408.55232558139517,27.83665065202472,85.360372960373,220.2495535714285,6.638053613053615,2.226617647058822
366.80956937799033,339.33823529411757,88.420990990991,40.6,146.99204301075272,8.344916003536696,7.1117647058823525
378.0682926829268,384.83157894736837,27.66202356202365,72.3381404174573,122.16176470588236,5.227718360071303,6.156762749445677
192.71087673038903,153.14234234234235,148.59002869440465,112.8283333333333,122.94999999999999,6.764362519201229,12.057033957033958
528.5771428571427,505.91379310344826,99.87984126984144,83.46609848484849,51.47105263157896,2.6869883040935663,2.220526960784314
332.842424242424,325.3086929330831,131.687743557511,107.05863095238092,52.91290760869568,2.673497536945813,2.8029411764705876
367.992857142857,334.242105263158,160.86507936507937,95.42182662538703,39.610897994769,3.9860641891891895,3.208771929824562
437.4206947524021,393.6555212355215,-10.617073170731643,58.92554489973844,216.1789743589743,4.148633540372671,5.9944272445820435
744.919642857143,704.7584892584891,28.720476190476205,108.80384615384617,59.66163663663664,2.7534237726098185,3.902384737678852
603.5094373865697,578.71,87.32414772727265,74.29184210526314,95.84046345811053,2.8049999999999993,2.6514285714285717
430.1082229965158,428.96356209150326,26.21999999999997,41.56951219512193,159.12909090909093,5.469507575757576,4.539722222222222
443.28901960784316,417.51998361998363,122.17,85.74274274274276,68.00681818181819,2.0373015873015876,6.537368421052627
560.8025783972126,503.17773487773496,52.3255855855856,83.88142857142859,48.64657258064513,2.8148558758314857,3.9093939393939388
698.9509043927644,646.1384615384617,44.65467980295565,100.73138622493465,64.43879032258067,3.824760765550241,3.2648648648648657
336.9409090909093,266.05384615384605,223.27837837837836,166.54904761904757,47.173886639676155,2.146109175377468,8.641853281853287
76.63846153846144,29.1615967365968,358.35774456521744,253.23609195402307,43.10512820512818,2.3480158730158727,3.3192073170731717
301.6465277777777,325.2648189209164,128.88743315508026,104.78714285714287,55.68666666666668,2.4090671316477765,2.2683870967741946
469.40153153153153,415.989189189189,71.63464912280703,105.63054054054051,62.45568356374808,1.5761808367071515,2.101930501930503
485.65300300300316,406.49796380090487,36.1605263157895,118.40075757575755,65.8810975609756,2.286666666666666,4.620993914807301
463.0913992297818,447.5068965517242,62.23165007112373,52.747375415282434,58.165476190476205,1.5882251082251106,2.946785714285714
387.70048780487804,417.8239393939395,29.314299242424248,106.77352941176468,216.48647058823525,16.434100877192982,6.246666666666666
752.3915535444944,722.5691756272403,20.019444444444446,106.66519647153169,41.786580086580074,2.043614718614719,0.9115494978479193
84.34313725490198,32.65741626794261,415.1821652065082,234.88739495798313,33.39756097560978,3.6166666666666676,4.951244239631335
576.0971428571428,550.0538888888891,-0.4716911764705287,97.46024955436721,59.84210526315792,3.3437346437346442,2.4457142857142853
390.7956043956043,394.06,-110.48471760797347,72.58274390243905,137.14559548978153,7.1197031039136345,6.419509043927649
206.69867149758454,176.41146601146613,192.63808049535615,127.32058608058603,129.0725,6.6752027027027,6.557142857142859
656.7345454545454,598.8818885448915,55.146590343454434,112.91951754385964,42.97297297297299,3.5656250000000007,4.132950191570881
203.2323809523811,161.89210526315793,229.58391608391588,132.97072649572647,56.99918918918916,0.5475000000000019,1.5907657657657674
402.6238095238093,361.5763071895424,116.51315789473672,93.227840909091,59.110717614165914,2.388378378378379,0.2038950715421297
471.1563667232598,495.9927586206895,43.595265423242495,44.982589285714255,53.629202373104796,2.6308731808731802,3.134356725146198
67.87615740740728,14.213320463320462,403.4543417366947,147.12689518787084,49.36346774193549,2.7694938440492476,6.9511111111111115
621.4952793076319,545.7843843843846,52.228242424242424,124.34088952654237,78.48152439024392,3.2633720930232575,7.208571428571429
618.5274038461539,608.9304983388704,58.25215686274508,59.29224137931034,85.79000000000003,2.070512820512821,3.2488372093023257
49.430847953216336,-41.82440622440621,516.8179425837322,209.4796470588235,48.87944444444444,3.708974358974359,9.473865546218487
609.541774332472,596.548780487805,93.92025518341309,86.98490011750886,62.260815939278935,3.177058029689608,2.875432319618366
595.0158301158302,576.4356349206348,38.31539682539686,123.19402859545848,76.85714285714285,2.9862781954887203,1.255012531328322
38.44090909090918,15.377546628407377,433.76118421052615,133.8354703832753,55.27236467236465,2.0582352941176474,3.633007518796994
249.69246031746033,233.76286549707606,204.7333333333334,81.97360248447205,45.26974789915966,0.7973684210526324,4.2796992481203
390.28867521367533,391.4161290322581,15.325261324041811,62.45367383512544,212.11502016129032,6.505266805266808,4.303124999999999
29.99308970099664,4.94783197831965,261.80142857142846,141.27445887445882,160.39276974416018,15.722012195121948,16.11988174427198
57.68664092664091,29.273333333333344,403.1754385964914,207.64426877470356,43.30114379084969,6.0,7.111176470588235
396.3203252032518,427.5079365079366,66.18611111111113,78.68786549707602,59.77956521739132,1.7760504201680671,4.401262626262627
749.5848780487804,664.4018796992482,-80.0136591478697,121.03568376068378,65.28576923076926,5.476023391812863,4.151351351351353
379.4146959459459,289.0160341555976,68.68178571428572,103.96047619047617,49.41540540540542,-0.39851190476190723,2.3247252747252736
85.57387596899225,35.5221245421246,376.8373399715503,205.05,52.42414860681108,3.4429166666666653,24.49921090387375
371.2777777777777,374.02060931899643,28.93020637898686,140.55089605734776,199.90464527027024,6.490064102564103,4.273798076923075
49.79613003095994,-2.706964656964706,358.7859166011015,182.9096894409937,54.55312500000001,2.58081494057725,5.240196078431373
379.4449999999998,382.31904761904786,46.73996723996722,51.5806451612903,129.95833333333337,5.376301218161685,9.826578947368422
265.77012987013006,254.13858093126382,228.31658823529403,114.99831038798499,44.85554878048779,1.6664285714285705,4.63815958815959
283.0945887445888,305.8101307189542,145.7129157427938,83.76982142857136,39.402934362934324,1.2590996168582365,1.418975332068312
65.61986842105264,30.864316239316246,430.30446428571423,183.8272560975609,51.43551351351351,0.4954261954261947,4.0599821746880576
192.03645833333334,176.66435064935067,182.60394957983186,118.49939939939941,101.03605800922868,7.038294898672255,11.056862745098037
100.48461538461547,89.08579831932774,176.7618741976893,191.5923076923077,138.89233082706764,10.766233766233768,21.227205882352944
513.4417956656345,482.85450861195545,54.93158756137481,125.54499999999993,49.972348484848496,2.9820512820512812,2.2694940476190477
699.522616407982,636.9115079365081,101.31406693136685,90.81084033613442,18.605602536997885,2.0106546854942224,2.9557603686635914
145.07012820512833,59.76659125188537,392.4080158730157,198.5917467948718,50.419567827130855,2.72972972972973,3.95633484162896
435.4129464285715,391.545625,33.34386554621841,144.59956140350874,44.15220588235294,3.748579545454545,3.7355984555984554
427.57576543850547,402.82750000000027,-43.08632352941172,86.68840579710138,238.2370731707316,7.482994579945801,2.087499999999999
52.034199134199056,35.8381306865178,195.38660714285717,183.68879173290932,92.43218954248371,13.049107142857142,22.17528957528957
475.92454991816675,431.80074324324346,51.17919207317077,86.01596638655457,219.3271381578946,7.327364864864865,3.211190476190475
326.60285714285726,282.74807881773387,186.05512820512826,193.15774456521729,54.83888888888887,2.4395604395604393,2.941944444444444
21.66314305849184,19.82099567099568,404.9961300309599,200.45365497076023,46.10277777777776,2.6394736842105266,4.327430555555556
378.8352777777778,322.4951219512195,90.46867321867335,63.74938423645315,80.65508771929827,2.527512127512127,7.426164874551983
567.026023166023,549.31,42.78671052631582,76.24659377628258,76.50506822612087,2.886549707602339,1.8189903846153852
751.3941666666666,717.9730574324324,102.01222222222222,112.15791805094133,57.09991071428575,2.280506155950752,1.3394943330427198
412.159413919414,384.71402396053566,30.556756756756755,41.17800000000001,158.97008064516132,5.166602564102565,4.097619047619045
793.6783193277311,779.5769444444443,13.854801829268311,119.82537815126051,43.710173160173156,2.253654970760233,4.094924192485164
49.42213883677296,19.125226860254077,402.96102941176474,170.89736842105265,44.45711500974658,3.210158730158727,3.1125000000000034
444.2988782051281,417.8111613876319,23.55945945945954,121.52894736842109,50.726972740315645,2.8054545454545425,2.9413354531001588
500.5948237059269,442.30259740259754,55.599064171123,131.23138528138526,59.50212765957445,1.276785714285715,1.8442724458204343
764.7010909090909,706.6,154.9424175824176,140.46111111111114,48.239166666666655,2.873436293436294,3.4378205128205117
62.46509324009311,19.73598837209303,379.38398220244727,147.68850948509487,39.15447154471548,1.7797385620915032,1.7168243243243237
446.0809523809525,416.57389434889427,160.90575275397796,104.03049203049204,44.576340326340336,2.530495356037152,2.5793650793650778
132.03402225755156,58.15619047619031,302.0271692745377,250.93754385964908,30.804081632653073,2.2389784946236553,-4.061874999999998
420.6812084257208,539.6115789473686,-10.747811217510268,95.24142857142859,67.67920168067229,1.7558612440191397,2.6720905172413785
632.1524493243243,561.9755232558139,15.972693173293358,117.22857142857133,58.54843624699281,1.7183210436755538,3.1698051948051957
584.7216666666666,524.4459901800328,147.7268762677484,89.28279857397504,70.90444444444447,2.6487087517934,5.830920535011803
464.9664772727273,486.8896052631578,20.530530303030304,106.4431623931624,80.55473624503685,2.9731707317073175,1.7269124423963136
300.62790697674404,307.94529914529903,21.473226351351343,96.37805642633231,131.1536585365854,4.9226356589147295,7.578242894056849
616.9364250614249,565.134090909091,50.40905172413793,159.45880952380952,32.97841269841269,2.7412820512820533,2.923839223839224
733.6567251461988,712.736511456024,10.375833333333357,142.62913436692514,47.515025466893036,2.826153846153845,3.0538461538461523
80.0434547908232,9.811111111111122,409.1914893617021,182.66394230769228,53.14333333333325,1.195495495495497,5.775414781297135
476.9542857142857,433.4224515322076,65.2694133157548,103.2081232492997,51.24435621100396,2.2091575091575093,1.6124668435013274
43.91075187969932,16.146390374331553,424.8973392461196,187.1188470066519,37.60188827694727,2.2871657754010695,6.967011128775835
33.907843137255,28.461874999999992,421.4362580645161,168.01319444444445,50.763852407754804,2.1795321637426905,4.241964285714286
107.60358851674641,42.462779922779845,437.6277777777777,253.5448979591836,37.48234649122805,3.4215488215488215,4.814705882352941
33.36011477761841,9.130701754385933,234.74328493647914,139.2383441258094,152.276052631579,4.03282828282828,11.252882882882885
311.6136672325972,280.3075657894736,134.9,120.79544287548133,55.712091038406825,0.5890476190476108,1.8038020086083204
707.88645994832,661.6238461538462,89.53955375253547,97.25212355212363,58.85067073170733,4.813931888544892,4.471052631578946
24.141093117408822,71.51328828828832,231.44019607843146,147.47948051948055,94.25990675990678,6.154812030075188,11.521462639109698
353.6288610038612,301.9655327342746,173.61062271062266,114.64851421188628,55.64693274205467,2.9323529411764713,2.0133333333333323
198.4394276629573,160.78918918918924,185.2514379084968,113.1480392156863,136.56869918699186,4.749124423963133,15.929354553492486
453.94174964438145,464.15998396150746,59.991428571428614,94.235,52.37058823529413,3.387941787941787,2.282535885167464
38.616666666666674,7.527272727272795,408.2461111111111,200.08068783068785,17.93888888888882,1.6140224358974369,3.8017615176151773
352.8996031746032,331.89262485482016,106.58972431077694,41.1613240418118,193.88601440576235,6.515878378378377,4.273923444976076
125.42391891891886,20.69560606060607,433.47797202797193,208.09495450785775,54.33361111111112,2.64812865497076,1.9342857142857097
529.6652216748766,552.2892773892775,34.54412162162162,99.06159003831418,68.96282642089093,2.30671052631579,1.1154616240266948
646.0950716845878,611.9758241758242,104.31777777777776,113.60577249575555,70.05427807486632,2.075263157894736,2.035000000000001
551.4672014260252,525.1622222222222,51.62568597560976,75.43355263157893,68.5301619433198,-1.3421911421911386,1.1684628474191714
541.9451951951952,474.28859649122813,71.12108974358972,91.15512820512821,61.86969696969696,2.45,4.1726829268292684
503.7552597402598,518.8511627906978,70.2679861111111,109.86929292929287,58.81551724137935,1.8298311444652908,1.439682539682539
727.6805434782606,664.1652402402401,-0.365267395054623,92.68088077336196,37.13284823284825,3.6159525379037576,2.7446808510638294
129.46880341880347,34.69004329004339,397.88784194528876,189.1047794117647,29.18562499999998,1.307777777777778,3.1963942307692323
428.0132773109247,388.87397563676643,38.744102564102505,103.97225274725277,52.41521486643431,4.39000628535512,1.9201013513513514
335.3765413533833,245.69763546798038,88.31457317073168,89.93706563706566,64.02558922558921,1.7921052631578938,2.7311111111111135
207.90529729729724,184.39734576757547,241.65546159267095,101.3025641025641,54.33185513673319,1.1634126984126991,1.5432352941176468
29.449085365853456,26.824291497975814,209.33628389154705,125.21533180778027,149.80034883720927,5.375347222222221,10.243563218390808
601.6042273042275,558.5608064516132,10.880761099365877,101.47769423558898,59.275450450450435,1.808253968253968,3.8264705882352947
39.18176020408163,13.571583011583018,305.52184959349586,108.93467492260066,183.78913690476188,8.783255813953488,12.487745098039216
576.5561624649863,511.0326984126983,54.695624999999986,61.29821428571424,63.84844074844072,2.9629370629370637,1.1465116279069776
88.39440227703984,33.563306451612775,309.8886913229018,234.43650254668927,39.67680381633871,2.948883572567781,5.5093627065302915
369.6456410256409,352.9809523809526,108.02527027027027,66.92162162162163,128.46282051282054,6.014703675918981,6.075555555555557
50.01749999999999,-5.983333333333388,441.7628787878789,182.9463235294117,48.61592442645072,5.534979838709678,3.538333333333335
324.5143356643357,333.9213725490195,34.05953177257524,59.147032967032985,172.54642857142855,5.748015873015875,5.533136412459722
412.00507399577197,399.8301843317972,38.561860465116276,74.63671052631581,212.68788249694003,8.181055900621121,5.183809523809524
436.8305128205128,351.9957767722474,-10.668347826086944,204.1448717948718,58.97787545787545,4.55279605263158,3.9675000000000002
79.19117647058823,34.45347593582887,470.3511842105263,227.27380952380958,46.67775119617225,3.0668473351400163,6.950126156433979
76.83461538461539,22.9042042042042,417.8855555555556,197.85245614035097,33.227142857142866,4.445121951219511,7.045519203413936
482.82686480186464,459.76036585365836,136.87599742599738,113.82522522522521,52.58482142857145,0.8218033998521803,3.3085714285714283
51.4855742296919,-12.205924695459835,382.79938080495344,246.7075711382114,33.421306818181804,1.8867857142857136,5.2416260162601604
225.281721194879,169.56200466200463,247.61652173913035,135.44616279069774,63.330514446793494,0.7033715925394539,1.6886856368563696
392.3608974358973,407.16604621309375,-8.45499999999997,84.65147754137118,180.29320463320462,7.5532142857142865,2.862142857142858
113.5277221526909,48.367058823529405,388.29653594771247,193.207743902439,44.48958333333335,0.7499999999999996,7.350558213716109
43.18109243697491,-10.428282828282981,136.4947826086957,200.00492831541226,139.81437499999996,13.430603948896639,22.877559377559383
564.6383040935673,528.617329910141,61.19375000000002,141.29722222222227,54.52225563909775,4.3400244798041605,-3.2321428571428577
77.62390109890116,24.734502923976603,434.7355555555556,232.1215151515152,34.54819548872182,4.270121951219511,6.226134301270415
655.3984848484849,604.5844844844845,78.5255,191.71706349206355,54.501804511278195,1.2566489361702144,3.719054763690925
77.7844611528822,41.52955738934743,321.28311195445923,259.9416666666666,37.29777777777778,5.096992481203008,4.68063492063492
53.463235294117524,13.023931623931613,208.40422705314012,187.5715949820789,147.5186607142857,12.334427284427292,21.126801801801808
569.3951219512194,492.8140591966172,63.435606060606034,130.4410984848485,51.89166666666665,1.7673387096774187,2.5816053511705666
254.9214285714287,244.2532828282827,24.480844645550526,50.1573670444638,127.70824561403509,5.508161350844278,5.437289562289563
156.72912162162135,133.08939307997736,356.0365615615615,149.69333333333333,56.50515873015876,3.3621212121212136,5.6491774891774895
65.32906698564578,2.8226215644820876,439.55421286031043,197.86661600810535,25.886388508891912,2.4732575757575765,4.673839285714285
98.25121951219514,55.625292397660786,279.74257759784086,187.5719814241486,49.680384615384604,2.1036111111111118,4.653034600113444
338.8770676691726,267.3423659673661,131.92882205513794,188.0792149292149,49.56123188405798,1.4999180999180994,1.5736842105263165
378.23333333333335,330.72864157119477,140.1375,124.80797385620907,45.090277777777764,3.114285714285714,8.379444444444445
478.176508344031,505.4085650723025,53.55588235294119,130.866875,59.753356582388825,2.3533428165007106,4.110470085470084
613.3357142857144,586.4245065789476,90.69267676767676,119.15908319185058,64.12426516572856,2.1110859728506814,4.006493506493504
203.33268907563027,151.345202020202,214.7407317073172,174.3246527777777,75.02367288378765,1.5153846153846156,3.3433179723502295
74.3549019607843,43.823344947735166,438.68324324324345,225.14875000000012,26.811859582542716,1.8378991596638663,6.048739495798321
511.65698412698384,529.1314645308926,82.93290598290591,101.69894528675016,92.5527777777778,2.293434343434344,2.1919949968730457
502.92266129032254,459.2491514770583,9.035880708294496,81.46969696969697,214.4256535947712,7.325247198417932,4.9947425474254725
465.9982469512196,404.4614285714287,59.64761072261073,92.65978021978017,46.987847222222186,2.285671417854464,0.8581792318634429
531.5671889400923,494.01050368550364,64.15239968528718,128.7504934210526,61.58304576144037,2.3557657657657667,2.0294670846394984
347.6212058212059,385.0993902439024,91.0336507936508,103.22580213903746,60.99401785714285,1.3194444444444438,1.5675939849624054
488.2083333333332,419.7291666666666,59.45247058823529,70.88666666666663,67.741875,1.1602614379084968,2.200586080586081
519.3617647058823,479.1774244833066,26.02665165165157,101.87632135306558,63.739638157894724,2.565250965250965,1.5627777777777787
486.0724960254371,420.93187599364074,28.589047619047616,45.14041835357625,135.29130706691683,5.596794871794873,4.3001393728223
520.4662878787879,462.1052747252745,23.362019914651526,120.01519607843134,58.32803114571743,2.2150000000000007,-3.7520238095238145
498.76499999999993,445.76305147058815,30.09396681749626,120.60916666666672,56.899523809523814,3.5846153846153874,3.7801435406698554
54.76418918918917,-1.4775252525250355,291.1037878787878,209.97692307692307,43.65848925848927,2.901370967741936,3.071367521367524
706.2864743589743,674.3092803030299,69.71666666666665,119.36616071428575,52.3367867867868,4.3925,2.2471291866028693
61.66184873949584,40.736702127659456,286.5378648233486,207.51249999999996,160.44571428571427,3.0563131313131326,8.817948717948724
392.17222222222205,375.47591036414576,54.10000000000003,78.22532679738565,43.98428571428573,1.0911764705882354,1.8718253968253966
543.7048066875652,521.8531001589826,61.02368421052635,95.77088285229199,64.58485237483954,1.9705128205128202,1.7022408963585436
273.55239234449743,260.33131313131327,9.394864864864882,25.319674185463676,161.0270270270271,3.8794117647058832,12.854014227642274
376.06426282051274,341.26340629274983,63.9079268292683,102.9757748260595,55.4888888888889,2.4403322259136213,1.806775067750677
333.4381226053641,260.05625491738783,252.79942307692306,154.8396284829721,8.842458521870306,1.8640789473684196,4.879829545454545
499.0762544802869,435.9655826558264,132.82035714285718,130.3828282828283,64.41942815249266,2.8190476190476184,-19.58823529411765
541.6546103896103,480.42430340557274,36.84555052790348,98.97300150829567,157.60042229729729,5.952991452991451,6.229699248120301
375.33643617021295,323.23459595959616,104.12494714587741,74.07837837837835,58.56935483870969,1.2995731707317069,3.8312500000000007
452.2730735930737,417.79618768328453,56.2061737804878,135.20413533834596,43.354359925788486,2.278827519379844,2.446320346320346
81.45204545454544,16.094070512820622,287.59284578696344,208.44766081871344,30.558048780487802,2.7944638694638706,6.04572192513369
834.360776942356,774.8753501400563,23.343686868686877,117.06468253968256,63.80128048780488,3.4905901116427436,3.266958041958042
258.3090476190477,190.21875309252846,233.71433251433254,129.16476190476197,42.65099573257467,2.1456389452332654,3.3793211816467617
270.4392592592592,261.6430921052631,106.88826945412309,142.8238416988417,52.921871921182266,1.719243421052631,4.694444444444444
434.4369202226345,425.60789473684207,70.09354838709679,87.9578853046595,51.608921694480095,3.023589743589744,2.5184126984126984
73.33012912482064,-6.027777777777757,443.8738157894737,199.11916666666667,40.62738095238095,4.307777777777779,8.552232142857141
358.375,289.0549107142858,171.3916601101495,75.60321428571427,63.54166666666664,1.1965367965367983,2.521307189542484
464.65050193050206,428.0309523809523,77.55227596017073,85.69087481146305,54.83602564102562,1.0365489130434777,0.13902439024390167
670.6350419384901,614.2705882352943,-49.552777777777735,139.17089093702003,66.17455555555554,4.289868667917449,2.5140766550522633
30.35904977375572,2.665165165165332,419.6792207792207,181.72616707616703,44.92088285229203,2.1033333333333326,8.33735294117647
202.37567567567558,84.72702702702708,346.25330477356187,244.6183705241307,50.531025641025614,4.80685434516524,4.283783783783783
61.71346153846157,21.99636255217654,423.05008305647823,176.48202090592338,54.118138138138136,1.7612280701754401,4.881635581061692
792.8922475106683,728.2632601351349,-0.7558823529411427,97.90914634146344,63.21480496453901,2.140557275541795,2.495741195741195
813.0779034690802,802.4644736842105,26.637647058823536,115.75168621700881,49.52679425837322,3.7694855532064837,5.628476084538377
528.0611039794607,557.9303571428568,-86.93636363636364,100.5512912912913,63.86734693877554,2.624661654135338,35.47857142857144
714.6601731601729,635.8291935483869,28.637441860465106,80.31714285714288,43.93714285714286,2.125164473684209,3.0627380952380947
293.6992982456144,252.47507739938078,125.5838095238094,113.09543189368776,56.2791341991342,1.4651103565365027,3.165624999999999
50.59571428571438,21.940000000000015,397.77082437275993,203.5132363132363,30.919320214669057,0.9512820512820526,5.6234295415959235
265.37794871794847,236.87571684587803,115.06967905405403,17.10180451127824,58.30996515679441,1.8690283400809715,3.833549783549784
467.06488939308,434.4866666666666,60.85435064935066,72.43802955665028,55.17222222222219,2.247980416156671,2.2753269398430698
48.284375000000104,14.341025641025656,438.0656756756757,179.34761904761908,51.16370157819223,3.068831168831169,5.456501547987618
347.3327922077924,301.1115853658536,202.07491289198606,148.03058491895698,64.23507890961261,4.264705882352942,2.9175000000000004
602.2173976608187,612.9797202797204,66.82499999999999,87.06061120543302,80.50155210643018,4.57,0.4749468085106392
145.21999999999997,5.852380952380958,468.6448079658607,202.2030303030303,32.033680555555556,3.1841269841269852,7.3338888888888905
54.454487179487245,-0.673011363636359,529.5493464052288,215.51499999999987,46.420588235294154,3.9113821138211398,3.5182352941176465
89.29821627647735,18.440804597701156,450.6366877515811,185.95250000000007,49.053846153846145,1.7231572481572464,5.853593073593072
80.62904761904761,12.722337042925279,173.11594746716708,228.78406015037606,31.494102564102555,2.666666666666666,5.007146908678388
414.0300784655622,351.6996598639454,76.19360902255639,92.35160256410255,101.83480519480523,1.9859853121175044,2.1001930501930497
138.98543417366957,66.47368421052639,381.72381193124363,209.7635416666667,38.57762413576368,2.234166666666668,5.763088803088803
441.6061463414635,431.3114285714286,67.7380263157895,81.60718194254441,30.651589061345135,2.514784946236559,2.697103658536585
116.48950480413917,30.314980694980726,377.3779748706579,195.0090476190476,38.51631944444445,0.787142857142858,4.6927601809954735
451.90590277777784,439.41628551628565,-110.9264285714286,80.6445021645021,224.37347826086955,7.429729729729729,5.4723294723294735
466.1847368421053,441.62187500000005,73.63499245852191,135.44715447154476,57.766731016731015,2.556153846153846,2.7515151515151515
284.2010975609754,290.5329612220916,23.944402277039757,81.33780487804877,190.12942942942936,4.1406432748538,8.911433756805806
496.67398989899004,492.09692982456147,49.2187306501548,79.8568067226891,68.77176470588236,2.8351470588235297,2.1978571428571403
495.2264705882351,515.5323529411762,-41.70156472261747,67.70099667774085,59.31275337837837,2.516117216117215,2.024705882352942
344.21214285714285,286.9309523809525,151.51330645161292,62.313839285714295,52.644778869778875,2.6717261904761926,1.4653453453453453
599.8639008620689,560.427442827443,2.5769607843136626,99.22971124620055,73.88552631578943,3.7781733746130053,-3.4107142857142896
682.5572115384614,671.3805555555557,14.117948717948718,137.3009243697479,47.30935672514619,2.8074999999999997,1.2347193347193386
46.62157190635473,26.77222222222222,395.6169444444445,237.0477777777779,34.32571428571431,4.213726602382302,5.521911922663801
633.9535087719297,611.710897994769,59.28134394341291,78.35151515151513,16.395244565217396,3.100762300762301,2.0720760233918134
165.0292929292929,85.42215909090903,105.90219780219783,181.11401808785538,153.4189753320683,5.323345588235293,8.065517241379311
256.92670454545464,192.6578703703704,243.2583333333333,184.77352941176466,39.72022667829117,4.804970760233915,5.749786324786324
638.0719512195124,541.4902960526317,107.0559941520468,117.01116816431323,60.799906191369594,3.6494802494802503,1.0507331378299143
146.36571428571432,141.99010989010986,291.98818181818183,147.97741935483873,58.85277777777778,0.8350532350532346,0.9306432748538027
548.0196078431374,554.1543749999998,121.32192082111435,107.33607142857146,66.5404761904762,3.4658645276292326,2.843758865248226
421.04675324675327,383.14259868421027,175.74117647058816,111.91309523809525,60.214166666666664,2.787121212121211,3.0270270270270276
387.73532695374814,402.6718438538206,84.57545454545453,129.9578947368421,49.42745376955903,2.140545808966862,1.8057142857142863
472.0335561497325,523.420548712206,57.27178571428573,67.38285714285715,68.84534883720929,2.1438457175269434,1.5004004004004008
787.7749999999999,706.5922874093606,25.013888888888786,75.35619047619052,103.54319923371645,4.151461988304093,3.224999999999999
445.0262458471763,391.19812499999983,163.21029411764704,116.24469696969695,48.560576923076916,2.495454545454545,3.8918918918918926
48.81636029411766,-1.0088888888888619,434.1891891891893,147.52200447928325,31.454999999999984,3.5040540540540546,3.341666666666666
596.7976327116213,515.7282639885221,58.09809523809516,137.00582047685833,76.9443649373882,4.876344086021504,1.0724999999999993
68.41650641025647,23.447314578005123,236.35760683760685,214.22941176470593,32.05675675675677,2.6515789473684217,5.435294117647056
216.81427015250543,152.37539473684217,259.9655555555556,129.94286608260325,40.03318681318682,1.7470643939393937,3.770657894736842
55.233333333333306,25.710599078341012,447.6499999999997,195.00349761526238,43.34733231707319,4.020580645161291,1.6449999999999987
292.4350543478259,288.56432225063935,-97.09302325581382,34.91874999999998,149.6638095238095,4.018853695324284,4.763214285714287
329.5096153846156,299.48398656215005,198.92542735042747,170.18826219512192,57.81844499586434,2.7775747508305653,3.3117857142857132
375.35555555555555,390.283611111111,82.13793103448275,60.793073593073686,204.98690476190464,7.1304761904761875,6.3227272727272705
51.204914529914525,21.27315010570816,224.06313131313138,234.5604734576758,159.53971291866029,14.023648648648651,26.04571428571429
632.5277310924369,539.2885556915546,-63.22325581395336,87.30042016806719,50.173491655969194,1.7196691176470598,5.890031897926633
773.8257575757576,726.37030411449,-39.67262443438919,110.84054054054056,57.536890243902434,3.340278745644601,8.392567567567571
414.4530825496344,445.2654043645699,5.719444444444445,95.17948717948718,195.54699248120306,6.837210756722952,4.807894736842105
354.7010135135135,289.7393548387097,69.48142981691365,145.31169212690946,60.67937499999999,6.242572062084255,2.0443079443079446
522.1658914728685,485.9320945945946,71.38183568677792,57.38056451612903,73.7441176470588,2.0590544871794876,2.2289813486370154
514.2457002457003,475.69097744360903,24.079073614557487,77.07000000000006,57.85015151515149,3.69421052631579,2.348749999999999
637.5544721407623,576.3888888888889,-46.23749999999997,99.2879411764706,47.075798319327696,2.3579487179487177,2.896117216117215
479.84047619047635,432.37222222222215,51.94416666666667,64.22984496124036,61.01999999999998,0.163333333333326,2.395864262990454
237.6251633986928,221.5171568627453,78.88564593301442,98.7981318681318,37.97870813397128,2.4076576576576576,3.019129782445612
767.9911764705882,709.7650292397661,59.60811965811975,83.83925675675675,35.82360902255638,1.4076923076923067,3.1162698412698413
496.74607165304866,474.5817740817741,66.68811802232857,80.99392857142857,27.45641025641025,1.8987042682926831,3.886414565826332
639.3176900584793,531.0305668016194,67.96666666666667,125.52738336714,82.872487160675,2.5214509068167614,3.1
384.42529411764696,356.6057142857143,-8.6827833572452,89.21403508771931,206.5741935483871,7.123888888888889,4.466563706563707
508.3054054054052,508.79287054409,46.72156862745089,104.39988385598143,61.404301075268805,2.4034090909090904,2.430303030303028
159.5733333333335,115.68261413383364,365.0034171502255,138.09624999999997,65.01933333333332,1.7740196078431376,4.262736842105264
834.4774750830562,794.6200732600732,22.648667044810026,122.38747899159665,32.20791855203619,3.209363525091799,7.530075187969928
546.5030323005935,489.3306086956523,84.79848484848468,90.75638528138528,49.45189393939395,3.3187551187551185,3.6981762917933145
356.45279503105587,335.89999999999986,183.19545454545454,164.2305361305361,37.52481203007519,3.153160919540231,1.789835164835163
76.57513368983962,34.76360294117637,418.09411764705885,165.0581196581197,32.496129032258054,3.0179487179487183,6.154545454545456
47.93207990599295,20.601318681318602,395.9444444444444,183.0778571428571,28.89444444444443,2.6953568953568956,4.748566142460687
345.6370833333332,347.6996904024768,146.30954106280183,158.75677655677657,65.36073260073258,4.594178628389157,4.365277777777777
454.29042471042453,447.20322822822806,39.0916666666667,121.74469696969705,65.46711309523809,2.102490421455938,1.1775252525252529
494.96393617021255,443.50858585858555,53.85128205128201,76.43052884615385,47.805435540069645,2.6407181571815714,1.2780952380952395
537.553500522466,521.2477777777774,49.15512987012985,85.53812030075187,52.060977443609055,5.454566080544525,1.8110465116279082
488.6586748038362,474.48205882352954,10.761025641025643,75.47364864864862,171.84054054054053,7.334054054054055,7.995004095004093
459.4361904761904,433.00966569767434,-1.073798627002307,54.92525337837836,203.6182076813656,6.983591331269351,3.1977678571428583
81.3179487179486,49.37188940092168,434.76293436293446,195.1381154499151,42.54906832298138,2.574410163339383,12.843862612612611
480.3170731707319,486.35499999999985,30.127467001885627,82.25717948717949,62.488084464555065,3.3702431289640593,2.0287063953488365
524.0597435897434,488.8439130434785,65.78958470665788,73.94999999999999,71.3486274509804,1.8519186046511642,1.364285714285716
147.3056410256409,168.56821386604003,420.13639751552796,145.02301587301588,52.84865591397849,1.8538461538461541,3.4990977443609035
24.509803921568658,-1.5285714285714604,403.78367208672086,171.5861904761905,41.56146953405019,1.5053977272727275,4.036264441591784
85.0982683982684,14.046875000000142,391.43994601889347,211.5616366366367,47.537373737373734,1.3310714285714285,3.8566366366366354
279.2622994652405,299.35483870967744,4.26422764227644,93.70139534883711,179.4107142857143,6.39436090225564,6.379999999999999
90.0835087719299,27.450625000000002,263.59333333333336,217.04389400921653,43.33611111111113,6.770814479638011,2.5532224532224497
848.5789682539681,798.6239288068556,46.27034722222223,135.00618421052633,59.32393509127787,2.0452034883720938,4.602364066193853
242.0601503759399,160.29642857142855,250.38057040998214,141.23349146110058,56.63774086378738,4.494971715901951,3.6079761904761893
20.151495726495675,4.879768339768507,388.3113725490196,176.92424242424244,41.18506944444444,0.90741935483871,3.4815540540540546
59.32585227272735,36.66052631578955,388.05658914728673,208.83677032187666,42.871810344827594,4.387624209575428,7.720303605313094
837.0487804878046,689.6403474903475,-13.964761904761875,100.1574497574498,52.65755813953487,2.967307692307693,3.534821428571431
644.9564189189191,576.7815340909092,63.60865907966361,97.12048780487802,76.45335658238885,2.329273504273502,2.092500000000001
308.81641025641005,285.65142857142854,249.26051282051293,110.51019305019307,84.29037037037037,2.766666666666666,1.602857142857143
48.67994652406418,24.838571428571406,446.490374331551,189.00119825708066,58.33157894736843,2.673601398601398,6.2869918699186975
433.94123076923074,414.31220779220786,103.48620199146515,92.6990586932447,50.98701298701298,2.4853989813242783,3.268092105263157
214.69225225225216,131.45277777777807,162.93390977443622,102.51691729323308,59.833333333333336,2.0558974358974362,0.4719251336898376
68.14715447154474,20.23331395348841,437.5898004434588,226.12484848484843,45.0125,1.8624242424242434,5.17441176470588
92.97103896103896,22.477884615384614,433.30945512820506,243.29410456062288,56.97755255255255,5.07845786963434,5.830443974630021
323.3095454545455,328.4982065997135,67.26537931034484,42.28436532507739,151.31052631578953,5.388160676532772,4.382175925925928
504.8635810810812,515.4870967741936,53.945714285714274,116.59965277777778,39.0292661361627,4.735187969924809,1.4127608825283242
309.7583333333333,278.6972222222221,118.50098214285717,166.46010452961673,29.47033831628641,1.5531531531531524,2.9423015873015856
453.83071253071273,502.9830431979368,-31.770270270270338,126.45945663531874,66.05454545454543,1.0466778805719092,4.138345864661652
32.18163398692812,10.532442067736001,213.63611111111123,174.41023809523801,105.56869369369363,6.546778711484592,12.135130718954247
72.4086734693878,37.37999999999998,324.9946120689656,171.84535005224663,46.76041666666665,1.2916666666666679,5.4241776315789485
445.9816239316239,445.3502710027101,43.05902777777776,83.58821428571423,82.1385560675883,4.9868454661558115,1.8513767209011263
321.9574137931035,268.35925039872393,86.07435897435897,59.01548387096781,79.47683397683399,3.199202551834131,4.199197860962569
477.31406025824975,440.95624999999984,64.58666666666662,74.8081447963801,48.82896341463415,2.9272875816993453,2.3510493477027774
363.2218750000002,342.78277777777777,80.79332659251764,137.91662162162163,51.70356536502547,2.426829268292682,2.181250000000001
607.7258064516129,545.6434634974535,50.54137096774194,125.10085082246171,77.6864912280702,0.03989898989898988,7.036175710594314
463.4870967741936,492.68593984962416,26.10216748768473,89.85235042735047,159.84276261373034,5.797741644083105,5.308050089445437
285.14986486486504,287.8855661881978,169.49999999999994,70.0544186046512,66.6179054054054,2.3534632034632033,2.74919786096257
102.88944099378885,19.880147058823532,321.6283974358975,225.75464895635673,-7.627667140825089,4.388839285714285,3.842880523731587
95.55523809523805,44.29146341463417,156.63164139749497,173.09264705882356,106.79650349650353,11.303988603988604,25.46472222222221
48.076554621849034,15.49743589743589,136.8999418604652,197.65913419913426,165.34838709677425,7.704088704088703,17.747619047619047
350.3345173745174,305.9348735832607,52.777196969697,83.14971988795516,56.818225918225934,1.3795833333333325,2.5509157509157494
160.10571428571427,195.4314285714286,193.93988269794716,166.52045454545458,49.68034055727552,2.6328455284552854,5.577150192554556
45.12120743034055,16.358558558558563,404.90000000000003,175.89173387096778,35.36969696969695,1.86025641025641,3.847705802968961
236.11630340017442,207.96442687747037,197.99102990033228,147.77705882352942,62.56713286713277,1.9997402597402574,4.248658318425759
384.50438596491233,386.9553030303029,22.55032092426188,35.078125,198.89260651629067,6.856541019955653,4.245042016806723
290.1079699248119,245.69763546798038,149.8272297297297,51.58135135135136,43.892092092092085,0.9981324278438028,3.1532163742690056
458.64742647058836,429.60460317460326,132.0758547008547,112.56395534290269,15.724255024255037,3.454261363636365,3.122625482625482
145.22982954545455,66.9284210526315,436.7477906976744,207.97853535353534,48.56901725431354,3.9813953488372102,3.5469264069264064
440.49783783783784,445.32485966319143,7.045543478260975,77.79782282282282,183.38847795163588,9.79133986928105,4.070036764705884
102.94539682539687,53.27636363636367,370.7011111111112,227.53630268199234,32.9,3.9632601351351346,4.280541053630755
331.6753623188403,339.69522888459056,167.05413919413922,134.61483516483509,49.6319105691057,2.9684012066365018,2.3589572192513364
632.3960402262725,598.5712121212119,62.54695945945945,104.19262195121956,61.40733137829911,2.566842452208306,2.502789886660855
44.656597222222295,5.467365967366069,198.09603174603185,199.6970588235295,148.9945614035088,12.478846153846156,24.597209302325584
350.7015151515152,350.27488372093035,-11.11622119815673,58.37837837837834,111.06622807017544,5.9637465051258145,4.079670329670326
590.2850427350427,516.0906693711968,69.64852817493698,96.85999999999996,65.65793650793653,2.6246246246246248,4.575714285714286
546.3199999999999,552.4124999999997,50.43054054054054,81.61666666666666,85.24509803921568,2.0507518796992485,1.9517973856209143
569.2096031746029,522.6049535603714,17.246153846153867,88.25512820512816,70.52913165266108,2.4032840722495914,5.511607142857143
98.78000000000002,72.91258169934633,305.84000000000015,301.49537878787874,31.560015898251216,3.03388888888889,3.8789189189189175
188.29714285714286,179.33378787878814,235.96550116550105,112.76249999999999,127.44722222222217,6.603267973856209,8.593076923076922
98.87887931034483,36.02662337662332,373.40598455598456,176.53725868725863,47.24630642954856,0.9941176470588238,8.2
159.55877192982456,66.94981640146871,316.46071428571423,210.63769841269843,35.41172161172158,4.878947368421053,5.066574074074072
562.9336970474968,535.9242378048779,138.68712121212104,86.42944444444448,61.798684210526304,1.6716034271725815,1.6814102564102564
571.2137149672031,561.8221212121211,-3.0202651515151757,163.9035426731079,50.061656891495595,4.759800664451826,3.606244175209692
548.9912280701756,542.4761111111109,-57.54723502304152,56.53257080610024,54.68840125391848,3.2360446570972883,3.642334494773519
492.43869969040253,511.9021276595744,109.74428571428575,76.10236453201965,67.7941176470588,2.048221614227087,1.8389189189189195
66.81330049261075,30.730833333333347,369.54987714987715,176.25405982905977,41.83089285714287,2.319813519813519,5.515447154471545
490.62900432900454,480.62296650717684,-25.138827838827837,69.06001344086022,33.66846284741915,1.1847006651884706,3.231111111111112
451.2726623376625,388.24940587867405,93.7635581061693,88.08981762917932,59.940800865800846,3.5354449472096516,2.2446756425948586
72.40910714285712,1.2547619047618674,488.8597523219816,155.62074592074597,-6.343444444444415,3.4978397212543553,7.778823529411768
