SSC,Malic,Citric,Glutamic,Fructose,Glucose
4.449999809265137,1.790328860282898,8.36797046661377,0.9340599775314331,15.67437744140625,12.690210342407227
9.149863243103027,1.6926833391189575,10.934192657470703,2.0195958614349365,38.29662322998047,38.629417419433594
4.300000190734863,0.712119996547699,3.749769926071167,1.3148466348648071,7.722959995269775,9.031311988830566
5.300000190734863,1.5362131595611572,3.887986898422241,1.94048273563385,19.091398239135742,16.44124984741211
5.150000095367432,1.310446858406067,6.000923156738281,2.557460069656372,18.284517288208008,16.41206169128418
4.800000190734863,0.8184199929237366,7.58736515045166,0.2773340344429016,17.6546630859375,13.61148452758789
4.5,1.3435331583023071,5.094178199768066,1.6816500425338745,11.193675994873047,10.723919868469238
4.550000190734863,0.925004243850708,5.7369608879089355,1.9043277502059937,13.473673820495605,11.839113235473633
4.349999904632568,1.5489424467086792,4.967030048370361,2.4515480995178223,12.458596229553223,11.055922508239746
4.900000095367432,0.9484599828720093,4.093879222869873,2.249701738357544,18.402992248535156,16.499637603759766
3.9000000953674316,2.0310938358306885,5.030603885650635,2.699777364730835,10.00139045715332,9.095534324645996
4.900000095367432,2.4191102981567383,4.8282670974731445,1.8811049461364746,14.141434669494629,12.721330642700195
5.300000190734863,1.3077013492584229,4.359306812286377,1.9600012302398682,16.759754180908203,15.70464038848877
4.400000095367432,1.8015432357788086,3.9694087505340576,0.9580284953117371,11.058894157409668,10.207329750061035
4.199999809265137,0.7628477215766907,3.0926899909973145,0.9941985011100769,15.426483154296875,15.065993309020996
4.900000095367432,1.6288379430770874,5.019489765167236,2.782592535018921,19.091398239135742,17.165191650390625
4.5,1.3435331583023071,2.7009880542755127,0.5278111696243286,15.948810577392578,14.568096160888672
5.900000095367432,1.496911644935608,4.994579792022705,1.6186000108718872,22.013317108154297,21.20420265197754
4.699999809265137,2.6769628524780273,8.078753471374512,2.4494900703430176,16.715579986572266,14.885056495666504
5.199999809265137,1.1633402109146118,5.510677814483643,1.8502689599990845,14.195435523986816,13.631817817687988
3.9000000953674316,2.210986614227295,4.693833351135254,1.8428239822387695,11.679200172424316,11.380431175231934
4.900000095367432,1.6409821510314941,6.603702545166016,1.1124496459960938,18.347625732421875,15.910776138305664
5.599999904632568,2.187913179397583,5.309231281280518,2.4426419734954834,22.274078369140625,21.110332489013672
5.300000190734863,0.8486834168434143,3.784759044647217,1.4710700511932373,14.417641639709473,15.166969299316406
4.199999809265137,1.069873571395874,6.242148399353027,1.2647250890731812,15.124070167541504,12.4481201171875
3.5,0.869949996471405,3.81962513923645,0.9194599986076355,9.894240379333496,8.281129837036133
5.5,1.4109547138214111,10.871095657348633,1.7866958379745483,18.793853759765625,15.755276679992676
5.300000190734863,1.2870696783065796,9.484493255615234,2.4494900703430176,20.09765625,16.481290817260742
5.0,0.5566099882125854,3.5424487590789795,1.6644799709320068,14.873273849487305,13.667068481445312
6.0,1.3026918172836304,4.310939788818359,0.8425868153572083,22.5324764251709,22.107316970825195
4.699999809265137,1.108152151107788,5.195674419403076,1.6236896514892578,11.218046188354492,11.270636558532715
4.550000190734863,1.072440505027771,4.161814212799072,1.7849595546722412,17.085206985473633,15.808255195617676
5.400000095367432,0.9136099815368652,3.9710545539855957,1.683750033378601,18.644683837890625,17.298128128051758
6.0,1.0792125463485718,5.441050052642822,0.978190004825592,22.416259765625,21.667314529418945
4.249705791473389,1.7815041542053223,5.990542411804199,1.3239099979400635,20.37570571899414,18.77158546447754
5.149757385253906,1.397089958190918,7.830022811889648,2.4494900703430176,17.884553909301758,15.315290451049805
5.0,0.7298799753189087,4.472400188446045,1.9843294620513916,12.641109466552734,12.63107967376709
3.949683427810669,1.2408422231674194,4.359306812286377,2.7656123638153076,13.628669738769531,12.401762008666992
4.1988091468811035,1.1800216436386108,2.722555160522461,0.5992500185966492,14.795397758483887,13.47974681854248
4.75,1.088860034942627,3.4207398891448975,0.6400526165962219,15.539897918701172,15.065993309020996
5.699999809265137,1.4653217792510986,7.991123199462891,1.2552868127822876,17.863271713256836,16.898605346679688
4.5,0.8045799732208252,3.8603100776672363,1.4260231256484985,14.733818054199219,13.238921165466309
3.4496376514434814,1.518202543258667,3.2820427417755127,2.8812742233276367,9.957340240478516,10.005419731140137
5.599999904632568,1.007411003112793,6.979438781738281,1.179800033569336,20.24405860900879,18.731454849243164
4.0,0.9343199729919434,3.3377692699432373,1.7489749193191528,9.783419609069824,7.708131313323975
4.599999904632568,2.7860982418060303,4.900972366333008,1.5990911722183228,15.13819694519043,14.452799797058105
5.149757385253906,0.8342199921607971,5.9396586418151855,1.8502689599990845,15.387566566467285,14.031156539916992
3.75,0.9915000200271606,2.8315300941467285,1.3155763149261475,12.477575302124023,11.574170112609863
5.800000190734863,1.0624499320983887,4.6196746826171875,1.8947170972824097,18.284337997436523,17.847537994384766
4.900000095367432,0.838450014591217,5.2234601974487305,0.7925673723220825,13.852178573608398,12.818550109863281
4.300000190734863,1.5267837047576904,5.031427383422852,0.743567705154419,16.052188873291016,13.107392311096191
3.849675416946411,1.357248067855835,3.9710545539855957,2.1842551231384277,15.364200592041016,14.682319641113281
4.800000190734863,0.9051200151443481,4.707979202270508,2.4323062896728516,11.213568687438965,10.83829402923584
4.650000095367432,1.3608075380325317,2.8453099727630615,0.5307295918464661,16.917993545532227,15.799420356750488
5.400000095367432,0.8246533870697021,4.083169937133789,1.7505300045013428,19.050743103027344,17.439308166503906
4.300000190734863,2.4237020015716553,4.992179870605469,1.526322364807129,11.222451210021973,10.705474853515625
5.349999904632568,1.4435062408447266,7.596631050109863,1.2787452936172485,17.805145263671875,16.236082077026367
4.199999809265137,0.9681299924850464,2.9107863903045654,0.9533352851867676,12.828980445861816,12.097749710083008
5.300000190734863,0.7872300148010254,5.4375529289245605,0.6224372982978821,13.468762397766113,14.325886726379395
4.1988091468811035,0.8799600005149841,3.3956298828125,1.2850161790847778,8.928210258483887,9.938654899597168
4.699999809265137,1.1259043216705322,3.6613283157348633,1.742110013961792,18.075458526611328,16.417850494384766
4.900000095367432,1.1509900093078613,4.208434104919434,1.6831027269363403,14.195435523986816,13.448782920837402
4.849999904632568,0.892143189907074,4.485599994659424,0.904148519039154,13.230600357055664,13.179758071899414
5.0,1.1845324039459229,7.932742595672607,0.8386200070381165,17.904634475708008,15.217700004577637
4.54972505569458,0.6838200092315674,2.6889700889587402,1.055473804473877,10.128219604492188,11.102673530578613
4.599999904632568,1.1276564598083496,3.7697041034698486,1.8854823112487793,16.052188873291016,14.035367965698242
4.050000190734863,1.0233690738677979,3.9742190837860107,1.770258903503418,10.329627990722656,9.799090385437012
5.300000190734863,1.1044784784317017,4.640542030334473,1.9511300325393677,16.692028045654297,15.755276679992676
4.0,1.1044784784317017,2.863863229751587,0.7953678965568542,14.090032577514648,12.983001708984375
4.54972505569458,1.6395083665847778,2.4932501316070557,0.45642775297164917,16.435760498046875,14.087778091430664
3.9000000953674316,2.3628041744232178,4.877001762390137,1.7710139751434326,10.345606803894043,9.751921653747559
4.199999809265137,2.554070472717285,6.176314353942871,1.7710139751434326,12.103166580200195,11.079732894897461
4.900000095367432,1.8266360759735107,8.735774040222168,2.1277852058410645,14.84199047088623,12.306047439575195
4.599999904632568,1.0643492937088013,2.2160398960113525,0.5835617780685425,14.846128463745117,15.263614654541016
5.5,1.1636409759521484,4.87937068939209,1.3368024826049805,18.70331573486328,18.23295021057129
5.599999904632568,1.2685370445251465,5.3371100425720215,0.6075909733772278,22.79986572265625,21.667314529418945
4.400000095367432,0.800820529460907,4.592658996582031,1.864283561706543,13.305604934692383,12.463459968566895
4.5,0.6395900249481201,4.176949977874756,1.9468239545822144,12.82645034790039,11.88667106628418
4.0,1.3271280527114868,4.968690395355225,2.142685651779175,10.98682975769043,9.887349128723145
5.5,2.046086072921753,5.2836785316467285,1.998665690422058,16.708568572998047,15.644960403442383
6.099999904632568,1.1687729358673096,5.510677814483643,1.9373654127120972,20.203588485717773,19.738056182861328
5.400000095367432,0.7701602578163147,4.15339994430542,1.4418599605560303,12.229533195495605,14.576605796813965
4.900000095367432,0.8051300048828125,4.174409866333008,1.6052299737930298,11.876270294189453,12.81766128540039
4.699999809265137,1.0562374591827393,7.58736515045166,1.7330199480056763,16.593849182128906,13.9215087890625
5.199999809265137,1.5948177576065063,6.979438781738281,1.429784893989563,15.199689865112305,13.682522773742676
4.800000190734863,1.1310368776321411,9.07900333404541,0.7925673723220825,16.09984588623047,12.277130126953125
5.349999904632568,0.8949800133705139,9.07900333404541,0.3225104510784149,18.110713958740234,14.7926025390625
4.800000190734863,0.6498299837112427,4.485599994659424,1.6089054346084595,10.646388053894043,11.579432487487793
4.449718952178955,0.9328100085258484,3.977985143661499,2.2086756229400635,14.995409965515137,13.062812805175781
6.6498122215271,1.1550370454788208,3.836979866027832,1.942432165145874,21.956317901611328,22.292146682739258
5.300000190734863,0.7099300026893616,4.283841133117676,2.346935510635376,15.476743698120117,14.47716999053955
4.099999904632568,1.1033028364181519,4.931910037994385,0.7953678965568542,14.487764358520508,12.091939926147461
3.646916389465332,1.1633402109146118,3.5120365619659424,1.1435199975967407,12.746580123901367,11.64011001586914
4.300000190734863,0.5931599736213684,3.1841800212860107,1.14616060256958,7.33994722366333,7.708131313323975
4.599999904632568,0.7432500123977661,3.6657493114471436,1.37973153591156,14.244375228881836,13.046469688415527
4.699999809265137,0.9282000064849854,5.094178199768066,0.8900622725486755,15.318957328796387,13.42782974243164
4.900000095367432,2.430356502532959,2.9259400367736816,0.8395510911941528,16.655534744262695,15.970220565795898
3.5999999046325684,0.9273399710655212,3.749769926071167,0.6171818971633911,12.24878978729248,9.45214557647705
4.300000190734863,1.350368618965149,7.63107967376709,0.6541522741317749,16.59507942199707,12.734105110168457
5.599999904632568,1.225455641746521,4.8429765701293945,2.496299982070923,19.852598190307617,18.335813522338867
4.900000095367432,1.400050163269043,6.788368225097656,1.5091500282287598,18.336849212646484,16.22522735595703
4.449999809265137,1.6498994827270508,7.932742595672607,0.6115549206733704,13.179189682006836,10.646430015563965
3.947150945663452,0.8463900089263916,3.323080062866211,1.647089958190918,12.828980445861816,11.859620094299316
4.849742412567139,1.0479400157928467,5.892602443695068,2.9155452251434326,16.59507942199707,14.037683486938477
5.0,1.0009660720825195,5.1231513023376465,0.8353462815284729,15.292952537536621,14.452799797058105
5.199999809265137,1.1922059059143066,9.761981010437012,0.6171818971633911,19.172828674316406,15.315290451049805
4.150000095367432,2.2070422172546387,5.544579982757568,2.003086566925049,11.263580322265625,10.220169067382812
5.599999904632568,1.4922064542770386,9.07900333404541,2.0530483722686768,22.5324764251709,19.968631744384766
6.0,1.4568721055984497,4.983761310577393,0.701853334903717,22.154354095458984,21.435211181640625
5.5,0.8246533870697021,6.0584893226623535,0.4237014651298523,16.137001037597656,15.119647979736328
6.0,0.9827048778533936,6.465747833251953,2.446320056915283,20.30881118774414,18.674049377441406
5.0,1.3069852590560913,4.718221187591553,1.998665690422058,13.027722358703613,12.547109603881836
7.533623499028823,2.3046939373016357,6.49868631362915,2.550325393676758,38.17370030459236,37.162534685695874
5.099999904632568,0.7632200121879578,4.927598476409912,1.8428239822387695,12.594132423400879,12.881660461425781
4.900000095367432,0.8306000232696533,4.485599994659424,3.5223917961120605,14.876358032226562,12.616055488586426
6.0,1.2870696783065796,3.039199113845825,0.7368789911270142,19.0670108795166,20.503551483154297
5.199999809265137,0.7286400198936462,4.342315196990967,1.656849980354309,15.050570487976074,14.751540184020996
6.300000190734863,1.5948177576065063,8.651820182800293,2.7612602710723877,24.231706619262695,22.107316970825195
4.599999904632568,0.6163899898529053,5.284332275390625,0.8654094338417053,21.230438232421875,18.25990104675293
4.300000190734863,0.5931599736213684,3.0350100994110107,1.1911866664886475,8.536569595336914,9.171469688415527
5.099999904632568,1.4574778079986572,9.484493255615234,1.6816500425338745,15.08653736114502,11.772899627685547
4.5,0.9323434829711914,3.039199113845825,1.2870662212371826,11.319042205810547,11.574170112609863
5.799138069152832,1.1044411659240723,4.718221187591553,2.0254626274108887,16.7467098236084,16.72585105895996
4.449999809265137,2.430356502532959,5.6715006828308105,0.9201725125312805,14.884847640991211,12.985798835754395
4.099999904632568,1.003644585609436,5.136711597442627,2.2681243419647217,10.329627990722656,8.539223670959473
4.5,0.8131800293922424,3.172269105911255,0.5835617780685425,13.179189682006836,12.980034828186035
6.0,1.4999324083328247,11.49879264831543,1.5161999464035034,18.376008987426758,16.481290817260742
5.599999904632568,1.5595606565475464,4.960531234741211,2.4323062896728516,20.80466651916504,19.283889770507812
4.34971284866333,0.9837700128555298,4.246809482574463,1.340250015258789,12.832184791564941,12.3428955078125
4.300000190734863,0.913640022277832,3.089404821395874,0.7143757939338684,14.204449653625488,13.838318824768066
4.699999809265137,1.1605499982833862,3.0688247680664062,1.2983707189559937,12.103166580200195,11.839299201965332
5.199999809265137,1.5362131595611572,6.867273807525635,1.851097583770752,17.946054458618164,16.158430099487305
4.099999904632568,1.7231000661849976,5.195674419403076,1.2480382919311523,12.217294692993164,10.83829402923584
3.9000000953674316,0.9399300217628479,4.172150135040283,1.337975263595581,9.120912551879883,8.234465599060059
4.199999809265137,0.8949800133705139,2.5272631645202637,0.8591509461402893,10.699760437011719,11.059344291687012
4.049691200256348,0.8882799744606018,3.234529972076416,0.9447655081748962,8.861510276794434,9.171469688415527
4.0,0.9003829956054688,4.193349838256836,2.496299982070923,10.560819625854492,10.104379653930664
5.099999904632568,0.886508047580719,4.727869987487793,1.9631779193878174,16.83749008178711,15.719377517700195
3.5999999046325684,1.3271280527114868,3.4207398891448975,2.486790418624878,11.244033813476562,10.288185119628906
4.400000095367432,2.401641845703125,3.8879547119140625,2.55853271484375,14.884847640991211,13.732637405395508
3.950000047683716,1.8266360759735107,3.903559923171997,1.867300033569336,12.41282844543457,10.819672584533691
5.5,3.886453628540039,4.99643611907959,2.162583112716675,20.30881118774414,21.65571403503418
5.349999904632568,1.2517428398132324,4.607665538787842,3.249892234802246,19.6536922454834,17.661701202392578
6.0,1.33344304561615,5.479219913482666,2.162583112716675,23.88710594177246,22.107316970825195
4.099999904632568,1.8588241338729858,4.80109167098999,2.6526148319244385,15.278630256652832,13.898900032043457
4.150000095367432,2.701080322265625,4.004949569702148,0.8903800249099731,9.894240379333496,9.353750228881836
2.9495761394500732,0.6077100038528442,2.378340005874634,1.7390382289886475,8.797060012817383,7.596179962158203
4.34971284866333,1.0455094575881958,9.326850891113281,0.6076668500900269,18.52471923828125,12.81872272491455
5.800000190734863,1.6820977926254272,6.754599094390869,2.6950199604034424,18.651790618896484,17.215639114379883
4.650000095367432,0.8351699709892273,4.80109167098999,2.7656123638153076,12.490386009216309,11.490340232849121
5.5,0.6570000052452087,4.1052398681640625,1.657039999961853,18.032901763916016,16.89650535583496
4.599999904632568,0.6143199801445007,3.720319986343384,1.5741767883300781,13.852178573608398,12.820279121398926
3.5999999046325684,1.3270158767700195,2.863863229751587,0.5763989686965942,9.786238670349121,8.691596031188965
6.3498029708862305,1.0164244174957275,6.3257832527160645,0.9822206497192383,20.24405860900879,21.49277687072754
4.900000095367432,1.0330758094787598,4.044656276702881,0.8384361863136292,14.873273849487305,14.682319641113281
5.5,2.3560986518859863,5.647970676422119,1.2231414318084717,18.284517288208008,16.895658493041992
3.6500000953674316,1.2110936641693115,4.193349838256836,1.5134596824645996,9.408220291137695,8.800880432128906
3.9000000953674316,1.0636663436889648,6.3714728355407715,0.5365760326385498,13.268714904785156,9.353750228881836
4.049691200256348,1.371860384941101,4.5311784744262695,3.0789265632629395,12.603874206542969,10.847171783447266
5.050000190734863,0.6414499878883362,3.7697041034698486,0.9049898982048035,9.957340240478516,12.004560470581055
4.400000095367432,2.5489165782928467,5.214088439941406,2.19527006149292,11.244033813476562,10.770620346069336
3.5,0.8797399997711182,4.3125081062316895,0.8132813572883606,9.944849967956543,7.210147380828857
6.099999904632568,0.9650917649269104,7.040518283843994,1.8643903732299805,17.20492935180664,17.613059997558594
3.799999952316284,0.5467299818992615,3.172269105911255,1.94048273563385,13.858110427856445,12.980034828186035
4.800000190734863,1.5489424467086792,3.2205021381378174,1.0964192152023315,15.476743698120117,12.599527359008789
4.400000095367432,0.8158699870109558,3.1841800212860107,1.3741071224212646,10.163540840148926,10.386148452758789
4.699999809265137,2.6769628524780273,4.693634033203125,1.7209861278533936,14.661412239074707,13.092382431030273
4.650000095367432,2.8671586513519287,4.123795509338379,1.4033071994781494,13.803133964538574,12.535481452941895
5.300000190734863,1.2408422231674194,4.315320014953613,3.876415491104126,17.649097442626953,14.905771255493164
5.900000095367432,1.5421711206436157,4.875794887542725,2.9341843128204346,21.9681396484375,20.035816192626953
4.5,1.0152608156204224,4.877001762390137,1.855417251586914,10.00139045715332,9.751921653747559
4.699999809265137,1.0533628463745117,4.378396034240723,0.8073749542236328,15.95833969116211,15.338348388671875
3.5,1.313878059387207,2.722555160522461,0.5431832671165466,10.499770164489746,8.281129837036133
4.900000095367432,0.6694300174713135,3.887986898422241,1.9135658740997314,11.679200172424316,11.73019027709961
4.0,0.6192399859428406,2.9088399410247803,1.4719699621200562,9.547880172729492,9.483489990234375
4.900000095367432,1.088860034942627,4.556075096130371,2.306091070175171,19.6536922454834,17.890321731567383
4.298837184906006,0.813319981098175,4.176949977874756,1.6254056692123413,13.945512771606445,12.942719459533691
6.300000190734863,1.1266474723815918,7.6440300941467285,1.3534899950027466,22.35222625732422,21.81774139404297
5.5,1.4853194952011108,6.176314353942871,2.0299301147460938,21.20083236694336,18.9664363861084
4.699999809265137,1.2792332172393799,3.0688247680664062,1.2258796691894531,18.032901763916016,16.405973434448242
5.599999904632568,1.4109547138214111,8.05948257446289,1.8428239822387695,16.700590133666992,15.808255195617676
5.849786281585693,2.210986614227295,5.0976738929748535,1.6142170429229736,19.644596099853516,18.38356590270996
4.249705791473389,0.9392200112342834,4.629700183868408,2.70635986328125,11.222451210021973,10.591059684753418
4.150000095367432,0.9827048778533936,4.151317119598389,1.9135926961898804,13.006492614746094,11.772899627685547
4.099999904632568,0.8202722668647766,4.418084144592285,0.4237014651298523,13.60350227355957,11.02334976196289
5.149757385253906,1.2467875480651855,4.3125081062316895,0.8334599137306213,18.965768814086914,18.058021545410156
6.3498029708862305,1.4114350080490112,7.00108003616333,1.184880018234253,23.88710594177246,22.88690757751465
4.050000190734863,1.3028146028518677,3.7965893745422363,1.6884814500808716,12.418919563293457,11.308122634887695
4.800000190734863,2.2747702598571777,8.925045013427734,1.0815800428390503,13.916735649108887,11.466520309448242
3.5,1.476575255393982,3.3140218257904053,2.0299301147460938,9.713189125061035,8.791749000549316
4.699999809265137,0.7723100185394287,3.3869314193725586,1.3155763149261475,12.907719612121582,12.713808059692383
4.900000095367432,1.7605754137039185,8.078753471374512,0.8510177731513977,19.713254928588867,16.513011932373047
4.199999809265137,1.0689146518707275,3.070478677749634,1.0371588468551636,14.090032577514648,12.983001708984375
4.0,0.8051300048828125,4.007300853729248,1.2940073013305664,15.342717170715332,14.169840812683105
4.099999904632568,0.4802600145339966,2.594339609146118,1.6644799709320068,8.088350296020508,8.281129837036133
4.400000095367432,2.0009846687316895,5.613121509552002,1.9693747758865356,13.945512771606445,12.4481201171875
4.650000095367432,1.4881511926651,6.182742595672607,1.6142170429229736,13.317480087280273,11.78314208984375
4.199999809265137,0.8303700089454651,4.342315196990967,0.5365358591079712,12.603874206542969,10.891395568847656
5.300000190734863,3.471846103668213,4.900972366333008,1.3033100366592407,16.09984588623047,15.739989280700684
4.049691200256348,1.0695513486862183,3.0926899909973145,0.8654094338417053,10.846710205078125,10.445446014404297
5.300000190734863,1.5267837047576904,4.466837406158447,2.2601799964904785,18.616661071777344,16.663633346557617
4.400000095367432,1.2116799354553223,3.7965893745422363,2.249701738357544,13.5047025680542,11.596120834350586
4.699999809265137,0.7723100185394287,3.7630999088287354,1.742110013961792,14.141434669494629,11.75163459777832
4.5,1.0233690738677979,2.984022855758667,0.8963099718093872,17.25021743774414,15.799420356750488
5.300000190734863,0.9125308990478516,7.851947784423828,0.4848029911518097,17.378326416015625,14.6895751953125
4.800000190734863,0.7827826738357544,3.761688232421875,1.0681654214859009,16.367774963378906,15.813733100891113
6.099999904632568,1.548341989517212,4.477409839630127,2.8842527866363525,21.956317901611328,19.533702850341797
4.900000095367432,1.7792326211929321,11.132155418395996,1.4710700511932373,18.60590171813965,14.74594783782959
4.800000190734863,1.1597660779953003,4.208434104919434,1.0309501886367798,13.99494743347168,13.732637405395508
5.5,1.7792326211929321,5.2234601974487305,1.708210825920105,22.03485107421875,20.774192810058594
4.099999904632568,1.9545009136199951,4.9285101890563965,1.7505300045013428,15.618000984191895,14.604440689086914
3.9000000953674316,0.70455002784729,2.9747538566589355,1.0371588468551636,14.164270401000977,13.657938003540039
6.849817752838135,1.2852208614349365,7.6440300941467285,3.5223917961120605,24.178489685058594,23.313926696777344
4.849999904632568,1.3026918172836304,3.6148858070373535,1.5561800003051758,15.01911735534668,13.616820335388184
3.949683427810669,0.6694300174713135,2.363931655883789,0.9291996359825134,7.977729797363281,7.596179962158203
4.900000095367432,0.7932699918746948,5.1231513023376465,0.7083591818809509,15.95833969116211,14.108535766601562
4.400000095367432,2.2252345085144043,6.016796112060547,0.8023533225059509,13.268714904785156,11.270636558532715
5.099999904632568,2.187913179397583,7.298485279083252,0.3630053400993347,21.30784034729004,18.795841217041016
5.599999904632568,1.193938970565796,10.934192657470703,0.45642775297164917,25.064985275268555,20.79046630859375
4.650000095367432,1.1276564598083496,5.089829921722412,1.8280621767044067,11.195039749145508,10.860250473022461
3.5999999046325684,0.7553499937057495,2.4932501316070557,1.1974035501480103,10.594980239868164,10.509513854980469
6.0,1.2925156354904175,6.267546653747559,0.7143757939338684,24.231706619262695,23.305587768554688
5.800000190734863,1.0043977499008179,4.418399810791016,1.5606930255889893,19.326364517211914,18.77158546447754
3.799999952316284,1.2199658155441284,5.510677814483643,1.1017667055130005,9.28808879852295,7.422241687774658
5.5,1.3406918048858643,4.705397129058838,0.4848029911518097,21.9675235748291,20.185976028442383
6.3498029708862305,1.310446858406067,6.603702545166016,1.8214553594589233,21.9681396484375,21.65571403503418
5.050000190734863,0.7173900008201599,3.749569892883301,1.960510015487671,12.04675006866455,11.88667106628418
5.099999904632568,1.4196748733520508,3.3404533863067627,1.203949213027954,16.69908332824707,15.644960403442383
4.900000095367432,2.310312509536743,3.5503199100494385,1.6142170429229736,15.08653736114502,12.81872272491455
5.400000095367432,1.254758358001709,9.745594024658203,1.2742999792099,21.58441734313965,18.278276443481445
4.5,1.5814785957336426,6.3714728355407715,3.628675699234009,20.93368148803711,18.38356590270996
3.5,1.305037021636963,3.93218994140625,2.475372076034546,10.753470420837402,10.285880088806152
5.349999904632568,1.189391016960144,9.626933097839355,0.703677773475647,20.682750701904297,17.335412979125977
4.949999809265137,2.4237020015716553,6.979438781738281,2.306091070175171,13.701769828796387,12.637328147888184
5.5,0.7922700047492981,4.714696407318115,1.817840337753296,18.582916259765625,17.35441017150879
5.5,1.3059238195419312,6.828030109405518,0.6076668500900269,20.87883758544922,18.731454849243164
3.849675416946411,0.7985000014305115,2.8677101135253906,1.417330026626587,13.95956039428711,13.132789611816406
5.050000190734863,1.1603429317474365,9.326850891113281,0.7422116994857788,16.915790557861328,13.61148452758789
4.900000095367432,1.0669549703598022,4.116363525390625,2.360138416290283,17.330018997192383,15.644960403442383
5.800000190734863,1.028623342514038,7.00108003616333,0.9340599775314331,19.724544525146484,18.999370574951172
4.400000095367432,0.6385300159454346,4.136102676391602,2.371704339981079,9.103474617004395,9.222750663757324
6.5,1.9883105754852295,8.478944778442383,4.186278820037842,25.964059829711914,22.88690757751465
4.5,1.4553704261779785,3.1199700832366943,0.6716600060462952,16.655534744262695,14.944845199584961
5.299056529998779,1.5745128393173218,4.315320014953613,2.40788197517395,19.117271423339844,17.35441017150879
5.649778842926025,0.886508047580719,4.992179870605469,0.892177164554596,17.749359130859375,17.995203018188477
4.5,0.6192399859428406,2.918570041656494,1.2630200386047363,11.002164840698242,11.059515953063965
5.5,1.6690599918365479,8.932427406311035,2.6508777141571045,19.55079460144043,16.86161994934082
4.199999809265137,0.833050012588501,3.1969900131225586,1.3301355838775635,12.76688289642334,11.46506404876709
4.099999904632568,0.7701602578163147,3.5503199100494385,1.657039999961853,13.43327808380127,11.839113235473633
4.34971284866333,1.730221152305603,4.682662010192871,1.4692360162734985,15.340043067932129,13.534942626953125
4.099999904632568,0.8881300091743469,3.4700698852539062,0.978190004825592,9.405144691467285,9.799090385437012
4.099999904632568,2.1477437019348145,3.143280029296875,1.2025799751281738,11.60991096496582,10.521539688110352
4.599999904632568,1.0479400157928467,3.0458500385284424,1.2316900491714478,13.916735649108887,12.896360397338867
5.599999904632568,1.7541028261184692,4.984866619110107,1.6474076509475708,20.67945671081543,19.533702850341797
3.9000000953674316,1.069849967956543,3.761688232421875,1.5741767883300781,18.116153717041016,17.35441017150879
3.5999999046325684,1.2109835147857666,3.7678306102752686,1.8577523231506348,11.218046188354492,10.591562271118164
3.5999999046325684,1.3115092515945435,4.931910037994385,2.1979899406433105,14.400062561035156,12.818550109863281
5.300000190734863,2.8671586513519287,4.6403093338012695,1.48659086227417,15.196346282958984,14.087778091430664
4.149698734283447,1.8963496685028076,3.7157599925994873,0.8546992540359497,9.786238670349121,9.094130516052246
5.900000095367432,1.5814785957336426,4.537243366241455,2.502688407897949,21.26488494873047,18.9646053314209
4.050000190734863,1.236752986907959,2.530272960662842,0.8510177731513977,14.195435523986816,12.984641075134277
4.5,0.7505699992179871,7.870046615600586,0.510500967502594,12.050149917602539,9.940670013427734
4.5,1.3026918172836304,2.363931655883789,0.5904830694198608,14.631779670715332,13.41186237335205
4.849999904632568,2.352595806121826,5.147998809814453,1.9698915481567383,15.874845504760742,14.16154956817627
4.599999904632568,1.2199658155441284,8.75549602508545,0.6875349879264832,19.09421157836914,14.7843599319458
5.5,0.6143199801445007,2.852400064468384,1.1833499670028687,11.10155963897705,12.984641075134277
4.400000095367432,1.548341989517212,4.813145160675049,2.8588035106658936,21.9675235748291,20.768863677978516
4.400000095367432,1.0511221885681152,3.234529972076416,1.315329670906067,15.319249153137207,13.682522773742676
5.649778842926025,1.3608075380325317,8.078753471374512,2.3917086124420166,13.803133964538574,12.865679740905762
3.949683427810669,1.6839087009429932,5.006154537200928,1.8947170972824097,11.327303886413574,10.445446014404297
4.400000095367432,1.3047713041305542,2.498339891433716,0.6253418922424316,12.648990631103516,11.69752025604248
6.199999809265137,1.5421711206436157,5.427000045776367,1.8739306926727295,22.946857452392578,21.8641300201416
4.550000190734863,2.3314735889434814,4.1052398681640625,0.6716600060462952,15.480143547058105,13.8255615234375
4.249705791473389,1.3058937788009644,3.3869314193725586,1.5420920848846436,13.931529998779297,12.600753784179688
4.5,1.6395083665847778,8.05948257446289,1.72707998752594,19.050743103027344,16.158430099487305
4.75,1.2408422231674194,8.75549602508545,1.2025799751281738,17.6546630859375,14.05557632446289
4.800000190734863,1.4853194952011108,6.515814304351807,1.496727705001831,12.481539726257324,11.392820358276367
4.400000095367432,0.9057999849319458,4.419877529144287,2.306091070175171,11.10155963897705,10.288185119628906
4.199999809265137,0.9804686903953552,4.556075096130371,1.4779499769210815,9.944849967956543,9.820509910583496
3.849675416946411,0.7728099822998047,2.834482431411743,1.1723036766052246,12.43539047241211,11.782485008239746
5.849786281585693,1.1480568647384644,5.687103748321533,1.3593082427978516,19.152490615844727,18.942584991455078
5.099999904632568,1.0330758094787598,5.3289008140563965,1.4514800310134888,11.537879943847656,12.734105110168457
4.400000095367432,0.925004243850708,5.427000045776367,1.1212905645370483,14.765259742736816,12.616055488586426
5.050000190734863,0.9343199729919434,3.9818389415740967,1.0815800428390503,18.651790618896484,17.98954963684082
4.300000190734863,1.5314905643463135,2.849128484725952,0.7561108469963074,14.191920280456543,12.807171821594238
5.599999904632568,1.8846145868301392,12.375345230102539,1.4210751056671143,24.864519119262695,21.00475311279297
4.300000190734863,0.8273500204086304,4.629280090332031,2.2096941471099854,19.20871925354004,16.86161994934082
5.999166488647461,1.313878059387207,7.379962921142578,3.7024128437042236,22.154354095458984,19.956838607788086
4.049691200256348,1.9119290113449097,4.116363525390625,1.5420920848846436,13.113920211791992,12.01943588256836
4.150000095367432,1.518252968788147,5.601233959197998,1.496727705001831,13.5047025680542,11.668930053710938
3.9000000953674316,0.83674556016922,3.5549099445343018,1.1326383352279663,10.562620162963867,10.008210182189941
5.0,1.0306199789047241,5.383334159851074,1.0745413303375244,13.473673820495605,13.061409950256348
6.599999904632568,2.0271198749542236,5.030603885650635,1.5238699913024902,27.260828018188477,25.415456771850586
4.5,1.3848313093185425,3.213705062866211,1.2983707189559937,13.858110427856445,11.68441104888916
5.199999809265137,1.4255927801132202,7.885073184967041,1.6331075429916382,22.3875732421875,19.781667709350586
3.9000000953674316,1.397089958190918,4.151317119598389,1.080367088317871,9.713189125061035,9.094130516052246
5.050000190734863,1.0566073656082153,3.143280029296875,1.0775822401046753,15.943060874938965,15.569272994995117
5.800000190734863,1.7773669958114624,6.163922309875488,1.683750033378601,19.09421157836914,18.18813705444336
4.900000095367432,0.869949996471405,4.835650444030762,2.2096941471099854,20.87883758544922,18.43044662475586
6.5,1.2467875480651855,4.537516117095947,2.3547143936157227,25.68555450439453,23.78531265258789
4.34971284866333,1.7630417346954346,3.46016001701355,1.1326383352279663,14.417641639709473,12.817034721374512
6.149796962738037,1.3553401231765747,11.49879264831543,1.855417251586914,23.508098602294922,20.79046630859375
4.349999904632568,0.6498299837112427,4.064630031585693,2.6526148319244385,9.405144691467285,9.294079780578613
6.199999809265137,2.4028501510620117,10.370267868041992,2.455430746078491,27.260828018188477,23.78531265258789
6.199999809265137,1.028385043144226,7.6440300941467285,1.8800735473632812,21.49605941772461,20.185976028442383
4.550000190734863,0.9346699714660645,3.9694087505340576,2.40788197517395,14.631779670715332,12.096759796142578
4.099999904632568,0.5585200190544128,2.735595464706421,1.3567500114440918,7.492109775543213,8.224238395690918
5.599999904632568,1.7657068967819214,7.379962921142578,1.5968600511550903,30.735671997070312,24.70298194885254
4.749736785888672,0.9364796876907349,3.5593700408935547,1.6909548044204712,13.317480087280273,12.599527359008789
3.4000000953674316,0.9220100045204163,3.0272111892700195,2.1277852058410645,10.375619888305664,10.509513854980469
4.498888969421387,1.2947875261306763,3.7616233825683594,1.1246399879455566,11.876270294189453,11.701624870300293
4.098780155181885,1.5267837047576904,6.754599094390869,2.090301513671875,14.435272216796875,12.091939926147461
6.699253559112549,1.2414418458938599,5.613121509552002,4.222952365875244,25.964059829711914,23.305587768554688
4.300000190734863,1.4549901485443115,4.419849872589111,1.869343638420105,16.151615142822266,14.604499816894531
5.800000190734863,1.2109835147857666,4.992137908935547,1.3504899740219116,16.375530242919922,17.81307029724121
4.749736785888672,1.088860034942627,6.30626106262207,2.19527006149292,16.087749481201172,14.069576263427734
5.199999809265137,1.0631462335586548,7.0904459953308105,0.6076668500900269,18.48345947265625,16.41206169128418
3.9000000953674316,0.6462699770927429,2.12740421295166,0.9049898982048035,7.380905628204346,7.596179962158203
4.400000095367432,0.8355799913406372,2.272886276245117,0.8610737323760986,10.540760040283203,11.782485008239746
4.699999809265137,1.2291688919067383,5.019489765167236,0.9540818333625793,14.857671737670898,13.257346153259277
4.5,1.0643492937088013,6.515814304351807,1.9362921714782715,14.539738655090332,12.535481452941895
3.9000000953674316,1.8464739322662354,7.765104293823242,2.668994903564453,15.480143547058105,13.238921165466309
5.449999809265137,1.4165902137756348,10.195486068725586,2.21655011177063,21.58441734313965,17.995203018188477
4.0,1.9994959831237793,2.902869939804077,1.4249850511550903,12.305746078491211,11.276049613952637
4.949747562408447,1.315517544746399,4.575123310089111,1.14616060256958,13.60350227355957,13.373167037963867
4.449999809265137,1.9613558053970337,7.298485279083252,1.8415625095367432,10.354968070983887,8.224238395690918
4.150000095367432,1.2852208614349365,3.885082721710205,1.7229515314102173,10.811349868774414,10.036250114440918
4.400000095367432,0.8355799913406372,3.7157599925994873,0.5800741910934448,16.215621948242188,14.944570541381836
4.800000190734863,1.4831020832061768,7.446094989776611,2.3547143936157227,14.575639724731445,12.29263973236084
4.599999904632568,1.4229183197021484,4.467556953430176,1.8645299673080444,15.316360473632812,13.448782920837402
3.646916389465332,1.8795841932296753,3.516998291015625,2.090301513671875,10.560819625854492,9.956289291381836
4.400000095367432,0.6143199801445007,3.975475788116455,0.6210954785346985,17.60552215576172,16.417850494384766
4.34971284866333,1.2434552907943726,3.9855799674987793,1.656540036201477,11.846199989318848,11.321020126342773
4.300000190734863,1.7605754137039185,8.288139343261719,1.1559300422668457,12.418919563293457,9.987847328186035
5.150000095367432,0.6498299837112427,4.466837406158447,1.2453397512435913,8.653109550476074,11.906240463256836
4.498888969421387,1.4568721055984497,3.3140218257904053,1.371825098991394,14.765259742736816,12.85254955291748
5.199999809265137,1.7773669958114624,14.032430648803711,0.9913899898529053,20.09765625,14.7843599319458
4.300000190734863,0.793749988079071,2.8453099727630615,0.9119251370429993,9.103474617004395,10.705474853515625
4.199999809265137,1.26973295211792,3.392659902572632,1.001225471496582,15.621368408203125,14.350106239318848
5.199999809265137,1.3791636228561401,3.974472999572754,2.0254626274108887,19.46804428100586,17.509450912475586
4.400000095367432,0.6385300159454346,3.824413776397705,1.3301355838775635,7.33994722366333,8.486655235290527
4.699999809265137,0.789452850818634,3.6562318801879883,1.2870662212371826,12.41282844543457,12.690210342407227
5.499090671539307,1.3270158767700195,5.721841335296631,1.5751700401306152,15.948810577392578,15.70464038848877
6.199999809265137,2.39023756980896,6.286665916442871,1.2850161790847778,21.956317901611328,21.27483367919922
5.099999904632568,0.7723100185394287,3.6562318801879883,0.9991418123245239,17.330018997192383,16.83036994934082
4.199999809265137,1.271536111831665,2.378340005874634,0.5307295918464661,13.268714904785156,12.393457412719727
5.349999904632568,1.2792332172393799,2.735595464706421,0.6875349879264832,17.097164154052734,17.783308029174805
5.599999904632568,1.1901363134384155,8.400533676147461,1.1124496459960938,22.03485107421875,20.034957885742188
4.5,1.1481492519378662,3.0722460746765137,1.1681499481201172,15.618000984191895,14.087778091430664
5.0,2.5489165782928467,8.36797046661377,2.0694499015808105,19.157997131347656,17.398147583007812
5.099999904632568,1.5765711069107056,4.813145160675049,1.0964192152023315,16.269956588745117,15.104598045349121
4.0,1.2204457521438599,3.452986478805542,1.0775822401046753,8.499540328979492,7.945016384124756
3.6500000953674316,0.880299985408783,3.3568899631500244,2.0299301147460938,11.074993133544922,10.203869819641113
4.900000095367432,1.5411827564239502,3.3956298828125,1.3794580698013306,16.692028045654297,14.47716999053955
4.849999904632568,0.8158699870109558,3.9110283851623535,0.8900622725486755,12.326810836791992,12.985798835754395
5.400000095367432,1.2595795392990112,10.871095657348633,0.978190004825592,17.636503219604492,14.069576263427734
5.049752235412598,1.6160125732421875,3.9818389415740967,2.266869306564331,18.075458526611328,15.728850364685059
4.099999904632568,1.511765956878662,4.992179870605469,2.162583112716675,12.217294692993164,10.818626403808594
5.599999904632568,0.9919782280921936,8.035127639770508,1.7330199480056763,12.326810836791992,12.81766128540039
4.098780155181885,0.9484599828720093,3.2205021381378174,1.298840880393982,10.298890113830566,10.036250114440918
3.9000000953674316,1.2570557594299316,3.9742190837860107,2.346935510635376,12.680936813354492,11.651849746704102
4.099999904632568,0.736519992351532,3.538686990737915,1.1197363138198853,15.288251876831055,14.35074234008789
5.5,2.5071046352386475,4.629280090332031,2.019029378890991,18.601781845092773,17.165191650390625
5.5,0.7728099822998047,4.136102676391602,1.9362921714782715,15.67437744140625,15.739989280700684
4.749736785888672,1.333396077156067,3.476519823074341,1.5161999464035034,17.084936141967773,15.296036720275879
3.9000000953674316,1.5917526483535767,4.44220495223999,2.0786592960357666,8.453230857849121,7.112114906311035
4.749736785888672,1.208105206489563,3.1841800212860107,1.0745413303375244,16.59507942199707,15.315290451049805
4.1988091468811035,0.9408442974090576,3.2216055393218994,1.374250054359436,13.99494743347168,12.516971588134766
4.049691200256348,1.1719540357589722,4.102940082550049,0.8963099718093872,15.278630256652832,13.157483100891113
4.900000095367432,0.7628477215766907,4.5657477378845215,1.2025799751281738,14.089383125305176,13.033539772033691
5.5,1.193938970565796,8.406953811645508,0.8353462815284729,18.376008987426758,16.524009704589844
4.599999904632568,2.2747702598571777,6.0584893226623535,1.5561800003051758,18.938520431518555,17.379030227661133
6.449806213378906,1.4553704261779785,5.70115852355957,1.855417251586914,21.212602615356445,21.27483367919922
3.9000000953674316,1.8112226724624634,3.514021873474121,1.867300033569336,13.074371337890625,12.807171821594238
4.900000095367432,0.7922700047492981,4.161814212799072,2.3501999378204346,14.846128463745117,13.035735130310059
3.5999999046325684,1.5595606565475464,3.5329699516296387,2.782592535018921,11.60991096496582,11.055922508239746
5.049752235412598,1.496911644935608,3.5012800693511963,1.4166027307510376,17.170814514160156,15.104598045349121
4.75,1.003644585609436,2.9259400367736816,1.2189099788665771,12.297019958496094,12.713808059692383
5.599999904632568,1.2947875261306763,11.732392311096191,1.4033071994781494,19.93594741821289,15.880934715270996
3.9000000953674316,1.6051459312438965,4.77869987487793,2.9341843128204346,10.802029609680176,9.69972038269043
5.300000190734863,1.315517544746399,3.7326600551605225,1.6496514081954956,19.057388305664062,17.139516830444336
5.099999904632568,1.371860384941101,6.7573018074035645,0.5307295918464661,21.875701904296875,18.43044662475586
4.599999904632568,1.1509900093078613,7.851947784423828,1.0608153343200684,21.230438232421875,18.064083099365234
6.0,0.7505699992179871,4.860879898071289,1.7849595546722412,19.742713928222656,18.77158546447754
4.300000190734863,1.7014729976654053,8.925045013427734,2.2323455810546875,21.60689926147461,18.305355072021484
4.400000095367432,0.892143189907074,5.4375529289245605,1.1933791637420654,8.246713638305664,7.210147380828857
4.5,1.0086199045181274,7.612785816192627,0.9714950323104858,14.539738655090332,11.519689559936523
4.699999809265137,1.476575255393982,4.024899959564209,2.455430746078491,17.20492935180664,15.210803031921387
4.699999809265137,1.072440505027771,4.521246910095215,1.0309501886367798,18.60590171813965,17.15740966796875
5.199999809265137,1.730221152305603,6.468864440917969,1.8275339603424072,20.09765625,18.23295021057129
4.75,0.789452850818634,3.694267988204956,1.440060019493103,14.763206481933594,13.351396560668945
5.050000190734863,2.5279290676116943,4.359306812286377,2.3578953742980957,18.801206588745117,18.36681365966797
4.749736785888672,0.8913252949714661,3.2564198970794678,1.0977100133895874,14.575639724731445,14.277124404907227
4.150000095367432,0.9136099815368652,4.835650444030762,1.6696215867996216,12.217294692993164,10.890557289123535
5.0,1.5145939588546753,4.0897955894470215,1.8415625095367432,15.943060874938965,14.490309715270996
4.0,1.2997593879699707,6.788368225097656,1.3504899740219116,10.594980239868164,8.314288139343262
4.199999809265137,1.6926833391189575,4.174409866333008,2.046792507171631,14.37224006652832,12.401762008666992
4.400000095367432,1.196816325187683,4.537243366241455,1.867457389831543,10.163540840148926,9.69972038269043
5.050000190734863,1.4481953382492065,3.7326600551605225,1.9135926961898804,16.715579986572266,14.604440689086914
4.699999809265137,1.1921700239181519,4.499281406402588,2.0604491233825684,13.074371337890625,11.985100746154785
5.349999904632568,2.0392119884490967,6.515814304351807,1.5102499723434448,20.041093826293945,18.34750747680664
3.5999999046325684,1.1901363134384155,3.730959892272949,1.960510015487671,12.359458923339844,11.75163459777832
5.099999904632568,2.3314735889434814,3.8947324752807617,1.9600012302398682,18.70369529724121,17.661701202392578
5.800000190734863,1.1821990013122559,5.198695182800293,1.6052299737930298,22.35222625732422,21.20420265197754
4.5,0.6324840784072876,3.5885021686553955,1.4719699621200562,14.936758041381836,13.332954406738281
6.300000190734863,0.8692273497581482,6.465747833251953,1.4136378765106201,21.60689926147461,21.030019760131836
4.900000095367432,1.4114350080490112,3.001650094985962,0.6199381351470947,17.072858810424805,15.91161060333252
4.699999809265137,1.2570557594299316,3.7252848148345947,1.4606106281280518,10.753470420837402,10.863490104675293
5.049752235412598,1.1687729358673096,7.58736515045166,1.5606930255889893,19.326364517211914,17.07740592956543
3.6496574878692627,0.9915000200271606,3.974472999572754,2.3578953742980957,10.185830116271973,9.627457618713379
5.099999904632568,0.8131800293922424,3.898081064224243,1.8305118083953857,15.936624526977539,14.037683486938477
5.300000190734863,1.2246733903884888,4.707979202270508,1.2552868127822876,20.409591674804688,19.473485946655273
4.199999809265137,0.9189515113830566,4.477759838104248,1.6517000198364258,9.876421928405762,9.887349128723145
3.949683427810669,0.9863492250442505,3.4700698852539062,1.095567226409912,8.499540328979492,8.486655235290527
5.649778842926025,0.9649400115013123,7.665790557861328,1.3732914924621582,23.508098602294922,21.649389266967773
4.650000095367432,0.8302085399627686,4.994579792022705,0.8132813572883606,12.671648025512695,11.68441104888916
3.700000047683716,1.0636663436889648,2.7883946895599365,1.0814595222473145,7.163449764251709,6.745101451873779
4.400000095367432,0.7932699918746948,4.192437171936035,1.4501469135284424,16.593849182128906,15.185033798217773
4.900000095367432,0.711329996585846,3.749569892883301,1.441409945487976,15.196346282958984,14.169840812683105
4.300000190734863,1.3058937788009644,3.5549099445343018,1.7505300045013428,13.91484546661377,11.69752025604248
4.449999809265137,1.0043977499008179,3.5120365619659424,1.4606106281280518,15.760516166687012,14.133278846740723
4.199999809265137,1.7147271633148193,5.990542411804199,1.9802526235580444,15.539897918701172,13.351396560668945
4.5,0.8338600993156433,3.392659902572632,1.5238699913024902,9.876421928405762,10.22506046295166
3.950000047683716,2.055521011352539,3.3939599990844727,0.6895765662193298,8.415349960327148,7.109253406524658
4.400000095367432,1.3851808309555054,4.960531234741211,3.0789265632629395,16.151615142822266,14.35074234008789
4.550000190734863,0.8209683299064636,3.4762699604034424,0.8963099718093872,17.741912841796875,16.72585105895996
4.099999904632568,1.7231000661849976,3.089404821395874,1.72707998752594,16.052188873291016,15.185033798217773
5.0,0.8080700039863586,5.9396586418151855,1.1277600526809692,9.713189125061035,10.804940223693848
5.999166488647461,2.2070422172546387,5.919299125671387,2.0786592960357666,22.493947982788086,21.649389266967773
4.599999904632568,1.4574778079986572,4.657127857208252,2.085390090942383,17.749359130859375,16.40373992919922
4.699999809265137,0.5859799981117249,3.4762699604034424,1.5751700401306152,12.641109466552734,12.096759796142578
3.646916389465332,1.0647794008255005,3.7139501571655273,1.5815379619598389,11.035477638244629,10.220169067382812
4.550000190734863,1.1033028364181519,8.055757522583008,0.8384361863136292,14.404723167419434,11.363795280456543
4.300000190734863,0.813319981098175,5.214088439941406,0.9941985011100769,10.617155075073242,9.216254234313965
3.5,1.981257677078247,4.883456230163574,1.869343638420105,7.977729797363281,7.109253406524658
4.0,0.7298799753189087,3.2564198970794678,1.4514800310134888,13.490342140197754,12.516971588134766
4.898979663848877,0.6176732778549194,4.232480049133301,2.475372076034546,12.21724796295166,11.099149703979492
4.550000190734863,0.956279993057251,4.267759799957275,0.9087700247764587,12.594132423400879,12.504622459411621
5.449999809265137,0.9782964587211609,7.446094989776611,1.184880018234253,13.073209762573242,14.031156539916992
4.599999904632568,1.0256550312042236,3.2380411624908447,0.8910099864006042,12.481539726257324,12.820279121398926
4.699999809265137,1.225455641746521,10.195486068725586,0.5278111696243286,18.616661071777344,13.179758071899414
5.649778842926025,1.6498994827270508,3.920419931411743,1.765215277671814,20.041093826293945,18.231950759887695
3.700000047683716,1.4338078498840332,4.060863971710205,2.557460069656372,10.846710205078125,9.920286178588867
4.199999809265137,0.8752400279045105,3.5300300121307373,1.1435199975967407,13.762397766113281,11.772899627685547
4.25,0.5616322159767151,2.852400064468384,1.203949213027954,7.163449764251709,8.234465599060059
5.199999809265137,1.0669549703598022,9.508790969848633,0.8602394461631775,19.730976104736328,16.22522735595703
4.699999809265137,1.0695513486862183,3.7252848148345947,1.5968600511550903,12.648990631103516,12.463459968566895
5.799138069152832,1.4691612720489502,4.707319259643555,2.9974660873413086,22.154354095458984,20.503551483154297
8.69942569732666,2.310312509536743,6.286665916442871,4.186278820037842,38.257137298583984,37.2459716796875
4.249705791473389,1.1125432252883911,3.6207900047302246,2.154099941253662,11.035477638244629,9.01196002960205
2.9495761394500732,0.5566099882125854,2.2160398960113525,1.09607994556427,7.722959995269775,6.758339881896973
6.699253559112549,3.747511148452759,7.991123199462891,2.8243484497070312,22.946857452392578,22.486328125
5.599999904632568,1.007411003112793,11.732392311096191,0.4686245620250702,18.114032745361328,14.116573333740234
6.44825553894043,2.0320417881011963,4.607665538787842,2.9974660873413086,22.553482055664062,20.87133026123047
4.5,1.036078929901123,5.647970676422119,0.9391898512840271,12.832184791564941,11.406189918518066
4.599999904632568,0.9542523622512817,3.903559923171997,1.867457389831543,9.588709831237793,9.827404022216797
4.800000190734863,2.126493215560913,9.745594024658203,1.2189099788665771,18.13251495361328,14.86027717590332
5.300000190734863,1.4653217792510986,3.9650330543518066,1.9158854484558105,18.529157638549805,16.513011932373047
4.550000190734863,1.6124091148376465,5.309231281280518,1.5178310871124268,15.799639701843262,13.9215087890625
4.449999809265137,1.7630417346954346,9.07900333404541,0.7502977848052979,16.732009887695312,12.942682266235352
4.0,1.2517428398132324,2.937079906463623,0.9372726678848267,12.359458923339844,11.055922508239746
4.599999904632568,1.0509495735168457,3.1969900131225586,0.9334725141525269,15.342717170715332,14.751540184020996
3.799999952316284,0.722057580947876,2.8315300941467285,1.371825098991394,8.653109550476074,8.93047046661377
5.099999904632568,1.4435062408447266,3.9959678649902344,1.1923916339874268,17.946054458618164,16.661256790161133
5.249762058258057,1.0561100244522095,7.596631050109863,0.7206634283065796,17.863271713256836,15.813733100891113
4.400000095367432,0.70455002784729,4.083211421966553,1.4523104429244995,11.034975051879883,11.079732894897461
4.650000095367432,1.3258183002471924,3.784759044647217,1.8947170972824097,17.170814514160156,14.916290283203125
5.400000095367432,0.4802600145339966,3.5482699871063232,1.9135658740997314,7.33994722366333,9.539941787719727
3.949683427810669,1.1650534868240356,3.5300300121307373,1.9373654127120972,13.92138957977295,12.820279121398926
4.650000095367432,0.5931599736213684,3.043440341949463,1.4136378765106201,10.345606803894043,10.752630233764648
4.5,0.8472899794578552,2.8468027114868164,0.9913899898529053,11.327303886413574,12.380643844604492
5.400000095367432,1.4104228019714355,6.211406230926514,4.186278820037842,18.16383171081543,15.506210327148438
6.0,2.0174880027770996,10.370267868041992,1.9634450674057007,19.842634201049805,18.305355072021484
4.400000095367432,1.3028146028518677,3.3404533863067627,1.7928999662399292,11.30190658569336,10.11573600769043
6.0,1.178057312965393,11.700495719909668,0.5763989686965942,22.79986572265625,19.686246871948242
4.249705791473389,1.455155849456787,6.981297016143799,2.150905132293701,12.89238452911377,10.818626403808594
3.6500000953674316,0.9189515113830566,3.408048152923584,1.879830002784729,11.264010429382324,11.099149703979492
5.099999904632568,2.0310938358306885,8.292912483215332,1.1723036766052246,21.20083236694336,18.42884635925293
3.5,0.7733799815177917,2.2160398960113525,1.5091500282287598,11.074993133544922,11.264670372009277
4.599999904632568,1.0647794008255005,5.314652919769287,1.5102499723434448,9.031900405883789,8.937247276306152
5.050000190734863,1.1761579513549805,8.924930572509766,0.6895765662193298,18.355268478393555,14.885056495666504
5.149757385253906,1.0562374591827393,3.8124001026153564,1.7435599565505981,14.995409965515137,14.35074234008789
4.54972505569458,1.8464739322662354,5.544579982757568,2.4195361137390137,16.215621948242188,14.350106239318848
4.5,1.1219218969345093,5.370272636413574,2.668994903564453,13.450664520263672,11.69752025604248
4.049691200256348,2.738737106323242,4.718221187591553,0.9447655081748962,8.088350296020508,6.758339881896973
4.900000095367432,0.8486834168434143,5.314652919769287,1.09607994556427,11.787810325622559,12.06758975982666
4.349999904632568,0.9051200151443481,3.431117534637451,1.4523104429244995,14.765259742736816,12.942719459533691
5.0,0.8411700129508972,3.824413776397705,1.3581199645996094,16.890995025634766,16.18750762939453
4.900000095367432,1.6973812580108643,3.599788188934326,1.0280400514602661,15.589420318603516,14.169840812683105
5.900000095367432,2.3314735889434814,5.004427433013916,1.3794580698013306,19.172828674316406,18.34750747680664
5.099999904632568,0.6324840784072876,4.4197678565979,1.7960152626037598,14.146978378295898,13.838318824768066
5.099999904632568,1.305037021636963,4.419877529144287,0.8830324411392212,16.375530242919922,15.719377517700195
4.699999809265137,0.7173900008201599,3.7119500637054443,1.4025700092315674,15.08653736114502,13.8255615234375
5.900000095367432,0.9542523622512817,6.950312614440918,1.4397763013839722,12.832184791564941,16.21834945678711
5.199999809265137,1.1800812482833862,5.181359767913818,3.249892234802246,19.84002113342285,17.805362701416016
4.949747562408447,0.789452850818634,4.472400188446045,2.0604491233825684,16.89649200439453,15.43423843383789
8.69942569732666,1.6845135688781738,5.198695182800293,2.9155452251434326,29.183629989624023,30.603540420532227
4.150000095367432,0.6140099763870239,3.213705062866211,0.7738313674926758,9.704620361328125,9.216388702392578
4.249705791473389,1.151135802268982,4.111045837402344,2.550325393676758,14.244375228881836,12.74149227142334
6.3498029708862305,2.126493215560913,5.7369608879089355,1.9631779193878174,21.212602615356445,20.185976028442383
5.449770450592041,1.4196748733520508,3.6225500106811523,1.647089958190918,18.16383171081543,15.518720626831055
5.300000190734863,1.3785059452056885,3.516998291015625,0.9941985011100769,18.187641143798828,17.22463035583496
4.300000190734863,1.6051459312438965,2.5272631645202637,0.4686245620250702,13.320001602172852,11.61657428741455
4.099999904632568,1.6288379430770874,5.031427383422852,1.656540036201477,14.37224006652832,12.599527359008789
4.599999904632568,0.7099300026893616,4.592658996582031,1.817840337753296,12.090229988098145,11.651849746704102
5.049752235412598,2.0463619232177734,8.735774040222168,1.9244999885559082,17.211288452148438,14.878859519958496
5.900000095367432,1.8590177297592163,7.055777072906494,1.8035088777542114,25.634065628051758,23.313926696777344
4.699999809265137,1.7295886278152466,3.6207900047302246,1.8280621767044067,14.582334518432617,12.357939720153809
4.599999904632568,1.2865535020828247,3.8887600898742676,2.0694499015808105,16.327266693115234,14.429409980773926
3.6500000953674316,2.0174880027770996,4.813145160675049,2.699777364730835,10.699760437011719,10.008210182189941
5.800000190734863,1.1719540357589722,10.115668296813965,1.5847305059432983,13.922775268554688,12.740864753723145
4.300000190734863,1.5421711206436157,4.575123310089111,1.8225265741348267,13.761429786682129,12.306047439575195
5.199999809265137,0.8913252949714661,4.656463146209717,1.340250015258789,14.876358032226562,15.069519996643066
5.849786281585693,1.3243420124053955,6.837841510772705,0.9119251370429993,20.37570571899414,19.549575805664062
4.349999904632568,1.363000750541687,4.267759799957275,1.2264951467514038,9.894240379333496,9.938654899597168
4.049691200256348,0.6634799838066101,2.503553867340088,0.8570106029510498,10.394916534423828,10.770620346069336
5.5,2.153463840484619,5.538496494293213,1.7209861278533936,14.84199047088623,14.325886726379395
8.5,2.0174880027770996,4.887605667114258,3.7024128437042236,29.21999168395996,24.70298194885254
5.400000095367432,1.6973812580108643,8.81396484375,1.7849595546722412,16.363555908203125,14.133278846740723
3.700000047683716,0.9842942357063293,3.8028948307037354,1.8800735473632812,7.492109775543213,6.758339881896973
5.25,1.3545308113098145,5.9725871086120605,0.9241999983787537,20.481529235839844,18.536571502685547
3.950000047683716,0.8346976637840271,6.242148399353027,1.3037099838256836,18.11490249633789,14.751540184020996
4.199999809265137,0.8463900089263916,4.083169937133789,0.8889465928077698,10.646388053894043,10.207329750061035
5.649778842926025,2.2512950897216797,4.246809482574463,0.9291996359825134,21.60689926147461,21.00475311279297
4.199999809265137,1.1259043216705322,7.519250869750977,1.374271035194397,14.164270401000977,11.059515953063965
9.0,1.1184500455856323,8.627713203430176,1.3356120586395264,35.28771209716797,35.25018310546875
4.849999904632568,1.241487741470337,6.837841510772705,1.942432165145874,12.611760139465332,11.363795280456543
4.599999904632568,2.0320417881011963,5.919299125671387,1.7866958379745483,17.269546508789062,15.38737964630127
5.300000190734863,0.8351699709892273,4.102940082550049,1.6696215867996216,13.073209762573242,14.108535766601562
5.699999809265137,1.1550370454788208,4.629700183868408,2.3501999378204346,19.117271423339844,17.890321731567383
3.949683427810669,1.2500250339508057,4.943260192871094,2.486790418624878,12.731849670410156,11.083476066589355
4.199999809265137,1.9182430505752563,4.027597427368164,0.8132813572883606,13.66400146484375,11.985100746154785
4.400000095367432,1.7027634382247925,7.298485279083252,1.055473804473877,14.089383125305176,11.596120834350586
4.099999904632568,1.1761579513549805,4.5311784744262695,1.298840880393982,17.072858810424805,15.43423843383789
4.54972505569458,0.8184199929237366,2.918570041656494,1.1246399879455566,12.04675006866455,11.276049613952637
6.6498122215271,1.3851808309555054,6.828030109405518,2.1842551231384277,22.274078369140625,22.19658088684082
4.5,0.9764999747276306,5.70115852355957,1.0627700090408325,14.525437355041504,12.547109603881836
4.800000190734863,0.6570000052452087,3.2564198970794678,1.281749963760376,13.02001667022705,12.721330642700195
4.300000190734863,1.0200471878051758,3.323080062866211,1.5789132118225098,12.351430892944336,10.856240272521973
4.800000190734863,2.401641845703125,10.003114700317383,1.3606027364730835,18.44760513305664,15.338348388671875
4.099999904632568,0.8202722668647766,3.5592501163482666,1.5789132118225098,12.809815406799316,11.72346019744873
4.550000190734863,1.2981687784194946,3.7061400413513184,1.770258903503418,14.556050300598145,13.197549819946289
4.149698734283447,1.069873571395874,6.508038520812988,1.2258796691894531,12.746580123901367,10.285880088806152
4.400000095367432,0.8705151677131653,5.166591167449951,1.7928999662399292,16.854164123535156,14.667280197143555
4.599999904632568,1.189391016960144,7.546341419219971,1.441409945487976,13.931529998779297,11.61657428741455
6.0,1.2104694843292236,11.132155418395996,1.7857110500335693,19.84002113342285,16.895658493041992
4.599999904632568,1.4255927801132202,4.693833351135254,2.70635986328125,14.822993278503418,12.600753784179688
4.34971284866333,0.880299985408783,3.043440341949463,1.1974035501480103,12.297019958496094,11.608145713806152
5.5,1.0200471878051758,4.0559000968933105,1.302441120147705,18.70369529724121,18.25990104675293
4.0,1.26973295211792,6.49868631362915,1.9698915481567383,15.006609916687012,12.3428955078125
5.300000190734863,1.0498188734054565,8.406469345092773,0.6168777346611023,17.636503219604492,14.905771255493164
3.799999952316284,0.9919782280921936,4.943900108337402,0.7925673723220825,13.490342140197754,10.856240272521973
4.400000095367432,0.8799600005149841,5.094178199768066,1.8142600059509277,10.98682975769043,10.11573600769043
5.199999809265137,1.5745128393173218,5.400619983673096,1.1911866664886475,18.187641143798828,16.499637603759766
3.4496376514434814,0.49994999170303345,2.025899887084961,1.06659996509552,9.435582160949707,9.681425094604492
5.649778842926025,2.3638997077941895,3.720319986343384,1.4260231256484985,18.347625732421875,16.49002456665039
4.5,1.0479700565338135,4.707319259643555,1.5339114665985107,11.034975051879883,11.099149703979492
4.099999904632568,1.5411827564239502,4.887605667114258,2.8588035106658936,11.30190658569336,10.170639991760254
4.900000095367432,1.6431818008422852,3.1038730144500732,1.2480382919311523,15.318957328796387,13.061409950256348
3.9000000953674316,1.8007227182388306,4.012939929962158,1.7960152626037598,10.78534984588623,9.571019172668457
4.800000190734863,1.8015432357788086,6.950312614440918,1.0371588468551636,14.435272216796875,12.551339149475098
4.34971284866333,0.9075800180435181,2.245006561279297,0.8888000249862671,11.077130317687988,12.053000450134277
3.799999952316284,1.108152151107788,4.875794887542725,1.3949400186538696,12.305746078491211,10.509513854980469
3.799999952316284,1.2414418458938599,4.5657477378845215,1.4255800247192383,8.840202331542969,7.506537437438965
5.800000190734863,1.5765711069107056,5.001512050628662,1.9693747758865356,19.93594741821289,18.9646053314209
6.300000190734863,1.021235466003418,8.125082969665527,1.6496514081954956,20.203588485717773,19.585758209228516
4.449999809265137,0.8338600993156433,4.640542030334473,1.4931199550628662,10.329627990722656,10.285880088806152
4.849999904632568,1.5066264867782593,6.163922309875488,2.8243484497070312,17.269546508789062,15.069519996643066
4.699999809265137,1.730221152305603,9.745594024658203,1.5850000381469727,12.611760139465332,9.294079780578613
4.699999809265137,2.6769628524780273,9.602253913879395,2.154099941253662,17.378326416015625,14.916290283203125
5.099999904632568,1.1845324039459229,9.761981010437012,0.9447655081748962,15.387566566467285,11.906240463256836
5.400000095367432,0.9649400115013123,5.297745227813721,0.7083591818809509,17.084936141967773,16.543827056884766
4.5,1.0643492937088013,7.851947784423828,1.6331075429916382,13.912212371826172,10.847171783447266
5.099999904632568,0.8569325804710388,4.007300853729248,2.150905132293701,15.944249153137207,14.286445617675781
4.699999809265137,2.39023756980896,7.254415035247803,1.8305118083953857,17.649097442626953,15.91161060333252
4.0,0.7981500029563904,3.0458500385284424,1.0977100133895874,12.04675006866455,11.46506404876709
4.699999809265137,0.5616322159767151,4.15339994430542,1.298840880393982,7.46681022644043,8.800880432128906
5.599999904632568,1.3946782350540161,5.430571556091309,2.098220109939575,18.355268478393555,17.215639114379883
3.950000047683716,0.8184199929237366,3.9650330543518066,1.4931199550628662,8.415349960327148,7.526533603668213
5.099999904632568,2.1477437019348145,4.521246910095215,1.2685600519180298,15.760516166687012,14.490309715270996
4.5,1.518202543258667,3.5592501163482666,1.2850165367126465,18.110713958740234,16.63554573059082
4.099999904632568,1.7147271633148193,4.620329856872559,1.851097583770752,11.5049409866333,10.313076972961426
4.0,1.6820977926254272,4.10407018661499,2.446320056915283,15.760516166687012,15.166969299316406
4.900000095367432,1.2981687784194946,3.2216055393218994,1.5134596824645996,13.305604934692383,12.637328147888184
4.199999809265137,0.8123499751091003,2.902869939804077,1.095567226409912,10.375619888305664,10.646430015563965
5.300000190734863,2.554070472717285,9.329453468322754,1.461748480796814,22.416259765625,20.774192810058594
4.949999809265137,0.7872300148010254,3.9893548488616943,1.5544219017028809,19.90221405029297,18.335813522338867
5.199999809265137,1.196816325187683,7.885073184967041,1.371825098991394,13.603211402893066,12.74149227142334
4.699999809265137,1.03631591796875,5.427000045776367,1.8854823112487793,11.117480278015137,10.818626403808594
4.849999904632568,0.9408442974090576,3.7630999088287354,1.2630200386047363,17.49915885925293,16.44124984741211
3.5,1.2865535020828247,3.454519033432007,2.019029378890991,10.499770164489746,9.940670013427734
5.0,1.5948177576065063,2.7883946895599365,0.7561108469963074,16.761341094970703,15.119647979736328
4.349999904632568,1.1044411659240723,3.377765417098999,1.429784893989563,15.426483154296875,13.42782974243164
8.5,3.471846103668213,4.879796028137207,3.876415491104126,30.735671997070312,25.877840042114258
3.8499999046325684,1.0566073656082153,6.788368225097656,0.7295523285865784,11.60991096496582,8.314288139343262
3.5999999046325684,1.6990416049957275,3.86311674118042,1.9257193803787231,9.408220291137695,7.427947521209717
6.800000190734863,1.7099658250808716,4.943900108337402,2.3940629959106445,22.746231079101562,22.486328125
4.900000095367432,1.0533628463745117,4.083211421966553,1.8643903732299805,18.187641143798828,16.63554573059082
5.900000095367432,1.0498188734054565,9.626933097839355,1.1212905645370483,14.765190124511719,13.898900032043457
4.249705791473389,0.6077100038528442,3.3377692699432373,1.4255800247192383,5.092120170593262,7.422241687774658
5.300000190734863,0.8045799732208252,3.4402287006378174,1.374250054359436,13.947491645812988,14.92652702331543
5.499090671539307,1.94229257106781,10.673896789550781,1.5847305059432983,19.724544525146484,16.848939895629883
5.800000190734863,0.8397799730300903,4.477759838104248,1.3987051248550415,19.55079460144043,18.999370574951172
5.799138069152832,1.193938970565796,10.195486068725586,0.7298071980476379,20.682750701904297,18.064083099365234
3.700000047683716,1.0002856254577637,3.9708571434020996,0.8900622725486755,11.846199989318848,10.705474853515625
5.400000095367432,2.3046939373016357,9.602253913879395,1.501469373703003,19.157997131347656,16.848939895629883
4.949747562408447,1.271536111831665,3.0272111892700195,0.8759143352508545,18.801206588745117,16.499637603759766
3.5,1.0906100273132324,2.503553867340088,1.960856556892395,13.230600357055664,12.66061019897461
4.099999904632568,1.4549901485443115,3.0688247680664062,0.7206634283065796,12.893770217895508,11.579432487487793
5.799138069152832,1.3258183002471924,4.418084144592285,3.5223917961120605,19.713254928588867,16.911304473876953
4.54972505569458,0.7985000014305115,3.599788188934326,1.765215277671814,13.113920211791992,11.99109172821045
4.249705791473389,1.2520484924316406,4.419849872589111,0.8384361863136292,15.799639701843262,14.035367965698242
6.099999904632568,1.7657068967819214,3.9855799674987793,1.6331075429916382,22.493947982788086,21.20420265197754
5.300000190734863,1.33344304561615,10.461586952209473,1.001225471496582,21.212602615356445,17.613059997558594
5.5,1.4338078498840332,10.934192657470703,0.9580284953117371,24.178489685058594,21.030019760131836
6.549808979034424,1.3406918048858643,4.575123310089111,2.9341843128204346,22.951683044433594,21.787805557250977
5.5,1.1481492519378662,5.601233959197998,0.7080191969871521,19.724544525146484,18.463214874267578
5.300000190734863,1.0200471878051758,4.0897955894470215,0.701853334903717,17.805145263671875,17.805362701416016
4.599999904632568,2.430356502532959,3.8947324752807617,1.3148466348648071,13.912212371826172,12.516971588134766
5.099999904632568,0.8575299978256226,4.44220495223999,1.7390382289886475,18.87397003173828,17.22463035583496
4.400000095367432,1.2595795392990112,5.006154537200928,1.1990625858306885,16.269956588745117,14.286445617675781
4.800000190734863,1.0562374591827393,7.151733875274658,1.8645299673080444,16.759754180908203,14.568096160888672
4.900000095367432,1.03631591796875,3.8028948307037354,1.360219955444336,18.793853759765625,17.783308029174805
4.099999904632568,1.6160125732421875,5.479219913482666,0.8830324411392212,17.70111083984375,15.47193717956543
3.799999952316284,1.0152608156204224,7.880049228668213,1.261501431465149,15.760516166687012,11.339710235595703
5.050000190734863,1.2792332172393799,8.877748489379883,0.5365760326385498,19.109228134155273,15.263614654541016
5.5,0.9003829956054688,7.932742595672607,0.4297066926956177,15.342717170715332,13.2484712600708
4.300000190734863,1.8232537508010864,5.9725871086120605,1.84089994430542,15.01911735534668,12.980034828186035
5.599999904632568,3.747511148452759,8.924930572509766,1.4160544872283936,19.55079460144043,17.98954963684082
4.699999809265137,1.5765711069107056,8.406469345092773,1.9043277502059937,19.25428581237793,16.43208122253418
5.0,1.3199701309204102,3.7777750492095947,0.6541522741317749,18.11490249633789,16.911304473876953
4.54972505569458,1.7745877504348755,3.5497395992279053,0.8654094338417053,15.052739143371582,13.035735130310059
5.099999904632568,1.7541028261184692,7.055777072906494,1.9284199476242065,14.631779670715332,12.946419715881348
3.799999952316284,0.7857499718666077,3.975475788116455,1.2850165367126465,13.35939884185791,11.72346019744873
4.400000095367432,1.1565725803375244,4.693833351135254,1.3606027364730835,11.263580322265625,11.13387680053711
3.799999952316284,1.8588241338729858,4.860879898071289,2.098220109939575,15.652527809143066,15.296036720275879
3.947150945663452,1.0164244174957275,7.63107967376709,0.8386200070381165,13.50551700592041,9.681425094604492
4.300000190734863,1.2104694843292236,3.698295831680298,1.9468239545822144,13.43327808380127,11.321020126342773
4.5,1.9545009136199951,4.467556953430176,1.9158854484558105,10.753470420837402,9.827404022216797
5.400000095367432,0.9057999849319458,7.151733875274658,2.4426419734954834,12.692989349365234,11.64011001586914
6.0,1.069849967956543,3.8879547119140625,0.9087700247764587,20.67945671081543,21.49277687072754
6.199999809265137,1.3047713041305542,6.326290607452393,1.6474076509475708,20.409591674804688,20.141630172729492
5.149757385253906,1.9883105754852295,5.647970676422119,2.3671071529388428,19.360227584838867,17.649492263793945
5.099999904632568,1.694305419921875,2.735595464706421,0.9007208347320557,16.69025421142578,14.568096160888672
4.75,1.1448321342468262,2.984022855758667,0.7502977848052979,14.936758041381836,14.763077735900879
4.199999809265137,0.833050012588501,2.530272960662842,0.8309638500213623,10.562620162963867,11.264670372009277
5.5,1.7815041542053223,10.673896789550781,1.4160544872283936,20.29299545288086,17.439308166503906
5.849786281585693,2.0054690837860107,4.044656276702881,1.9244999885559082,21.875701904296875,19.269296646118164
4.400000095367432,1.9994959831237793,5.441050052642822,1.9158854484558105,10.394916534423828,9.222750663757324
5.5,2.0989835262298584,3.454519033432007,0.892839252948761,19.721384048461914,17.805362701416016
4.900000095367432,0.6047000288963318,3.323080062866211,0.892839252948761,9.234492301940918,12.091939926147461
4.900000095367432,0.9681299924850464,3.999204158782959,1.8795109987258911,14.822993278503418,13.616820335388184
4.900000095367432,1.2110936641693115,7.612785816192627,1.3199436664581299,22.94873809814453,20.186948776245117
4.0,1.2960894107818604,3.999204158782959,1.3593082427978516,9.547880172729492,9.170479774475098
4.900000095367432,1.0631462335586548,3.538686990737915,1.2742999792099,17.805145263671875,16.530384063720703
3.646916389465332,2.046086072921753,3.8708248138427734,1.48659086227417,9.103474617004395,8.93047046661377
4.099999904632568,0.9343199729919434,3.479830026626587,1.846909999847412,15.124070167541504,14.05557632446289
4.900000095367432,1.7377479076385498,3.8188087940216064,0.8610737323760986,18.402992248535156,16.524009704589844
3.9000000953674316,1.0009660720825195,5.6715006828308105,2.1979899406433105,11.193675994873047,9.170479774475098
4.54972505569458,0.9842942357063293,3.93218994140625,0.4297066926956177,19.730976104736328,18.23295021057129
4.900000095367432,1.3591392040252686,3.723259925842285,1.84089994430542,16.69025421142578,14.604499816894531
4.449718952178955,1.24483323097229,4.77869987487793,1.8275339603424072,13.947491645812988,12.66061019897461
4.449999809265137,0.83674556016922,4.657127857208252,1.9802526235580444,13.02001667022705,11.99109172821045
4.800000190734863,1.2960894107818604,5.166591167449951,2.502688407897949,15.324023246765137,13.358994483947754
5.800000190734863,1.0159480571746826,8.478944778442383,1.103898286819458,14.582334518432617,15.317961692810059
4.599999904632568,0.8342199921607971,3.904920816421509,1.879830002784729,15.319249153137207,13.47974681854248
4.599999904632568,1.241487741470337,3.8879547119140625,1.3581199645996094,12.229533195495605,11.831892967224121
3.799999952316284,1.3591392040252686,3.9650330543518066,2.2259628772735596,10.163540840148926,8.691596031188965
5.300000190734863,0.9136099815368652,7.0904459953308105,1.850373387336731,15.874845504760742,14.277124404907227
4.150000095367432,0.9782964587211609,3.2820427417755127,1.3134114742279053,13.92138957977295,12.08469009399414
4.800000190734863,0.8852599859237671,3.6657493114471436,1.1681499481201172,16.761341094970703,15.699442863464355
4.800000190734863,0.9804686903953552,7.665790557861328,0.8377964496612549,14.400062561035156,11.859620094299316
6.5,2.2252345085144043,8.81396484375,2.55853271484375,25.064985275268555,22.88690757751465
3.799999952316284,0.956279993057251,3.9855799674987793,1.09607994556427,10.594980239868164,9.820509910583496
3.5,1.7531601190567017,3.6657493114471436,2.8812742233276367,11.117480278015137,11.64011001586914
5.0,1.1184500455856323,8.16104793548584,1.1818081140518188,14.59981918334961,12.719433784484863
4.400000095367432,1.1219218969345093,3.538172721862793,0.9201725125312805,16.151615142822266,15.210803031921387
4.5,0.8752400279045105,3.6662800312042236,1.6761200428009033,15.292952537536621,13.196828842163086
5.5,1.357248067855835,3.3939599990844727,1.9631779193878174,17.084936141967773,15.47193717956543
4.0,1.496911644935608,4.537516117095947,1.2850161790847778,12.490386009216309,11.392820358276367
4.0,1.512939214706421,8.861234664916992,1.783120036125183,13.916735649108887,10.386148452758789
5.5,2.0054690837860107,4.548045635223389,1.8035088777542114,19.057388305664062,17.298128128051758
5.099999904632568,0.6047000288963318,3.702320098876953,1.3239099979400635,8.942930221557617,12.06758975982666
5.149757385253906,1.371860384941101,5.400619983673096,0.7368789911270142,18.52471923828125,16.49002456665039
4.800000190734863,1.028385043144226,3.5593700408935547,0.8546992540359497,13.947491645812988,14.16154956817627
4.099999904632568,0.8797399997711182,3.7630999088287354,1.4914400577545166,14.763206481933594,13.373167037963867
4.400000095367432,0.8302085399627686,3.1038730144500732,0.9310342669487,15.052739143371582,14.429409980773926
4.900000095367432,1.5838593244552612,4.211802959442139,2.3378517627716064,16.890995025634766,14.667280197143555
4.900000095367432,0.8303700089454651,4.672909736633301,0.703677773475647,16.327266693115234,15.264612197875977
4.900000095367432,1.1480568647384644,7.880049228668213,0.9540818333625793,22.746231079101562,19.968631744384766
5.0,1.036078929901123,4.060863971710205,0.6210954785346985,17.741912841796875,17.139516830444336
4.800000190734863,0.9919782280921936,3.262732744216919,0.6187555193901062,17.211288452148438,17.07740592956543
5.599999904632568,0.913640022277832,4.366174221038818,1.3356120586395264,19.050743103027344,18.536571502685547
5.800000190734863,1.0511221885681152,8.292912483215332,0.5087549686431885,21.898712158203125,19.585758209228516
3.5,1.3115092515945435,3.2071733474731445,1.1923916339874268,7.46681022644043,6.2400078773498535
4.650000095367432,0.8569325804710388,3.2126541137695312,1.4914400577545166,11.608468055725098,11.574170112609863
3.6500000953674316,0.8692273497581482,3.903559923171997,1.8214553594589233,10.615774154663086,10.170639991760254
4.599999904632568,1.0906100273132324,5.166591167449951,0.6224372982978821,15.364200592041016,13.033539772033691
4.300000190734863,1.0423579216003418,4.628039836883545,1.850373387336731,12.809815406799316,11.684733390808105
4.150000095367432,2.2252345085144043,2.378340005874634,0.3225104510784149,11.185725212097168,9.940670013427734
4.800000190734863,1.1310368776321411,4.628039836883545,1.5544219017028809,11.185725212097168,11.482099533081055
3.6496574878692627,1.8588241338729858,3.3763439655303955,1.340250015258789,9.7150297164917,8.791749000549316
8.199999809265137,1.1921700239181519,8.288139343261719,1.2453397512435913,36.853050231933594,35.25018310546875
4.75,1.2520484924316406,8.877748489379883,1.4166027307510376,17.636240005493164,13.657938003540039
5.599999904632568,1.2001800537109375,11.603530883789062,1.2258796691894531,24.864519119262695,20.87133026123047
3.949683427810669,0.6140099763870239,2.2983100414276123,1.0775822401046753,8.928210258483887,9.171469688415527
4.699999809265137,1.981257677078247,4.418084144592285,1.244809627532959,16.785194396972656,15.069519996643066
6.149796962738037,1.2246733903884888,4.99643611907959,4.222952365875244,19.721384048461914,17.801511764526367
4.347413063049316,1.455155849456787,4.992137908935547,2.0604491233825684,17.952011108398438,16.26783561706543
5.74456262588501,1.2204457521438599,10.003114700317383,1.3581199645996094,16.83749008178711,14.763077735900879
4.349999904632568,1.007411003112793,3.8028948307037354,0.6258000135421753,15.944249153137207,14.682319641113281
4.647580146789551,2.055521011352539,7.1817169189453125,1.8795109987258911,15.22642993927002,13.046469688415527
6.449806213378906,1.1956379413604736,8.400533676147461,2.046792507171631,18.601781845092773,18.463214874267578
4.949747562408447,3.471846103668213,4.967030048370361,1.6186000108718872,15.877573013305664,15.47193717956543
5.099999904632568,1.4229183197021484,3.479830026626587,1.4397763013839722,16.759754180908203,13.2484712600708
4.449718952178955,1.2925156354904175,2.975780963897705,1.103898286819458,12.090229988098145,11.102673530578613
6.099999904632568,2.2512950897216797,7.765104293823242,1.5573197603225708,22.94873809814453,21.8641300201416
4.199999809265137,1.7014729976654053,3.7777750492095947,1.5091500282287598,13.50551700592041,11.831892967224121
4.649731159210205,2.39023756980896,6.771430015563965,2.3038909435272217,13.95956039428711,12.719433784484863
3.799999952316284,0.6395900249481201,2.8468027114868164,1.3148466348648071,12.2655029296875,11.684733390808105
5.400000095367432,1.5145939588546753,3.743001699447632,1.4710700511932373,21.638513565063477,20.01784896850586
3.950000047683716,0.6118699908256531,3.2205021381378174,1.6909548044204712,5.092120170593262,6.745101451873779
5.25,1.1922059059143066,11.732392311096191,0.7240999937057495,17.952011108398438,12.462968826293945
6.199999809265137,1.5001498460769653,4.967030048370361,1.6761200428009033,29.21999168395996,25.877840042114258
5.300000190734863,1.6820977926254272,8.035127639770508,1.8142600059509277,16.700590133666992,14.74594783782959
4.599999904632568,1.5314905643463135,3.9742190837860107,0.9007208347320557,14.191920280456543,12.946419715881348
4.099999904632568,1.313878059387207,4.682662010192871,0.9119251370429993,12.692989349365234,11.276049613952637
5.5,0.8486834168434143,6.163922309875488,1.864283561706543,16.732009887695312,15.880934715270996
3.5,0.9346699714660645,2.834482431411743,1.4914400577545166,11.787810325622559,11.466520309448242
6.549808979034424,1.6690599918365479,4.983761310577393,1.5238699913024902,22.553482055664062,22.716449737548828
5.5,2.046086072921753,8.932427406311035,1.6192755699157715,17.444541931152344,15.699442863464355
4.900000095367432,0.869949996471405,4.9285101890563965,1.9468239545822144,13.91484546661377,13.062812805175781
3.9000000953674316,0.9273399710655212,2.7009880542755127,1.0628299713134766,13.108792304992676,12.504622459411621
4.699999809265137,1.0455094575881958,3.9943602085113525,3.3861453533172607,14.795397758483887,12.306047439575195
4.54972505569458,1.3059238195419312,2.937079906463623,0.5800741910934448,16.363555908203125,14.702726364135742
4.699999809265137,0.8080700039863586,3.1038730144500732,1.2480382919311523,12.671648025512695,12.66061019897461
3.9000000953674316,0.7981500029563904,3.001650094985962,1.080367088317871,10.615774154663086,9.827404022216797
4.099999904632568,1.2823208570480347,3.694267988204956,1.0280400514602661,11.077130317687988,10.804940223693848
4.099999904632568,1.7745877504348755,5.687103748321533,2.371704339981079,16.33319664001465,14.729652404785156
9.149863243103027,2.3560986518859863,5.892602443695068,4.35242223739624,38.29662322998047,38.629417419433594
8.69942569732666,1.7017654180526733,4.826250076293945,1.9634450674057007,25.634065628051758,30.603540420532227
5.099999904632568,0.615369975566864,3.81962513923645,1.7330199480056763,11.193675994873047,12.599527359008789
4.599999904632568,1.3517943620681763,3.434957504272461,1.5990911722183228,16.785194396972656,14.86027717590332
3.9000000953674316,1.694305419921875,4.417510032653809,1.7229515314102173,10.52542495727539,9.353750228881836
4.699999809265137,2.4191102981567383,3.9959678649902344,1.0459599494934082,14.146978378295898,12.951048851013184
5.400000095367432,0.7432500123977661,4.012939929962158,1.4210751056671143,17.097164154052734,16.543827056884766
5.099999904632568,0.9121661186218262,5.7712507247924805,1.054900050163269,12.880430221557617,13.092382431030273
3.950000047683716,0.722057580947876,3.5329699516296387,1.7911479473114014,15.936624526977539,15.518720626831055
3.549647808074951,0.5467299818992615,2.12740421295166,1.1833499670028687,8.78030014038086,9.031311988830566
5.349999904632568,1.6973812580108643,4.093879222869873,2.2259628772735596,19.0670108795166,16.530384063720703
5.199999809265137,1.8232537508010864,6.326290607452393,1.6909548044204712,14.857671737670898,13.332954406738281
5.800000190734863,1.7027634382247925,3.6662800312042236,0.9334725141525269,19.852598190307617,19.781667709350586
4.800000190734863,1.350368618965149,3.5012800693511963,0.8910099864006042,13.761429786682129,13.257346153259277
5.900000095367432,1.6124091148376465,14.032430648803711,2.003086566925049,22.952939987182617,19.473485946655273
5.199999809265137,1.2823208570480347,3.6148858070373535,1.2940073013305664,19.152490615844727,17.81307029724121
3.549647808074951,0.7827826738357544,2.8468027114868164,1.337975263595581,10.354968070983887,9.483489990234375
3.950000047683716,0.8852599859237671,3.514021873474121,1.1197363138198853,10.310233116149902,9.956289291381836
5.199999809265137,0.9863492250442505,4.879796028137207,1.4418599605560303,22.946857452392578,21.65571403503418
4.699999809265137,1.540413498878479,5.004427433013916,1.8577523231506348,11.002164840698242,10.313076972961426
4.5,1.6431818008422852,7.880795478820801,1.3987051248550415,14.857671737670898,12.053000450134277
3.646916389465332,1.108152151107788,3.743001699447632,2.6950199604034424,9.234492301940918,7.526533603668213
4.650000095367432,1.5001498460769653,10.115668296813965,1.1277600526809692,15.316360473632812,10.890557289123535
4.199999809265137,1.7017654180526733,6.867273807525635,1.4692360162734985,17.649097442626953,15.264612197875977
4.849742412567139,1.3946782350540161,7.546341419219971,0.6075909733772278,18.52471923828125,14.799860000610352
5.049752235412598,1.512939214706421,3.723259925842285,0.8108763098716736,15.652527809143066,14.878859519958496
4.898979663848877,1.2104694843292236,2.9107863903045654,0.6253418922424316,15.877573013305664,15.880240440368652
5.099999904632568,1.1603429317474365,3.977985143661499,2.179530620574951,15.408113479614258,13.631817817687988
4.099999904632568,2.0392119884490967,4.656463146209717,1.4033071994781494,10.302505493164062,9.216388702392578
4.5,1.7198445796966553,4.9285101890563965,4.098031997680664,13.922775268554688,12.380643844604492
4.5,2.352595806121826,4.44220495223999,2.2681243419647217,17.952011108398438,17.335412979125977
4.599999904632568,1.03631591796875,3.1199700832366943,1.2647250890731812,13.240139961242676,12.865679740905762
4.5,0.9408442974090576,3.070478677749634,1.302441120147705,12.305746078491211,11.839299201965332
5.25,0.838450014591217,4.731748580932617,1.8225265741348267,14.556050300598145,14.576605796813965
5.800000190734863,1.8007227182388306,11.603530883789062,2.2086756229400635,19.752302169799805,17.613059997558594
6.5,0.711329996585846,4.6403093338012695,2.3038909435272217,22.952939987182617,22.19658088684082
4.849742412567139,1.3848313093185425,8.125082969665527,1.2787452936172485,15.241788864135742,12.63107967376709
5.199999809265137,1.5066264867782593,3.8708248138427734,1.8225265741348267,18.336849212646484,16.43208122253418
4.900000095367432,0.6163899898529053,5.089829921722412,0.8889465928077698,10.128219604492188,11.482099533081055
4.249705791473389,1.178057312965393,3.226306676864624,1.374271035194397,12.89238452911377,12.004560470581055
4.5,1.1125432252883911,3.262732744216919,0.9391898512840271,18.355268478393555,17.509450912475586
3.5,1.363000750541687,3.8188087940216064,1.7489749193191528,9.588709831237793,8.937247276306152
5.249762058258057,1.1633402109146118,4.024899959564209,1.8811049461364746,21.26488494873047,20.034957885742188
4.650000095367432,0.5467299818992615,2.937079906463623,1.440060019493103,8.78030014038086,9.877015113830566
6.849817752838135,1.4114350080490112,4.106750011444092,2.0530483722686768,23.602493286132812,24.70298194885254
4.300000190734863,1.8963496685028076,6.267546653747559,1.9251391887664795,13.258210182189941,11.608145713806152
4.049691200256348,0.8098999857902527,2.8677101135253906,0.8602394461631775,12.477575302124023,12.08469009399414
5.599999904632568,0.9764999747276306,6.3257832527160645,1.6001054048538208,13.02001667022705,14.8858642578125
5.149757385253906,0.6838200092315674,3.743001699447632,1.4249850511550903,15.715703964233398,14.8858642578125
4.599999904632568,0.793749988079071,4.283841133117676,1.6001054048538208,13.603211402893066,12.817034721374512
4.849999904632568,1.1412345170974731,4.208434104919434,1.3602299690246582,16.700590133666992,15.569272994995117
6.199999809265137,1.6990416049957275,4.628039836883545,1.783120036125183,18.529157638549805,18.674049377441406
4.099999904632568,2.4028501510620117,4.984866619110107,1.9843294620513916,12.43539047241211,11.490340232849121
6.149796962738037,1.8744882345199585,5.538496494293213,2.3940629959106445,19.644596099853516,18.463214874267578
5.749782562255859,1.1968345642089844,8.627713203430176,0.7295523285865784,23.602493286132812,21.787805557250977
3.849675416946411,1.5838593244552612,4.189067840576172,1.9175440073013306,13.113920211791992,12.393457412719727
4.199999809265137,0.8209683299064636,4.211802959442139,1.2740399837493896,7.380905628204346,7.427947521209717
4.54972505569458,1.5838593244552612,6.7573018074035645,2.179530620574951,14.404723167419434,12.462968826293945
4.149698734283447,2.0271198749542236,4.123795509338379,1.879830002784729,15.22642993927002,14.035367965698242
4.300000190734863,0.712119996547699,3.089263916015625,1.3405684232711792,11.608468055725098,11.02334976196289
4.049691200256348,1.1412345170974731,3.8603100776672363,1.2740399837493896,14.539738655090332,13.157483100891113
4.599999904632568,1.511765956878662,4.499281406402588,0.8903800249099731,18.44760513305664,16.40373992919922
5.149757385253906,1.3553401231765747,3.538172721862793,1.3405684232711792,18.48345947265625,16.663633346557617
4.5,1.3545308113098145,3.6225500106811523,0.8546992540359497,15.13819694519043,13.631817817687988
4.699999809265137,1.3785059452056885,3.476519823074341,1.1818081140518188,17.884553909301758,16.26783561706543
4.050000190734863,0.6176732778549194,3.377765417098999,1.543747067451477,13.006492614746094,12.097749710083008
4.199999809265137,0.49994999170303345,3.2380411624908447,1.501469373703003,17.25021743774414,16.18750762939453
4.050000190734863,0.9125308990478516,4.064630031585693,2.21655011177063,13.536023139953613,11.308122634887695
3.8499999046325684,0.7553499937057495,4.283841133117676,1.0628299713134766,11.5049409866333,9.920286178588867
4.647580146789551,1.0479700565338135,3.5482699871063232,0.7080191969871521,15.241788864135742,14.799860000610352
4.599999904632568,0.9758875370025635,3.9110283851623535,0.7628794312477112,17.085206985473633,16.21834945678711
3.9000000953674316,0.8791521191596985,4.656463146209717,0.9310342669487,9.408220291137695,7.501529693603516
6.5,1.8296458721160889,8.400533676147461,4.35242223739624,27.260828018188477,22.716449737548828
4.699999809265137,1.0306199789047241,8.523853302001953,0.5904830694198608,15.324023246765137,12.004560470581055
4.300000190734863,1.0871999263763428,4.727869987487793,0.9938499927520752,11.327303886413574,10.752630233764648
4.550000190734863,1.1800216436386108,2.245006561279297,0.5243245363235474,15.589420318603516,14.944845199584961
4.199999809265137,0.8472899794578552,4.8282670974731445,1.5063791275024414,12.21724796295166,10.860250473022461
5.099999904632568,1.1800812482833862,5.2836785316467285,0.5431832671165466,18.644683837890625,16.661256790161133
4.54972505569458,0.7733799815177917,3.1709680557250977,1.1559300422668457,13.43327808380127,12.896360397338867
4.199999809265137,1.7531601190567017,3.8124001026153564,0.9194599986076355,11.074993133544922,10.11610221862793
4.0,0.70455002784729,3.5885021686553955,0.7738313674926758,8.861510276794434,8.427657127380371
5.449770450592041,1.8963496685028076,3.9702820777893066,1.3307886123657227,17.211288452148438,15.880240440368652
4.199999809265137,1.4691612720489502,4.731748580932617,1.9843294620513916,16.363555908203125,14.7926025390625
5.5,1.0423579216003418,4.498659133911133,2.4515480995178223,21.87460708618164,19.686246871948242
5.0,1.4831020832061768,7.7616071701049805,1.3307886123657227,22.493947982788086,20.035816192626953
4.449999809265137,1.8795841932296753,4.232480049133301,2.360138416290283,10.78534984588623,9.627457618713379
6.300000190734863,1.7792326211929321,5.2234601974487305,4.098031997680664,29.183629989624023,24.016700744628906
5.900000095367432,1.8112226724624634,6.30626106262207,3.628675699234009,21.87460708618164,19.956838607788086
5.900000095367432,2.701080322265625,9.329453468322754,1.6236896514892578,22.013317108154297,20.768863677978516
4.949999809265137,1.3199701309204102,8.861234664916992,1.179800033569336,15.618000984191895,12.85254955291748
5.050000190734863,0.9364796876907349,7.519250869750977,0.8570106029510498,14.047232627868652,12.823619842529297
5.749782562255859,1.0159480571746826,7.055777072906494,0.6258000135421753,19.25428581237793,18.36681365966797
6.449806213378906,1.4481953382492065,4.879796028137207,2.8243484497070312,23.188173294067383,21.81774139404297
4.800000190734863,0.7505699992179871,7.040518283843994,0.5243245363235474,11.42018985748291,10.036250114440918
5.099999904632568,1.3791636228561401,6.267546653747559,1.0459599494934082,20.850566864013672,18.704923629760742
5.299056529998779,1.6845135688781738,3.4402287006378174,1.2316900491714478,18.13251495361328,16.043413162231445
6.0,1.2467875480651855,9.104074478149414,1.5544219017028809,16.915790557861328,16.83036994934082
4.599999904632568,1.9182430505752563,5.136711597442627,1.656540036201477,15.340043067932129,13.42782974243164
4.5,1.3556277751922607,3.6785717010498047,1.846909999847412,14.047232627868652,11.380431175231934
4.298837184906006,1.5172768831253052,4.083211421966553,1.9284199476242065,11.264010429382324,10.11610221862793
5.800000190734863,1.3243420124053955,4.378396034240723,1.708210825920105,17.636240005493164,17.801511764526367
3.5,1.5838593244552612,3.452986478805542,2.2601799964904785,8.499540328979492,7.112114906311035
4.650000095367432,0.8098999857902527,3.408048152923584,1.3134114742279053,9.28808879852295,10.860250473022461
5.300000190734863,1.512939214706421,3.7061400413513184,1.3732914924621582,18.116153717041016,16.63554573059082
4.54972505569458,1.1510801315307617,5.284332275390625,0.8309638500213623,17.70111083984375,15.485918045043945
4.599999904632568,0.9650917649269104,3.920419931411743,2.3378517627716064,16.69908332824707,14.916290283203125
3.9000000953674316,2.1477437019348145,3.226306676864624,1.6761200428009033,10.98682975769043,10.005419731140137
4.5,0.8882799744606018,3.6148858070373535,0.8073749542236328,13.468762397766113,13.215407371520996
4.5,0.9188699722290039,4.189067840576172,0.743567705154419,15.199689865112305,14.073860168457031
4.849742412567139,1.8296458721160889,4.8543701171875,1.6089054346084595,16.890995025634766,15.217700004577637
4.34971284866333,1.1510801315307617,4.004949569702148,2.6508777141571045,15.261207580566406,12.942682266235352
4.800000190734863,1.0871999263763428,5.383334159851074,2.4195361137390137,18.284337997436523,16.000829696655273
5.800000190734863,2.5071046352386475,4.705397129058838,1.5850000381469727,21.30784034729004,21.110332489013672
4.347413063049316,1.4999324083328247,2.498339891433716,0.4848029911518097,15.447532653808594,12.823619842529297
5.74456262588501,1.5172768831253052,4.693634033203125,0.8591509461402893,20.29299545288086,19.549575805664062
4.849999904632568,1.7198445796966553,9.329453468322754,1.6192755699157715,12.893770217895508,10.104379653930664
4.300000190734863,0.8575299978256226,3.9943602085113525,1.9284199476242065,10.302505493164062,9.877015113830566
4.5,1.3270158767700195,3.434957504272461,1.7435599565505981,17.687288284301758,16.405973434448242
4.199999809265137,2.153463840484619,7.7616071701049805,1.3037099838256836,10.298890113830566,7.945016384124756
8.199999809265137,1.3946782350540161,6.3714728355407715,2.249701738357544,24.864519119262695,25.415456771850586
5.800000190734863,0.6414499878883362,5.001512050628662,1.2685600519180298,10.23095989227295,12.951048851013184
4.199999809265137,0.615369975566864,3.885082721710205,1.9082958698272705,9.031900405883789,9.216254234313965
5.300000190734863,0.9399300217628479,5.9725871086120605,0.8334599137306213,15.261207580566406,15.210803031921387
3.5999999046325684,3.886453628540039,4.106750011444092,2.266869306564331,8.246713638305664,9.095534324645996
5.449999809265137,2.0989835262298584,12.375345230102539,2.2086756229400635,21.49605941772461,17.995203018188477
6.96091552809173,1.4568848609924316,8.627713203430176,1.3534899950027466,36.836958698197904,32.77219658271939
4.949999809265137,1.8846145868301392,3.7678306102752686,1.867300033569336,15.447532653808594,13.197549819946289
5.25,1.0200802087783813,8.406953811645508,1.281749963760376,14.59981918334961,12.551339149475098
4.749736785888672,1.0200802087783813,3.431117534637451,0.7628794312477112,16.076557159423828,16.000829696655273
3.4000000953674316,1.2001800537109375,3.089263916015625,1.8739306926727295,8.840202331542969,7.486011981964111
4.5,1.1565725803375244,7.870046615600586,1.889012098312378,14.733818054199219,11.668930053710938
4.300000190734863,1.0509495735168457,7.880795478820801,1.0681654214859009,16.367774963378906,12.599527359008789
5.0,1.3077013492584229,7.254415035247803,0.5800741910934448,20.93368148803711,17.847537994384766
3.849675416946411,1.1650534868240356,5.370272636413574,1.7911479473114014,14.661412239074707,12.401762008666992
4.800000190734863,0.8791521191596985,6.508038520812988,0.8023533225059509,13.5047025680542,11.73019027709961
4.400000095367432,1.24483323097229,5.0976738929748535,2.496299982070923,12.76688289642334,11.296188354492188
5.050000190734863,1.028385043144226,4.8429765701293945,0.8425868153572083,15.006609916687012,14.729652404785156
4.5,0.736519992351532,3.7616233825683594,1.315329670906067,14.404723167419434,13.215407371520996
4.449999809265137,0.7286400198936462,3.408048152923584,1.5178310871124268,12.351430892944336,11.464269638061523
3.950000047683716,1.7099658250808716,4.418399810791016,1.4025700092315674,10.52542495727539,9.539941787719727
4.699999809265137,1.3556277751922607,3.4755477905273438,1.4523104429244995,14.765190124511719,13.197549819946289
4.0,1.1636409759521484,3.0272111892700195,1.3368024826049805,13.108792304992676,11.78314208984375
4.949747562408447,1.0624499320983887,4.968690395355225,0.3630053400993347,19.842634201049805,17.398147583007812
5.900000095367432,1.1968345642089844,5.297745227813721,1.2092280387878418,18.70331573486328,19.283889770507812
4.900000095367432,1.254758358001709,4.1052398681640625,0.7298071980476379,16.854164123535156,15.910776138305664
4.5,0.9758875370025635,3.1709680557250977,0.7422116994857788,13.240139961242676,13.196828842163086
4.599999904632568,0.8306000232696533,4.537243366241455,3.3861453533172607,8.797060012817383,7.486011981964111
5.0,0.8342199921607971,5.147998809814453,0.510500967502594,18.938520431518555,17.03716278076172
3.5999999046325684,1.2685370445251465,3.3568899631500244,0.8395510911941528,11.195039749145508,10.14503002166748
4.050000190734863,0.9121661186218262,2.849128484725952,0.9991418123245239,14.487764358520508,13.358994483947754
4.050000190734863,0.7857499718666077,3.4762699604034424,1.06659996509552,8.453230857849121,9.01196002960205
5.400000095367432,1.2925156354904175,3.5497395992279053,0.6400526165962219,19.109228134155273,18.942584991455078
4.599999904632568,0.7632200121879578,3.277440071105957,1.3301355838775635,12.746580123901367,12.29263973236084
5.900000095367432,0.8643699884414673,6.771430015563965,1.2685600519180298,17.444541931152344,17.379030227661133
4.050000190734863,1.3059238195419312,8.523853302001953,1.9082958698272705,13.803133964538574,10.203869819641113
5.849786281585693,1.1448321342468262,4.8543701171875,2.0254626274108887,20.850566864013672,19.549575805664062
4.900000095367432,1.7377479076385498,4.6196746826171875,1.4501469135284424,16.89649200439453,15.506210327148438
3.949683427810669,1.2434552907943726,3.5549099445343018,1.417330026626587,9.783419609069824,8.427657127380371
9.0,1.9613558053970337,8.668919563293457,2.40788197517395,35.28771209716797,35.25018310546875
3.5,1.7605754137039185,3.86311674118042,2.3671071529388428,9.435582160949707,9.01196002960205
5.799138069152832,0.9220100045204163,4.366174221038818,1.543747067451477,15.408113479614258,16.911304473876953
4.300000190734863,1.6839087009429932,4.927598476409912,1.6831027269363403,17.49915885925293,15.880240440368652
3.950000047683716,0.8123499751091003,3.0350100994110107,0.904148519039154,12.680936813354492,12.01943588256836
4.749736785888672,1.6409821510314941,3.377765417098999,1.0627700090408325,15.760516166687012,14.073860168457031
5.649778842926025,1.1821990013122559,6.981297016143799,0.3630053400993347,23.508098602294922,21.435211181640625
6.149796962738037,1.3069852590560913,11.700495719909668,1.5063791275024414,20.37570571899414,18.058021545410156
3.6496574878692627,0.9282000064849854,2.530272960662842,1.1523655652999878,13.35939884185791,12.896360397338867
4.049691200256348,1.4165902137756348,9.755135536193848,1.1017667055130005,15.447532653808594,10.863490104675293
4.900000095367432,1.0792125463485718,5.7369608879089355,1.3033100366592407,12.880430221557617,12.789259910583496
4.400000095367432,1.4338078498840332,4.174409866333008,1.1435199975967407,10.811349868774414,10.591562271118164
3.5,0.9075800180435181,3.7119500637054443,1.3567500114440918,10.499770164489746,9.627457618713379
5.400000095367432,1.8590177297592163,4.004949569702148,1.960856556892395,20.80466651916504,18.999370574951172
4.049691200256348,0.722057580947876,3.730959892272949,1.889012098312378,7.977729797363281,7.501529693603516
5.399074077606201,1.7317782640457153,3.8887600898742676,0.9372726678848267,19.842634201049805,18.42884635925293
4.800000190734863,1.7295886278152466,3.538686990737915,1.2092280387878418,15.621368408203125,13.667068481445312
4.199999809265137,0.8098999857902527,3.836979866027832,2.8842527866363525,12.418919563293457,10.819672584533691
5.649778842926025,1.4881511926651,5.7712507247924805,0.6168777346611023,21.898712158203125,19.738056182861328
5.149757385253906,0.5585200190544128,3.898081064224243,1.9175440073013306,13.450664520263672,12.881660461425781
4.0,1.3435331583023071,4.498659133911133,2.085390090942383,12.82645034790039,11.46506404876709
4.599999904632568,1.8112226724624634,4.373770236968994,0.8888000249862671,12.648990631103516,11.406189918518066
4.300000190734863,1.9119290113449097,4.8543701171875,2.7612602710723877,12.731849670410156,11.296188354492188
6.599999904632568,2.3638997077941895,4.943260192871094,2.5320770740509033,25.68555450439453,24.016700744628906
5.300000190734863,1.333396077156067,4.192437171936035,0.701853334903717,19.109228134155273,18.231950759887695
4.449718952178955,1.1761579513549805,4.136102676391602,2.55853271484375,17.60552215576172,16.043413162231445
5.599999904632568,1.021235466003418,5.006154537200928,0.6199381351470947,19.752302169799805,19.269296646118164
4.300000190734863,0.8273500204086304,4.10407018661499,1.6517000198364258,8.840202331542969,9.45214557647705
3.75,1.208105206489563,4.714696407318115,2.3578953742980957,8.942930221557617,7.427947521209717
5.800000190734863,1.151135802268982,7.055309772491455,0.6199381351470947,21.638513565063477,20.01784896850586
4.0,1.1266474723815918,3.2126541137695312,1.3794580698013306,11.537879943847656,10.723919868469238
4.949999809265137,0.8643699884414673,4.4197678565979,1.7960152626037598,18.793853759765625,17.165191650390625
3.8499999046325684,1.540413498878479,3.2071733474731445,0.9714950323104858,11.058894157409668,10.14503002166748
4.300000190734863,1.1605499982833862,8.16104793548584,0.7206634283065796,15.316360473632812,11.339710235595703
5.399074077606201,1.400050163269043,7.590688228607178,1.0814595222473145,18.87397003173828,17.03716278076172
6.95208813162411,1.6395083665847778,9.104074478149414,1.656849980354309,36.79282171585981,32.72805960038129
4.749736785888672,2.3628041744232178,8.055757522583008,2.3917086124420166,19.20871925354004,17.15740966796875
5.5,1.0498188734054565,8.668919563293457,0.5365358591079712,19.360227584838867,16.89650535583496
5.300000190734863,1.2116799354553223,3.0722460746765137,0.8759143352508545,14.995409965515137,16.236082077026367
4.800000190734863,1.3556277751922607,7.1817169189453125,1.2264951467514038,20.80466651916504,18.278276443481445
4.699999809265137,0.6324840784072876,3.46016001701355,1.37973153591156,12.050149917602539,11.701624870300293
4.5,0.6634799838066101,3.6613283157348633,1.261501431465149,14.525437355041504,13.41186237335205
4.400000095367432,1.1266474723815918,3.7139501571655273,1.9257193803787231,15.241788864135742,13.332954406738281
4.649731159210205,1.028623342514038,3.6785717010498047,1.6254056692123413,18.136638641357422,16.898605346679688
4.900000095367432,0.838450014591217,5.430571556091309,2.2323455810546875,10.617155075073242,10.170639991760254
4.449999809265137,1.2997593879699707,6.000923156738281,0.6187555193901062,18.11490249633789,14.702726364135742
4.699999809265137,1.4553704261779785,4.417510032653809,2.0195958614349365,17.904634475708008,16.236082077026367
4.149698734283447,0.7985000014305115,3.3763439655303955,1.5573197603225708,16.137001037597656,15.317961692810059
4.1988091468811035,0.9328100085258484,3.702320098876953,0.9241999983787537,11.42018985748291,11.464269638061523
3.949683427810669,2.0463619232177734,2.2983100414276123,0.2773340344429016,10.185830116271973,8.539223670959473
5.199999809265137,1.236752986907959,4.620329856872559,1.4397763013839722,13.628669738769531,13.8255615234375
5.199999809265137,1.7099658250808716,9.755135536193848,1.3949400186538696,15.715703964233398,12.734950065612793
5.149757385253906,1.3517943620681763,2.9747538566589355,0.892177164554596,17.687288284301758,15.739989280700684
3.5,0.6118699908256531,2.594339609146118,1.4799540042877197,10.23095989227295,10.22506046295166
4.800000190734863,1.4922064542770386,3.4755477905273438,1.461748480796814,16.917993545532227,14.86027717590332
6.0,1.94229257106781,4.548045635223389,1.5339114665985107,19.742713928222656,18.9664363861084
4.400000095367432,0.8411700129508972,3.698295831680298,1.054900050163269,13.628669738769531,13.035735130310059
3.6496574878692627,0.8346976637840271,4.373770236968994,1.1723036766052246,13.258210182189941,11.13387680053711
5.199999809265137,0.800820529460907,3.904920816421509,1.4779499769210815,15.936624526977539,15.485918045043945
5.199999809265137,1.0561100244522095,4.0559000968933105,1.9511300325393677,17.444541931152344,15.970220565795898
6.44825553894043,1.1845324039459229,8.81396484375,0.9822206497192383,23.188173294067383,22.292146682739258
5.5,2.7860982418060303,10.461586952209473,2.5320770740509033,22.3875732421875,20.79046630859375
3.799999952316284,0.8882799744606018,3.702320098876953,1.1124496459960938,8.536569595336914,7.506537437438965
6.449806213378906,0.9392200112342834,8.651820182800293,0.9938499927520752,18.136638641357422,19.968631744384766
4.900000095367432,0.9051200151443481,3.514021873474121,1.1523655652999878,16.076557159423828,15.38737964630127
4.949999809265137,0.9804686903953552,6.016796112060547,1.526322364807129,10.540760040283203,11.059344291687012
4.050000190734863,0.9323434829711914,3.9893548488616943,1.3602299690246582,10.802029609680176,10.521539688110352
4.699999809265137,1.4104228019714355,3.452986478805542,1.3741071224212646,16.708568572998047,14.92652702331543
4.049691200256348,0.9650917649269104,4.111045837402344,1.4210751056671143,10.310233116149902,9.987847328186035
5.099999904632568,1.2291688919067383,3.720319986343384,1.1933791637420654,16.7467098236084,16.043413162231445
5.599999904632568,1.1956379413604736,9.508790969848633,0.743567705154419,22.951683044433594,20.141630172729492
5.649778842926025,1.0002856254577637,6.468864440917969,1.0608153343200684,18.582916259765625,18.34750747680664
5.800000190734863,1.5917526483535767,2.9088399410247803,0.9869669079780579,18.616661071777344,18.704923629760742
4.099999904632568,2.0009846687316895,4.87937068939209,1.244809627532959,9.704620361328125,8.691596031188965
3.4496376514434814,0.8881300091743469,4.310939788818359,0.5087549686431885,9.120912551879883,6.2400078773498535
4.5,0.9837700128555298,2.902869939804077,0.9869669079780579,13.027722358703613,12.807171821594238
5.300000190734863,0.5859799981117249,3.836979866027832,1.5815379619598389,14.204449653625488,14.116573333740234
4.75,1.7317782640457153,6.182742595672607,0.9533352851867676,13.66400146484375,11.859620094299316
5.5,1.790328860282898,7.830022811889648,1.2231414318084717,18.114032745361328,16.417850494384766
4.900000095367432,1.0086199045181274,7.590688228607178,1.4625948667526245,12.458596229553223,11.083476066589355
4.800000190734863,1.2204457521438599,2.6889700889587402,1.1911866664886475,13.320001602172852,12.740864753723145
3.8499999046325684,1.069849967956543,4.027597427368164,1.1990625858306885,11.244033813476562,10.591059684753418
5.900000095367432,1.9613558053970337,5.181359767913818,2.699777364730835,20.481529235839844,18.795841217041016
5.5,1.518252968788147,8.932427406311035,2.142685651779175,15.288251876831055,13.132789611816406
5.049752235412598,1.0689146518707275,3.5424487590789795,1.360219955444336,16.435760498046875,15.728850364685059
4.34971284866333,1.2570557594299316,4.172150135040283,1.9251391887664795,12.24878978729248,10.891395568847656
4.699999809265137,0.8705151677131653,3.277440071105957,1.3199436664581299,12.907719612121582,12.734105110168457
4.199999809265137,0.8799600005149841,2.975780963897705,0.8108763098716736,12.490386009216309,12.357939720153809
4.300000190734863,0.8397799730300903,2.272886276245117,0.7240999937057495,11.319042205810547,12.789259910583496
4.0,1.1597660779953003,3.9702820777893066,1.5968600511550903,13.762397766113281,12.734950065612793
5.199999809265137,1.2500250339508057,5.3289008140563965,2.0299301147460938,11.213568687438965,11.363795280456543
4.550000190734863,1.1550370454788208,2.025899887084961,0.6400526165962219,12.2655029296875,11.519689559936523
5.0,1.0256550312042236,4.477409839630127,1.4625948667526245,13.701769828796387,13.534942626953125
4.650000095367432,0.6462699770927429,4.826250076293945,2.098220109939575,9.7150297164917,9.571019172668457
5.099999904632568,1.4568848609924316,4.044656276702881,1.7857110500335693,16.33319664001465,14.944570541381836
4.25,2.5279290676116943,5.721841335296631,1.5751700401306152,14.090032577514648,13.107392311096191
5.149757385253906,1.1480568647384644,5.314652919769287,0.6115549206733704,19.46804428100586,17.649492263793945
4.049691200256348,1.476575255393982,4.672909736633301,1.6884814500808716,16.087749481201172,14.6895751953125
6.300000190734863,0.925004243850708,6.211406230926514,0.9310342669487,19.90221405029297,20.186948776245117
5.199999809265137,0.9188699722290039,4.883456230163574,0.5992500185966492,19.20871925354004,18.18813705444336
4.550000190734863,1.8744882345199585,3.9708571434020996,1.0627700090408325,15.050570487976074,13.107392311096191
4.550000190734863,2.738737106323242,7.055309772491455,1.4799540042877197,13.536023139953613,12.277130126953125
5.049752235412598,0.8302085399627686,5.3371100425720215,0.8377964496612549,18.965768814086914,16.848939895629883
