SSC,Malic,Citric,Glutamic,Fructose,Glucose
4.3,1.3409526861452044,3.316143683171901,1.153884250218688,12.429197571161717,11.097165786570825
5.787632567163678,1.071206274941698,3.797323446771473,1.2448174702793453,13.946493970754503,15.171623819408474
5.9,1.0200756629914212,5.18743913888607,0.7269232258111658,17.88181147559468,19.497009751703498
4.7,1.1924563349562896,2.792983529867615,0.8339349035558791,19.357243134594984,17.65678452387211
3.9497935491476452,0.8801891369709957,3.0567882796296906,0.6885821191955505,10.616257447937965,9.67005707938488
4.0,1.5216392750304688,6.4686650414920255,1.5571164608239154,7.442753312327647,7.503722794029954
4.6,1.184745043872343,3.7497030880567883,0.5916423804205034,12.643705014592317,14.907357995299897
5.9992501638697835,1.3271174096685765,3.716964728352898,1.683449264132417,14.835367006309264,13.719832587888192
4.1,1.5020777807683685,3.8195852741583005,1.6898607244693842,13.921414580013266,11.059401324351203
4.7,2.3724667828648722,5.010901319992845,0.6193222296184862,13.407218621437236,10.891183373072595
3.9,1.5487795242568578,4.00560023335812,2.2635347206869683,8.94243293140679,8.23108460902794
4.1,1.065647488001999,2.508626954924701,0.8888778211241919,12.33826533884221,11.583463387808704
4.3,1.243049754320944,4.63048425712784,1.6824430727843736,8.793458277051899,7.7194353338091215
4.6,0.9278432331192916,4.87749634863761,2.0299909340427678,11.29028237813444,11.887002372309727
4.5,0.6523798397831022,3.413354804508245,0.8595582679893753,9.111625216052767,9.107603776457399
4.4,1.0362530895837474,3.4637015895927568,1.425185159801663,10.549837492170884,9.911370953119352
3.5,1.1799657276354925,3.1207035419508036,1.314765856570897,10.561801183505418,9.958046726216235
6.55452217514587,0.6103608878599988,4.4247626363374435,1.180815593680269,12.321685268445025,12.000819457176414
4.6,1.4876878415613826,5.265075174490025,1.6834289796163329,18.794277174991876,16.60274721039211
5.6,0.5826818579057631,4.849058238994478,0.8776561821624221,17.74224596000859,17.347382672227923
5.616190820904513,0.9541387652938796,4.475600017433684,1.729274050170696,15.374702719519263,16.4856450388712
5.6,1.0206860596369862,4.419824090044356,1.8795863587737565,22.54156894717438,19.541199441902993
4.249705872175156,1.6429267652964883,3.4572810082140535,2.0248349360841758,13.256946818087943,11.389012633846605
6.449806198638839,1.326860936672962,8.40126184488188,1.3613134724702343,16.594817708290996,16.527782070955997
4.8,0.567152859307388,3.288958569555041,1.119235144692376,13.545578611291491,12.869404558074168
5.25,0.9764869216658878,3.455396375878448,0.30049327216835686,14.817904523777896,15.326073035187582
6.4294919994308,0.6072563289741587,4.030213108491399,1.0786534849665317,19.110347633138005,17.99213824308713
4.2,2.6217442601656606,8.097123721224197,0.9327507223850107,15.024224238746266,15.861100466654943
4.486352420830293,0.8331537238401727,3.475745106842589,2.2195685811027404,14.402479643131604,13.784297293685645
4.35,1.013924759236072,4.937792522779139,1.977594517755518,10.20882001108747,9.822577273367084
4.7,1.1102893452880467,4.70630662082775,2.6622005713245405,12.734319364272107,11.886539203873374
4.8,0.7095989155821303,3.7247005025887345,1.9601156621250964,12.100249766562357,10.858183183432654
5.8,0.6182042528725853,3.548959026767761,1.392875444866241,16.892033020588165,16.94263613638808
4.1,1.3072443176895614,3.2212706999581764,1.6027957417256975,11.059935033721738,12.820220412925059
4.2,1.7238251740976147,2.495386040313863,1.672936541668505,13.946328887537891,11.99433459844914
4.749736834815167,1.763152495559949,4.8575707392093115,1.6037554312598237,18.46067183170557,16.91943996194199
5.6,1.3810099804204423,6.2061865902191515,0.9266887711806883,18.231598271031206,14.308106806520463
5.0,2.467221616488701,3.7722274029693796,2.6234448157122476,21.874961710070195,16.260468549682173
4.1,0.9006898893025517,4.08183074840027,1.125934931710614,12.558536953809861,9.834762023630077
4.996668851932526,0.6728564765223655,3.800818754241471,1.4942077178244335,14.765215977053094,12.813763106311653
5.9,1.359358792884078,3.713516531828499,0.6222883514742735,18.52595238691979,18.965174099871735
4.55,1.7854743769561854,3.392762783194276,1.096024767502679,19.830115481925287,18.33839924773297
4.4,1.9068329136515199,4.108719225259454,1.8813465495994433,18.122512991787964,18.70042856545604
8.996087298686051,1.2968787843938057,8.154548667841755,1.4526564804403437,23.94397379187615,21.806718382998802
8.423898583689567,1.2086444158607517,3.0925972889656483,2.2624659379935914,24.217252576426542,23.376389173891553
5.3466947885631235,2.219393105262707,4.879284284518836,1.879556776021307,18.59604750138501,15.749994045415022
5.1,1.378636123774569,7.863109941977726,2.0299302317027057,21.460946675590353,18.430048461779233
5.149757275833493,1.4934931407704488,7.6418848343989145,1.6560932042805259,20.861117528590544,18.301918679557332
4.1,0.558699310804491,4.812190545309782,1.3669543726629292,11.68014107369366,11.87670642949201
4.549825436131447,0.8325660648373844,4.731095339375097,1.6151597017044994,17.6474386088511,14.342001025004702
5.1,1.0696261682633492,2.2612358716156438,1.3585775487291163,18.48669063459542,19.766454244986026
4.7,1.3697829438705198,3.5144923449431364,2.052744700910863,10.991178916586337,11.12782303242711
4.4,0.7376312109979141,3.0299767831267883,0.892475933606263,8.310664634814712,9.934364240782148
3.9,0.6469017208455933,3.071812637554416,2.5585010684128573,9.408116215252441,11.291171843426678
4.249705872175156,1.0647206545304635,3.04354414670471,1.3596546640192817,17.347574001696273,13.619345434183401
4.262351839362663,1.6957292675260085,5.079250159496403,1.5162355265690655,13.315891057816076,11.894175926608073
4.3499588468921,2.1935083221852727,7.003017845182738,1.4418296775071024,15.444851787844868,12.633091964981645
4.65,0.8134535564833449,2.8323734731094334,1.6343637571038658,15.478197427365798,14.763840561385653
4.0,1.7081417210874785,4.943339480764405,1.8837816114416384,13.027212928927794,11.574945378147982
4.15,1.4615884559811914,3.8861085219518037,1.3149228023994062,8.44507021189512,9.459208364678622
4.5,0.552525059092703,3.9710196601669083,2.2093278426163185,12.677624206479694,14.66498923292746
4.54972526643093,1.5927029307469747,4.418293035545849,4.199665800763129,15.602405828467685,13.830970001435213
4.8,0.934349497255567,5.1767538712578745,2.4234541214828194,18.11102854744562,17.409355603452994
4.9,1.1623106269258952,7.062085309198259,2.450237473493975,14.817086080332622,13.437252670017818
4.348426377097526,1.297022200447082,2.8652443471150866,1.4852258366827125,13.31925097438046,14.735116543218076
4.35,1.0646376687909969,3.2705147928599403,1.063647364355256,12.252438592371186,12.983723720605077
5.2,1.2516636480756074,4.533039713949725,1.8711590702531238,19.056119513361896,14.92546074154432
4.7,2.35437410214975,3.33954002039977,1.466284826207113,16.85301313228706,14.485196089923358
5.799699242875921,1.8609362065746275,4.209074384727226,2.15300097622038,23.236273750871327,19.706139910018848
6.3,1.032468078345718,4.134219851013105,1.3509374480401717,19.72163209527395,19.933175254023134
9.094462423276926,1.7778444978724497,10.170744930467567,1.7057121245063958,19.72313483001126,21.64984632346858
5.4800362714955515,1.4245787762708302,3.7148935426347616,2.202696719459631,16.709345785090523,15.743507141033344
5.649778756730214,1.16037702734676,5.217961122884618,1.1847902365946898,24.186767764055162,22.59500879262004
5.9,2.1506042036869766,11.053766721632337,0.9951754910898273,29.19147904132281,19.841508440308836
6.595963728910154,1.1115084269618218,6.354884254865559,1.8582256778298247,22.950112878382235,21.85571439892124
5.17519580822146,0.8311788523772791,3.4434846919783033,1.266979930519764,21.22883961271879,17.804939051451854
4.4,1.9684168538426663,7.841134727768543,1.274063584410292,16.102558272518113,16.71731771359278
5.5,1.446926589513259,4.6936944043133675,2.052700051846597,14.76524242085593,13.244420957578809
4.3,1.2519127486301742,3.502279984055699,2.373047234128474,16.248703467741688,14.763073219360368
4.2,1.5309598228834322,4.173289758802148,2.05329420829487,13.475100848412337,11.364810071124367
5.1,1.0629782957988623,4.8763870352038925,0.5879854947985041,18.957492314452054,16.509253913724056
4.85,1.8778942389250226,3.111141427886416,3.8296874083896384,10.840782706507108,10.512288506682742
3.0434289910617514,1.0195865857510966,3.8850348185324726,1.4658128821568253,5.170570278567009,6.252075331463269
3.649657518178932,0.49234543402111824,2.8476334436711124,1.4612944792525946,7.4248561902636885,9.215938984255951
3.7,1.126825270447708,2.374916085768368,0.9333976761404097,10.502243323262991,10.541825747721113
5.0,1.2265557153163476,6.983906415899406,1.9365203620486624,14.192079796247473,13.448321848125955
4.45,1.411551491611163,4.554849258105988,2.651659279066826,21.23556857091316,18.965986720957037
4.3,1.9161136253655462,2.868437173678675,0.8681871832709347,13.487952971333488,13.817185970259914
5.0,0.7120933102258276,3.784800679402464,1.3306279681716495,17.651083938489545,16.410653047019633
5.1,1.069445754218414,5.031146413018797,0.42662272052681616,21.21858166857894,18.820849701687766
5.9,1.3054105998041599,9.92613605184567,2.064017548735199,22.842945190585013,29.08967323776982
4.8,1.8422028113034437,11.06117649376073,1.834874692321756,21.598543959772403,17.992794393605706
5.2,2.030768283793721,4.991723072379924,3.079313131855287,20.854857378496778,19.650461347050655
4.349712634186309,1.6581722224839712,4.565134950620949,1.8302645710553966,16.707115242522196,13.839949012725826
4.4,1.517365737244594,3.262419368861158,1.0340651852440366,13.573824364636536,11.987280272337735
3.983227163836108,1.0562032439377635,3.209649037713841,1.1919883987993893,11.20150883999632,11.684444622053665
5.649778756730214,1.1809913981127678,5.217588511340343,1.8264063497363856,17.747975693720917,18.429296727116533
4.7,1.398997489101815,7.590884980079416,4.101584314846196,14.508545026524065,13.681346394878663
4.9,1.126462115092077,10.991385914474693,0.5365425086617549,15.876095522795772,13.418780757447182
5.449958610350101,1.8910056871658614,3.550318491323708,1.6489378495288274,16.082148624228022,16.416688288574186
4.55,1.3654233408837844,6.176539805915028,0.8451138145177661,13.937414815366898,11.866247155854673
5.3,0.6147037506430749,4.725539943115463,1.7408067132281766,18.376680875157245,18.228574142062993
5.3,0.9407915704052998,8.292429777750693,0.5271598187386339,16.36582741284148,12.228203214846344
4.95,1.4201872745464206,7.17500639508671,2.451792453234226,16.97003033607482,17.49455978606696
4.5,1.4301032275817533,3.340291581183863,1.885021642407095,17.210040957027356,16.431929362375687
5.0,1.7537758121477673,3.388569763886216,1.1038169912128524,21.874606720868478,19.998494806636366
5.0,1.6450702802045902,3.538513903098346,0.40651290176687604,17.525641402556385,16.19188531396664
4.9,1.2961431715883664,3.8529855121540537,2.0484274671081635,12.987025431503627,12.838352573966347
4.1,1.0479490539862826,3.484459632041156,1.5838292098036895,9.986011436705834,10.570946176060247
3.9496835316263,0.8921308019075146,3.749756302791991,0.603788017800115,10.60016261146907,8.2856510969298
3.8,0.8385098115361391,3.7084557286047968,1.9506424422622448,10.231516796148686,9.796987784590796
4.9,0.7765354151953522,3.9708952436579716,0.6238541286366652,13.476348202755034,12.945527322090118
4.6,1.8643195142237905,3.898927992914328,2.8282209707190553,12.687895768980152,12.673699792814887
5.5,1.6594430605786525,6.180915268200267,1.6191425220038034,16.01915466113606,13.921310415048488
5.6,1.7161947599584737,4.4740470969599535,2.174130195291346,21.96792753724641,20.77024599564533
5.045670831638067,0.97741081280224,3.2042130660622323,0.7296273090823994,13.54243161418379,12.98148897136871
4.9,1.5168661992207868,6.798350446925668,0.8407398063014141,22.552621116284005,19.72089292712583
5.649778756730214,1.6751904298471756,8.614767500385813,2.553508174902467,20.430813584768725,18.20121043656822
5.169329911737037,1.9078876655474386,4.547599976046309,0.9295393110000196,20.682205458028193,18.706016838072507
4.54972526643093,0.8334294340023142,4.3751610717748495,0.9377772888398687,14.508658606627645,17.15932311530389
4.749846192930185,1.7625429493667053,3.326132106206645,1.4966558211061438,14.089955590529513,14.590880223665659
4.05,0.9129893258441754,7.482590155476578,1.7224486242182828,9.419781505842504,9.940017507731364
4.299229299618632,0.9068886068655028,4.477427881426719,0.890891668567787,9.957154187482708,7.517158664844218
4.7,0.6105394914741468,3.3364545022954974,0.8764948302972924,11.526727365737209,11.473827441676415
4.3496968246348695,0.7872032138638246,6.2843486490289395,1.58354096947844,13.92810718644575,10.890994750181841
4.8,0.6244983189487565,3.0408333506281457,0.8891667949434621,12.362780445983741,11.78250980551437
3.5,0.8496497414412076,3.823261929114269,0.3283590614507259,9.278666429038454,8.91242610513045
4.049691346263317,0.5573524897067761,2.905740184850602,1.1439598194141523,11.227277341332341,11.806044188996616
5.3,1.5153814381741484,3.8879726493307656,0.9392587704389428,22.019114229042355,21.676573467002164
4.849978378482376,0.8570139572656178,3.9186447125281583,1.374142061025216,16.88160066720115,16.43973205206842
5.5,2.3575380917207536,8.018499553558389,0.8601836552337381,19.733291771183485,17.78886208882139
4.249842447405898,1.2517429917565874,7.886060767632309,1.5097325822930043,15.291033638035392,11.556006252907956
4.05,1.4297527301933235,9.085109027621003,2.3592010148746785,14.447864182683839,12.008452874664377
4.55,1.4229318195886766,4.661863341958857,1.5162395234212778,13.912472367985094,11.700057952048976
4.7,1.1510777698524883,2.9859677440528234,0.6093427178332824,11.099913279008359,12.537271932138637
3.9,1.0647781079657421,2.589782449991365,0.6220600034991953,9.659432326947874,9.212890028844408
3.85,0.8297701294149651,4.198215670974404,1.6691893123928176,13.097938433810137,11.05703597345769
5.6,2.356875170322471,9.755255689378307,2.536100893914201,19.337170556550294,14.140692093267639
5.5,1.2550637874379533,3.139524499009478,0.30075297573105547,18.110862095390655,16.533294059336164
4.4,0.8078517754278219,3.2545724563324248,1.303490307360986,12.685702186546665,11.05943965493088
3.5,0.7733605909019717,2.481133444930834,0.5365734921635207,7.377727591897261,6.971429908467323
3.9,0.6491472309723276,2.498949501512595,0.6839491332920925,8.561968945321194,9.094177850331887
4.5,1.455157335719003,6.507498466296661,0.8469264575962097,10.778286427636917,11.125800312107847
4.7,1.7539787260826343,8.740810622590574,1.0887051426170875,17.570116676258987,15.115550784538403
4.5,1.2646396018555883,4.618578915179178,2.55038932103893,16.664423524444704,14.613469828703856
5.25,1.0521773243303667,4.6198642970293,1.081559721185329,14.192925701876307,14.071889857665514
5.4,1.0635650561008785,4.093813775205116,2.763999123412799,14.395186113933368,11.782589892843573
4.8,1.5055423330944648,4.108584537292311,0.47491544887881276,19.645872657081693,16.13893686314644
4.949810620024202,0.911829565392527,3.617617824759054,0.704255424019431,15.618565592391894,13.267075648208298
4.2,1.0322271827439569,4.099340578452653,2.4965191311056913,12.751684167735444,10.878756027320334
3.9496835316263,0.8480880357471468,5.3008630349413535,1.8250394082668466,12.25794397976826,12.097010278775251
4.9,0.8033905672779282,5.748810757686474,1.3796703083814486,13.236342674428471,12.865137849019296
4.7,1.3254556007805942,5.2194426302266725,0.7380514849851665,12.23974239723495,12.397897503543398
4.65,1.5118429269848852,4.916222184783095,1.4926704829342117,16.895987526512357,16.89814274415242
5.8,1.0008863176813303,5.9263670120148175,2.454875080453658,21.96774218709045,22.300515450825543
5.9,1.051027043687383,7.88042166942865,1.2656993735701974,16.796146295158966,16.211578448288044
5.1,0.6525653446498383,7.591869859854566,1.0805646824005808,13.927837157429536,12.086218913660769
5.05,0.736995761406688,4.159938842745501,1.416739038327222,15.943094963576376,14.326765792121337
3.647605711686811,0.8380394619015602,3.8614494253706853,1.4520200631658708,10.634270292302363,10.591247437068779
4.983100986764853,0.9206314014135554,4.661446264267825,0.9198619317916357,13.232158741022317,12.59952752122377
4.7,1.728740030588773,3.00533696509278,1.4471485081807702,12.275001395917371,10.287685983072421
5.999624930351121,1.7759365267394103,9.758181435322992,1.7287359050560203,22.523294374204866,16.532457545358902
4.8,0.8545270922762797,6.335611036012654,0.7212571345610167,17.278538381286264,16.0410085820438
5.3,0.934578258229724,8.590884540385069,2.884010321316848,11.859355967284731,11.991788678051261
5.2,0.772474504467049,8.870503020049872,2.1973656236576704,14.216082982237356,13.62020301050639
5.3,1.3549702853061492,5.431526804096616,2.359844441652413,21.957339564567526,17.618402009738322
5.149757275833493,1.1715351946698476,6.832091715357731,1.0623379819994407,18.24644045538756,15.381158360931554
5.1,1.2521552180252515,3.8885356907318753,2.1805000407350366,18.085160225401697,14.792080525280694
4.401696581180371,1.0320307525325005,4.998142609890059,0.7177195349000944,14.655233294594455,12.734753079783259
4.6,1.7377357824022799,3.8235291617749154,2.152552411158897,13.844332917769618,13.037195849433328
4.15,0.7866801248618128,3.53653808565267,0.7211298221068703,12.799269201217625,12.651569830395005
4.45,1.3863732819346506,8.873670082364093,2.3598358250720195,10.315154713309475,11.269001611698783
4.85,1.016212870316824,4.904436611190582,0.9847918631268704,14.814608252082326,15.631483590155044
4.1,1.2414409270498004,4.246381637647115,3.1084215957585952,12.463394189448039,11.8099179617856
4.049691346263317,1.1778195586385378,8.91489852088165,0.7284576818924358,10.135877497699823,8.52072105408072
3.95,1.497888790244586,4.102971378751687,1.6568835703593714,10.36845933731196,9.94026728444112
4.213375889700592,1.0037779621563712,2.975401948467715,0.6187732662016434,12.682088186991486,12.536513064074983
4.7,0.8193745631745938,4.557568200289161,0.8881017394398313,15.619756604662983,14.755359878399902
3.9,1.3300734104265255,3.0922143023084594,0.30580726301299654,16.72854349269152,15.327146617314922
3.9496835316263,0.8798971623721161,4.10669524955503,1.78913002569516,13.754261502988564,10.392761772124063
4.8,1.53323406548542,5.553048638285023,1.9437548192806293,12.486265040977514,12.94268209457051
4.3,1.1471928601153858,3.55065347412563,1.7260078512214816,18.347485034228015,14.706629134179217
5.1,1.5392926333763695,8.87256376543793,1.556712822613569,15.619483707863894,12.81870846296165
3.6,0.7350125754008514,3.222799926697048,1.0956601819460574,8.477841823681269,7.111157002129991
4.4,1.7015595576166005,4.151435916336462,2.0195260119971015,11.005174204637227,10.011945637233593
3.8496753109840314,1.044539682400753,3.0038463850228716,1.7337357882851379,9.11690126313257,8.314122156887773
4.5,0.9615556798660807,3.3516454131750675,1.749382977514742,11.036165331319996,10.25828525079684
4.0,1.0558483950611046,4.696514285469607,0.7028198604921981,13.020507613494914,10.453824291268054
5.3,1.2201412682676562,8.754909609709442,1.154074346236903,18.114867712597636,13.353501770043621
4.5,1.028462960085759,4.303246762563353,0.6238561326838654,12.763605111126179,11.839236036930107
4.8,1.6100599134996938,5.706507405520701,1.0815126898369305,17.084961614278566,15.254730993614734
6.238234825036767,1.284105940183567,8.426524786016346,1.7479855370112172,23.481713593848955,23.806056696589856
5.2,3.8708243282970267,8.925035266353534,1.622150591841856,15.749539124862782,15.412598852017233
4.4,1.1604548280417923,6.173049384401183,0.40279182791691803,16.251202228146227,15.88265004319656
4.3,2.2073077874298215,4.055433883142899,1.078464546276714,15.682312102516724,12.942712833242847
4.348001068307675,0.7382131520653721,3.472066670609007,0.8131852119174765,15.608814502954022,12.619265267404169
4.749736834815167,1.7534110056897274,7.764028726334697,0.6476417717504592,16.720521641483113,14.832848145686016
4.0,1.0200580308409222,2.713994719053546,1.2235001659995488,16.10476762247935,13.32962402244577
4.05,1.6377862501086053,5.008967478431889,0.7423049605355406,16.814308168480203,14.871667719132086
5.122778258778118,1.1891126888557242,4.0703450695740555,1.8411966544609213,20.93517765843819,18.196110432226547
5.25,1.048784762104541,4.87603942348102,1.1994724207141754,21.294558820862054,18.398242081606117
5.0,1.717206341999264,5.30452761558999,1.3586637077787693,22.14105804169779,19.8630619988507
5.5,1.1940930995179115,12.092816599095865,1.7918639724252619,23.654691154597987,20.778275099864352
4.8,3.4933709824773573,6.166282407790604,2.0549936867321192,17.693287489495052,12.823576128081315
4.049691346263317,2.0093048608785624,5.0051964917381815,1.137382566319997,13.945590426705607,12.818067475510839
4.6,0.830332675297866,3.4652639261141513,1.4399071420681604,12.828136265398982,12.607243487166532
4.6,1.2109886314746434,4.109409468392271,2.1969249372438626,14.851225694724313,13.383438469356113
4.6,1.7748809072851641,4.441537211797048,1.6451267551724307,19.08883508113014,16.5943373280856
4.8,0.9872886879902188,3.684202587267999,1.4775219120870853,12.689991816587893,11.680579125351718
3.85,1.2865584213936394,3.811822801499878,1.3586220246721405,8.929395789333318,7.456301013367077
4.4,1.0083691476643266,8.184170378270231,1.0673972465222132,10.361894456651315,9.8973174819635
4.5,0.8798909974252912,4.99217752558957,0.5434793275168945,15.621968650641112,13.06163963112167
3.9485524841468647,1.0626052428465231,7.409725212529821,1.330148177250203,13.851258080634693,14.970211396714467
6.588421406028399,1.0497427351504491,5.005063313827991,2.776692830946974,16.838097170571704,17.329814257080148
3.8,1.0222069451486366,3.5593613998468174,1.3351600359025555,15.055043276847053,11.468030284139012
6.449806198638839,1.0437947160280654,5.143953195466166,0.7216326387262197,15.28653540930055,17.219797654819153
4.2,0.8339071046479758,3.4370609465929713,1.5244562388268563,11.087797646280514,11.475233389835196
3.8498817456702046,1.297323410371234,2.833799195844697,0.5296887503199519,10.561652999803885,10.684821522569132
4.3,0.9056796696776906,3.064014491899572,1.1983699007417992,13.073677476560995,11.059383553415598
5.2,0.9033200905595329,3.003498502916211,1.9082911338807764,13.868152877053246,14.90156788388122
5.1,1.0479608927495796,3.636830464141319,1.5989870003692275,15.077308262838919,13.886237837841723
4.0,1.435334528735158,4.656859925693456,1.6301691227269197,15.725336827259364,12.983198542611003
4.3,1.016111141960886,3.887266206046358,0.9319400341404028,9.985945826244507,10.037691945044227
4.6496420514135135,1.5753422131169028,4.094628469168719,2.185100491417358,11.20912532750417,9.459733309258144
4.1,1.015348825307389,3.454020463080335,1.8410452260416785,11.85046112567613,9.18988478112603
4.0,0.8619474622812838,3.433171534012208,1.1681710310126963,10.56139088376441,9.887456373148257
4.249997317616521,0.6641967915901673,3.2648295716050004,1.0595758936861255,14.440909400898418,14.039775111514063
4.4,1.7000364850928593,6.262198426752487,1.6802566248533128,16.22582298519329,13.858803510443215
3.7059076743383925,1.482945161418475,4.98416474078877,0.7081921007537667,10.804698189824473,10.2048265069469
5.3,0.936671710593107,4.494724894314965,1.9406702674063694,14.701776674015752,15.327930762867362
5.7991378669591915,1.533236769268385,7.629594743463744,1.6566254548064614,20.78175695357347,20.187201856609466
6.490368420515562,1.7678191947385433,8.73808525096581,1.423702029759687,25.684321695961337,33.76284639104202
6.254361271836245,0.9404953284130514,4.370725478856491,0.8870358576860882,22.364296534667268,23.558559947876248
5.9,1.6131330128598473,4.4775231229349375,1.2270885955136408,21.004706727793263,18.72024932216671
4.608590003986771,1.6886077047697643,6.48381183643267,0.8905559851155892,13.797724531600464,12.417728761082923
4.4,1.548393440765926,4.0434154150770265,0.9323380597113163,15.105629005300134,13.906383854446853
4.3,1.513864100122654,2.8667133741305646,2.2869306063342423,16.65790094936838,15.709855205441851
5.849786320883866,1.175510799504251,7.8842658365581135,1.4617951902401785,17.652799945048823,18.8097774425304
5.1,0.9772452969496723,4.658037712802734,1.9400576101716744,14.441913882159907,13.425839670278334
3.9,1.7625037679188635,4.868578766520455,1.909769091631749,9.111672382682242,8.792069584829964
4.9,0.835245479558509,3.2088308026715127,2.1903227047369818,15.355436238813487,12.817263109993336
4.9,0.82731643520118,2.8512652851296343,0.8065338360341838,16.795343772915636,15.806763228940461
4.6,1.4999470379795463,5.178207647784966,0.8125787558561903,12.310049966248286,11.684679557174913
4.0,0.8345640486183746,2.83823636170773,2.1359664119220145,13.856311726806275,15.843104920939895
4.7,1.050968926114408,4.935446852995155,0.8125428462969929,12.22312546093372,12.508634784795953
4.5,1.006073454494283,2.9339236722389557,1.1986092273783888,12.048018688737926,11.88739978989057
4.55,1.8588498078903122,13.493081634641138,4.348398618957122,15.202938250291135,11.69181900964986
3.8,1.6398346230337713,3.8843848409474564,1.6905874502722578,16.718874460542743,11.664845152311848
4.149698784249286,1.2089516110550267,3.3914061572675513,0.84663086308406,12.305671424151473,11.839178083941675
4.2,1.1894962853184827,3.0626658881693207,0.7227058646534055,12.743887414575598,11.46545651707663
5.049752469181039,1.192028365047301,4.735085475422125,1.9790967819716032,19.04542322942922,15.71261472503916
4.6,2.3214327235972982,4.51535644669004,0.9151882855620779,17.885998334947836,13.20838074200447
4.7,1.1927045335810642,3.802388548864639,0.9011779359147192,13.933239715663003,13.252513736481987
4.5,0.8370344660717131,3.0893021000368304,1.8507715678483796,14.023300379228084,13.356436131770657
4.7,1.2796483414142474,4.959724644086186,0.6922292833133253,18.040867790408413,14.604487512076489
4.9,1.5151339840994875,5.973190471115696,0.46084197616803235,14.875596470280094,14.686715727879111
4.5,0.8378169545560255,3.9301020401096864,4.292252309070416,13.923020649047995,12.644115189668595
4.6,1.5180347019837117,6.981949597559199,2.17965479665299,19.845207066241777,17.87958680553365
4.7,1.2025826926957497,5.903798969395704,1.7537715483389715,15.940123351307808,15.804594632047383
5.6,1.235094116298953,7.554555678481999,1.3311196764238937,14.42022592990143,12.817177247810427
5.6,1.5146655684711186,4.4987629328427206,1.517540906298439,15.428840542041922,13.810023453213592
3.95,1.716286129078653,3.99872923534356,2.5524704290880234,12.83596668899473,12.800303547117592
4.5,0.7919749513124071,2.9182682049963904,1.9649307816456303,16.01629835323169,16.856864498644068
5.0,2.323394794695435,4.1504711745064835,1.637305795209335,17.351689066892963,14.005110075802564
4.1,0.8798065926699694,4.036466656503469,1.1804081753839546,15.27469027322957,12.047041324433533
4.749736834815167,1.2862404149632558,4.705027717741913,1.0971829323016198,12.391123273937373,12.057300177648791
4.010969556257725,1.3019551176288735,2.8653734736674097,1.0733843547418147,13.465092459785057,12.619263690070548
4.6,0.5607563799306224,4.417598031711615,0.9094968163356565,14.8270220981817,12.971556426399271
5.399241092913788,0.76342861133208,3.3929930879544297,0.9063215676067977,14.581707907099064,14.806789272923332
5.0,1.3129662016216417,3.2575557491802694,0.6092049804172758,15.47899054895521,13.118329353218456
4.049691346263317,1.4133516202753247,4.629536340963813,2.653044989398767,11.320436626135281,10.223305763485182
4.45,0.6118136368624875,3.8195725326446173,0.8879595658677903,10.443891454824904,11.71657610121426
4.55,1.3508462021098997,3.6414558164530533,1.4398617190432812,12.611507448146998,12.609697265277859
4.349712634186309,1.2429238541282261,4.890422624925133,0.854636882879036,13.91660136578629,12.291915131381833
4.782867274391817,2.1911420665860546,7.877455246997128,2.358094320767297,22.952531124507864,19.56143109387607
5.2,0.9809436972860087,3.5593111579790495,1.4940863439198735,20.751809954779773,18.965819776349825
4.7,1.1607766540154534,3.553672024289992,1.120506118560736,18.077424260837436,16.52852637776667
5.3,0.8380927793538128,5.290768281476343,1.9828615206362148,17.208210102457333,16.009320752638118
5.0,0.7291790971033275,4.046717655074128,0.7218395487047629,18.605483733210946,17.039979730547717
4.649888663904857,1.8767862448209902,3.0695919102274742,1.5578004536842998,17.95153708604635,14.944581363719589
4.962314734045577,1.1923156703551432,3.7501429151209895,1.8939701861999825,10.350944588192826,11.62262944356471
4.35,1.2967180479098581,2.9574153285773943,1.6568387805465625,16.88170013598789,14.796993259687952
4.5,0.9672097419489297,3.768887076078747,1.590038212693029,11.26234060663048,11.316886854633257
4.0,0.9850877893352774,2.251624296027255,1.648630488331501,9.117079176842628,10.218588974182898
4.2,0.9131052747054428,4.980257315986934,1.3308125600922316,9.831861093725154,9.601677058193959
3.6495205518512863,0.8408024748800815,3.7223651999542025,0.7298005300526896,8.869032716292308,8.617211196689672
3.5,0.9199721842637549,2.5277649849140396,1.4519857358918091,7.926700534277542,7.701114354598672
3.5,1.1091665971748088,3.376346377711422,0.6254930092980733,8.278599494579407,7.10944622295407
3.646916505762094,1.0008827650505083,3.0899843784037215,1.969760316041798,7.474194759643363,7.521409759483666
3.463648015048511,0.8891661008771413,2.8511276023277166,1.4698141788496164,8.08204207518953,7.424146384237215
3.8,1.658249149074548,3.600163636844557,0.6763224729043101,9.40788702750889,7.462421636769206
3.556169554356159,0.8026099241776454,2.9223244889529396,1.9412816410990943,8.058813172852364,8.79470843023892
5.449780485186281,0.9399477095318216,4.248785391659929,0.972893241417072,11.196332025790612,15.514942591021443
4.349882990997898,0.5472383300038313,2.154469111711014,0.8058105481326849,14.14883721391119,9.78003181571911
4.1,1.515270537322119,3.970978539894442,1.215988263773595,12.079120356016412,9.0950067710881
4.1,0.8692131363670152,2.091671904321359,1.6835154747110073,7.410980359343992,8.228150095475629
4.2,1.1820672301702362,3.4756613905440994,1.3153481541806304,11.074227270496152,9.623528712724472
5.3,1.529093239316548,4.712624012924131,1.6454765855164173,16.760682722303056,14.426497625354248
4.65,1.3514782894019026,4.967731521940205,0.6887178538873406,15.61196924737489,13.369895673665244
4.549781756546543,1.721960876565803,7.880346568835134,1.1889861398249348,14.05425951359276,14.56875874384181
4.3,1.0211495876205607,3.9041636482390367,0.7320179814191335,14.763443694517239,14.082664085264282
3.649657518178932,1.0296937452045365,3.0397498054254797,1.5100473884746937,9.971874172690466,10.309246093609858
4.5,0.8078137367246515,6.490287154827437,1.1833062000073042,13.073767254848407,14.080240116933876
4.35,1.4854560580127767,3.3165856427508,1.3029412984753403,11.305557227793788,10.214190458732402
3.85,1.3270614970600967,3.758707520131312,1.3721052564562488,9.881221612065982,10.016751987437946
4.349712634186309,1.0080059683573157,4.111752362192361,1.9313659019747094,15.279108741235751,15.776671455289218
4.2,0.7572931468777763,4.314682033715578,1.2740692639205908,8.442511391461897,8.930633656565295
5.2,1.3662959049533063,6.170853639815236,2.972419500225242,13.318346203610572,14.052538418363689
4.4,0.8066865567014453,6.512192716169499,1.5876713182451625,17.256238659435045,16.413061980518425
5.0,1.810891475574442,4.343652305840921,2.2877960975613827,22.44525002885332,21.44586984880641
6.837741249009983,0.8157669105660189,3.538565925461106,1.599691895308071,22.414000038350107,23.305895196212955
5.248116850488703,2.3889119321108367,8.403081512330944,1.3596724597174086,22.38171015605592,18.429724569556566
6.608518993663392,2.3611191777058935,8.131870688060006,2.2494265978813273,19.799320179142907,21.2353583059812
4.6,0.8800019545170867,3.1505290639239956,0.5152761610444878,11.191687675817743,11.296766653913771
3.649657518178932,1.3334070857338192,4.195606527238994,1.3454386193869683,12.739639901723821,9.593790407269548
3.646916505762094,2.278171295646675,7.017673186903292,2.0191061448801184,12.720876771196625,8.303365418808944
3.7,1.0040485663662868,4.3270189900439435,1.4144437775097458,10.340840534351203,8.446720000441566
4.1,0.9223531482781724,3.538243586251052,1.7953163194344928,10.132000987825739,10.393844266059135
3.5,0.7922898268033596,2.528811683137624,1.9399215495519115,7.216272439775058,6.648413884909499
3.4109308508935063,0.48430322839553375,2.2250430527679748,0.8910478831928323,7.217554057015313,6.364471211764015
4.2,2.1368254630667414,6.326099254652195,3.3056417884762337,11.109126562066123,10.024254420100021
3.9,1.5776239516091843,3.690088119525446,2.0642982405063477,10.628830651064636,10.031672629925957
4.8,1.189417258622216,2.7678111849858547,0.7301302138001352,11.377898806704797,10.844217643743757
4.3475570103227055,1.4107470208226889,2.342226129753874,0.805065178776416,17.663422168403766,15.263766306689543
3.69312275301836,0.7348372871859911,3.5131797325866905,1.245173093396811,8.785339612147151,8.932357219316525
3.647212272990921,0.7733015491872653,3.538475639521792,2.338946068631248,9.296742982853813,9.266138282586702
4.5,1.148117511629212,3.541008742719897,1.1791713542815003,17.60229065504707,15.142835559486407
3.95,0.9570454620381427,4.863187605754442,0.9871061340263041,15.170388684617409,12.858119365964942
4.4,0.8794016924623081,2.924928851927573,1.3600446299960711,14.844772646883483,13.353123586389678
4.9,1.1271671520108006,3.9855166035476715,0.901633968765998,12.305847410256002,13.351726870065804
4.0,1.0610672664556895,3.7015267699889045,0.7733051623612541,15.204576843556923,12.073051809984552
4.2,1.305023660636695,6.836475670777429,0.9917628092487094,15.904440958446614,13.061833278738742
6.3,3.6180341236104727,9.327873372021644,2.700878616739327,17.88403496440418,16.417696645804146
4.9,1.237507918687794,9.748226426223043,1.9491992671381166,14.796977967575582,11.464359629934128
3.6,1.6701806270366848,3.5384591873824918,1.1251868169596841,14.878353807237882,11.126849206941166
4.15,0.6140981849919092,3.725050462290304,2.438522848543145,10.166982644942832,9.822449383765356
5.299626753098605,1.0901893212904106,4.453147067761837,1.5200012208272007,15.76051629309979,12.943710453369192
4.95,2.427904008836593,3.380806112710652,1.0627908136009019,16.91786192117501,16.10660218097159
4.049691346263317,2.0135256500950303,4.156529759085445,3.556924513724698,12.414536786219466,11.587483379462412
4.4,1.613463550332501,4.968661859533197,1.8502895740039602,10.96808090843602,11.273208871996328
4.2,0.9915381985368728,6.184559498427056,1.3027849859231182,14.50656240119307,14.098676177573282
5.05,1.4457645445419176,4.990203232126469,0.5845050617514116,17.89841258995836,15.507551508152236
4.8,1.2906011448943315,6.466171369134872,2.6698634742533254,12.487522974584982,12.74975582806808
4.9,1.1039243010966442,5.287712300535927,1.5134605232232612,15.317781346872978,12.59952752122377
3.95,1.2328653732531534,3.4704761159744963,1.6166262612403892,13.074309971871333,14.001147005546585
5.3,0.7729700083056364,3.9976824553351924,0.7217049560034255,13.867423958915595,14.693914347361957
4.488677099013066,2.433847363970909,5.437761906085168,0.6428282172585476,18.703664297873367,14.69933832706636
4.9,3.7908248788916867,9.745873777003533,2.20913369645324,13.085638464526168,11.43104570167486
5.087068499806542,1.2517652596197806,4.374874526493726,1.8194804624883918,16.922604595808146,14.594772083778427
4.05,2.070240508689423,7.930934534403685,1.3910751102679992,14.151159172387661,12.644089902394875
5.330512321911229,1.7021717418504274,5.579421796529683,1.2741352819137974,22.55222449560252,16.49451059227584
5.748331239147731,1.7372114705297264,5.648753010888974,2.210371020618496,19.71662144126235,18.565282696200157
6.570209910103109,1.3027888284215414,5.62359442036659,1.7876147527509425,17.211776891139397,18.34556876987987
4.390239021126641,3.849320062770256,8.376741487879322,1.5097782487809912,20.439773519404014,15.090381559690496
6.449403041635615,1.1552227688279837,4.928424903201182,1.7634034068944355,34.60667634249691,36.23554313697706
6.633342192140579,1.052116000806438,8.333337877630917,1.6894356173226328,21.967558300457995,20.9709051405146
5.8,2.017104470947438,5.30625662791404,0.6170351498064455,18.134632907390703,17.15881693690288
5.3,0.9494785621828394,4.389295550098362,0.900739801176915,19.0546709612907,15.066869784083417
5.5,1.2298968083204254,10.071854179806483,1.4515393441592015,17.78973529391392,14.604470761743995
3.6499910804498756,1.5857646373037066,7.88381712762024,1.0963169130382957,12.684988309052896,10.819238222612055
4.149987074917749,0.9175267262203817,3.706131420457565,2.551020086407392,9.914800165790156,8.931986904065035
4.149698784249286,1.1962962900311096,4.176365369490446,1.805921137077557,12.305550472182121,11.900772711132538
5.1,1.5386832370011898,4.159013068114566,1.8924939086415113,12.342440290804188,10.89130513424155
4.349712634186309,1.6027398860459707,2.8520823524363297,0.858281419647822,15.940042533544847,15.74089410220249
5.410132468926338,0.820630337252119,5.535029873679952,1.472746381994482,17.20840854529315,18.080740574230543
5.999878140952322,1.9327308947471724,6.467438136974892,0.5675219482177687,20.52794072248764,21.735883474522307
6.3873753144033225,1.575709096004223,8.66611095224674,1.6252846887200976,25.081648015469472,22.163340878643954
5.6,0.8860986159207508,4.418398845650272,2.3056423004527904,22.547468013541874,19.332304526042964
5.149757275833493,1.0402016558999787,5.994442215070338,1.352241374353373,15.804398919966395,14.35059580176982
4.8,1.1525571464976234,4.9915885185899125,1.6532407908243103,13.504964872880281,10.593177082004892
4.664168468778157,1.438698397065588,3.769567094115414,1.4559004832481313,15.620597887700884,16.279670426323918
4.5,1.113171653153279,7.620794384747219,1.414660929275124,11.078654822427572,12.068434875906236
4.1,1.9273608246665175,6.271134664224122,1.3149269898397677,11.312110381134412,9.102772904929079
3.77226997061536,2.381254403513683,5.085143420930405,1.0553337491219352,13.603446587211169,10.287581538472581
3.8,0.718479811176723,3.377090005333653,0.9222247972978701,9.00384809825967,11.59548994786071
4.199589512938617,1.0362834180801295,3.207451999704983,1.6473438754773175,13.761997767418134,13.162452128863679
4.1,0.7117569479059307,3.9213647933613847,1.0960706914860965,11.035355836479619,10.513035240055292
3.5,1.0561599142986333,5.387523195217714,2.055445315201771,7.3720500463696474,7.524982737053292
5.4,1.211635786231636,5.472326304100402,2.0866033588906197,15.23962442571786,16.868129160702978
5.1,2.410675732908823,10.536171172095994,2.3591733923688,18.263666294603166,16.404123761402406
6.449806198638839,1.7180818664154796,5.5723956609131635,1.9245618471533734,15.276768005015951,17.382532159148052
4.95,1.4088389990239305,7.646515545686767,1.9416050020780373,19.066190046767925,18.7655059952456
5.1,1.1611301127766527,4.712294667831894,1.7056610153503755,15.128510797576832,13.625747045851469
5.799743691659032,2.2629511338373813,10.88367498645862,2.2309595558903164,19.60618207115242,15.068753453083092
5.3,0.592718737491081,3.6374647434616514,1.225881688624147,10.562461892119268,11.38828222672577
4.849947226769877,1.1901047153352113,6.93310738285999,1.0641935056574086,15.318205023927208,18.687835531974272
4.2,1.3596599642889529,4.3609494362741374,1.3132242602497328,15.038068202515838,12.853613220268288
5.6,1.3849314380061297,4.372553543458325,2.3540051763171443,20.33671249035107,20.026065420930156
4.749736834815167,1.0507735724285607,4.19263972841419,2.3158558795743907,19.72371594094192,18.29590983995542
4.5,1.1348017406533792,5.743361564495252,1.2981008037841093,14.750667139851465,10.591158792475209
4.85,1.1928165484073971,3.4536945542607254,2.197488138470821,13.541018509988021,13.435230212243328
3.0854363607034174,1.1755901404859632,3.4817461427494654,1.8569943099591326,10.545896136342254,9.216338867628256
4.1,1.02718068309846,3.699608724293405,0.8074355540380947,11.21835480961917,11.466177956052793
4.4,0.8400733683124496,6.834490660299503,1.6905147050118792,9.714977205225788,11.3820910782742
3.9,1.115538468771651,4.088653376683488,2.652044176826249,12.478698618104378,10.880670208096761
4.45,1.3247460473652957,5.520791979282588,0.6220729258228925,14.413814824793334,12.534796967158353
5.1,0.6141856581024002,3.1717064392835406,0.9557055344834954,12.217251222004794,11.40087651469231
3.9,1.2986453198549894,3.723388545041275,0.7523822858131578,11.31958041634442,12.004404788876155
4.6,1.063282848946667,7.017949557860049,1.8668941831229553,17.085149908637547,17.61771548980659
4.0,1.8733534125409705,5.380993020017546,2.210278353549626,17.946115019568712,15.320358206759948
4.9,1.4190530936291799,3.995167124154091,1.3158280676263276,15.319517322303204,13.061912695441213
4.2,0.6085042182524942,3.4161631252470315,0.7151766767852163,9.784036604174373,9.93928576120658
4.0,1.163544314807173,3.9735490883218225,2.6518402522911817,12.348360157682253,9.33730730196718
4.15,0.852229855763495,4.235670909393482,0.4432627255122326,10.441767085606351,10.850542832474632
4.157132812502388,0.8045883376633288,4.620198224266729,0.6169785864705041,12.296198705408587,14.14338521495576
5.032089383295326,1.2110283115906222,8.883464757551781,1.8503321908934545,16.760407917354406,15.906877641391711
3.8,0.8050932173259504,3.606352960928949,0.7678435305290475,8.930550601825125,9.46888743273653
4.0,1.4083928841682323,2.3734575393829105,1.3483111423933793,11.190186680721027,10.855400905771102
3.669079670193347,0.8030297244422564,2.2426396423501633,1.5558862845425119,9.585960594480316,9.471243589779615
4.349712634186309,0.5863676434618085,2.1116105269604724,0.8382345334648883,10.630403988639086,11.35576142238222
4.2,1.744073578658581,3.594250213027725,1.9009109250972254,14.089835538483603,12.50409795073773
4.9,0.8852595097564393,3.068964774128865,1.1390834414046362,17.746996373868626,15.947136261083168
4.9,1.4931825316795866,7.883890955598423,1.8643509589602174,13.92245523923955,11.99658007108671
4.449719092257398,2.3932470679461724,4.672846823949561,1.9251242053563717,12.126484251832514,11.053166164209754
4.6,0.8325457436147863,4.022493720579555,2.4359296868217544,13.262447629541127,13.414579102903035
3.8496753109840314,1.4607949953585797,3.672552265386352,1.6295032910385874,14.784574005863993,11.782919555485014
3.8,0.6057311575739603,2.727861268745375,0.5365599018479944,8.675208386896436,7.607063102308207
3.5,1.1894787199957593,3.7489130853760173,2.0634323364449365,10.352326280273296,9.095207104297925
4.3,0.8132642560380294,3.6175967678901384,0.832016024583284,9.1200904552881,7.51372641098792
3.508573331503697,0.709381784752539,2.8317082509736258,0.859091624889863,8.827974144859859,9.312158856732028
3.5,1.6939677293223345,8.393148073016105,1.074848573447228,10.29901467832499,7.111609055997626
3.5,0.8668355882274271,2.2607460560841406,1.4161937088488916,7.431530498795614,7.188321371774636
3.5,1.1267965202718155,3.3934548477535333,0.6176820153359722,8.505936093385586,8.273840569956958
3.9,0.6140954234608574,3.8126389261828266,0.9939925275541924,10.334516451989579,10.512264509360056
4.4,0.8398728603516317,2.874999775720963,1.630631616326941,12.664143594402619,11.684714461731323
4.55,1.5838592788900296,5.856257201627025,1.4515113646152638,16.222721134649788,12.818705264773268
4.45,0.8917238685866202,4.1455133760137794,1.191551068139783,18.28447302812919,17.217250760814046
5.4,1.7371199423124726,4.627127201162685,1.4025708503820462,23.777743384151528,20.96862549584736
5.999538276650287,1.9320013441205173,6.326108544158496,2.9892752893872396,18.91139504257359,15.09409134684239
5.2,0.9263686883432992,3.123803266024755,1.5159191513431878,19.09274178177973,18.776243081361176
5.311619285389054,1.4589778522950063,5.7695317911529305,1.8773539482622053,16.11056612387934,14.881242673905467
4.8,1.775826711101815,4.061418877485774,3.6857587666750096,18.369356457597036,14.885132698847887
5.325616390435638,1.4693207498221184,4.4774845665981,1.9250695855340805,16.698900345931996,14.919234579573882
4.749736834815167,1.7775799789105406,6.180363126618649,1.51164452578805,17.713290774548817,17.99425180442384
4.0,1.1294242461094297,6.979892697372465,0.3310517645559924,14.623020316642902,13.487803337240567
3.762057776754454,1.2186729379076107,7.860348626687656,0.9571217422576138,10.355190161752683,10.722005378111765
4.3,0.5773699698707316,2.8318297773631946,1.1839870643894,10.344166457586333,10.512505104231256
3.5,1.3270924783594007,4.640463246615394,2.4120695629296267,10.8211591337318,10.591126863094582
3.947603941480325,1.2509846619946265,4.854540576460823,0.7559958865581211,8.963332744459848,8.473699576379712
3.6,0.8795443894432184,3.2346327591222908,2.3586416267912473,9.909814180516102,9.872923668608674
3.5,1.0625801977898102,3.549852101879835,1.5813071828044238,8.442095069058812,7.4250279662162155
4.35,0.6871036484205915,3.7321694752071157,0.9339992620907489,10.34180608939401,10.205369830705573
4.9,1.05557209295483,4.057389868850143,1.783399742948492,15.129295410693139,11.270207091050915
4.349777136389012,0.8798113963357107,3.970767691884932,0.7997690602937224,13.60323393505752,10.57993922888949
3.7,0.6142229671785074,2.166055016194817,1.374215920558689,8.733207974511036,7.171552741712978
4.1,0.7932970241977371,3.445760984538233,1.4620362208474864,8.785969426834576,10.005053673283024
4.1,1.196562904781985,4.640416695399848,2.763406387138714,13.788209093819189,12.729739752965731
6.0,1.321719453020976,4.994565337686562,0.837933572993001,18.246092284947952,14.006374879801108
5.140658994354139,2.7209637481401074,5.014395389696148,1.9256927427283517,21.4869168208696,18.27657895978592
6.0,0.857525650266288,4.741146396113757,1.182817120095776,29.206544780042826,31.727005336003693
4.65,1.2409002991256184,3.6991728161622026,0.7945437749860657,15.654231762227793,14.69446488994625
4.4,1.8823854059562295,4.417573124164323,2.0580565570061764,17.692597812609012,15.736581437108507
4.049691346263317,1.156678905496006,3.9858612261302846,1.8634615261741405,12.363744302481676,9.262418199746914
3.8,0.7438904132583077,2.794843261955314,0.8715688107786801,8.42942840715243,7.426898784615682
4.3,1.3554167134935122,3.514906970981803,1.4699978840838774,12.752151332442995,12.801122870172222
4.8,1.3013709378674874,4.112173509662325,1.0974451641740905,11.652345900931673,11.488058301520866
4.0,1.0388578639291794,3.8227061297623517,2.204538298808125,12.487695078825258,8.952640052462636
4.75,1.618904538694518,4.419852180516892,1.5137453420933344,14.876055210955888,11.464337230619597
4.55,1.0713090418300681,3.9086495260613416,1.339775425611768,11.735350638978462,10.768972113952278
3.95,1.355183561745106,5.196594999978767,1.5848343382888406,12.505993251374102,11.302670996127667
3.512478489186238,1.1196059330108263,3.403320556337757,0.9012292738464966,12.738705539771205,11.727072173109397
5.2,1.6966238946914873,3.4472568759111675,1.1361113201722965,16.917912111304556,17.804856309836275
5.5,1.2915660545309902,3.7794502305185316,1.3150636367806463,18.28946881765162,15.302541821585699
4.6,0.7732901233461122,3.476111081675735,0.9046251466122172,12.769877410564627,12.74099022601437
4.0,1.3106275680746142,2.595367311341208,1.2906605309596237,12.093085846068549,11.372087919354664
4.8992891261191085,1.2693632293845214,4.193206647967847,0.7651616487386523,18.6034015880181,18.333524488854376
6.340897277948682,1.8588272386917402,10.910897769544524,1.395626790223519,22.078834145314968,19.76645660837422
4.907891507739048,2.2093008281753765,5.968077202650553,1.7085285544052449,18.14509935081441,12.720049617505259
3.9496835316263,0.6341216609754113,4.869460351635559,1.297166650962986,14.764728707556948,12.695631234585719
4.9,1.0562035809554324,3.166384859696139,1.9142769018165906,17.161288086517292,16.1727893186581
3.856454761776476,1.3434291876863325,4.173664034867005,1.864383909674684,13.007189217904394,12.808238288853362
4.3,1.3538915560974747,2.864759359238049,0.6824194718877438,16.13133567576337,13.054401650161104
5.2,1.2002939387207485,4.326978004934377,1.1212128155636192,18.854818496714746,17.224482183979077
4.9,1.320808001283848,3.745594305075527,1.062595691357252,18.63873890970586,16.28955305069695
4.9,1.5042841172026833,3.3937291669743996,2.4431952416123597,16.097183258189556,12.94404932341432
4.95,1.0561397710802387,5.295128609261626,1.188970751269033,20.53421508771189,19.531867149280618
5.5,1.411085718444705,8.102780944731846,1.3604887492653475,22.360610742380967,18.495964320444212
4.8,1.5312860742817613,5.6718657427648225,3.0584305290979694,17.81095457124559,12.29141226020769
5.2,2.220288784545672,6.773915979439708,2.501866566881079,16.69128858640934,14.864013018799204
6.317066180409013,1.2863784319755984,5.675414110265955,1.9616373669867002,17.864384316910293,19.028738763880213
5.649778756730214,1.7210293291668368,9.618871794737736,3.598423456466377,19.2263345664317,17.148017701850474
6.820027516794518,1.1884214960144053,6.97995640171958,0.545366571000032,22.41581774530304,20.038206405550085
6.491432038887817,0.7060799088362202,4.0508210695191025,1.948153553171919,14.849967779692772,15.80832394437424
5.8,0.6442673581362799,3.1968355582853802,0.9524602717412443,17.95088751183726,16.54355730065437
3.5,1.1460053554460743,5.3851004235861035,1.3724057333239439,11.009104574517293,10.714417108327506
4.7,0.8802353391563228,4.103644841815407,2.483714442712635,9.721735908119463,10.1538506986545
4.5,1.3050249564858305,3.991585057583481,2.4894634089747805,12.690520469933775,11.093622888384356
4.3,1.2251887647695787,5.1608672169696925,2.1450407261142503,11.263772524407612,11.464610839183525
5.278913540653862,1.126019271400951,3.4358074927544853,0.8338946313009284,12.114306569589672,14.475046478064884
4.0,1.8811676340143793,4.409463169310186,1.262135071021851,15.549361314005113,12.818656818553197
4.9,1.006166885886725,3.505610078205116,1.4417413471226364,12.42846223953007,12.907648331832752
3.8,0.9912321277150747,3.3304486317172697,0.7036035254386922,9.377296189281862,7.111598743553667
4.4,1.2458045960494382,6.301556503165738,1.6569201630191481,11.276553567920745,9.949198502970889
3.649657518178932,1.1412289332390517,4.477406893653467,1.0290190185746138,10.53032374368202,9.329586568944508
5.0,0.7832665158227374,4.9763592958109095,1.0654076359642297,16.137483531575377,12.944546805334873
4.65,1.2963467418569046,3.5821843447945314,0.4609202390206678,14.574694819436461,13.439473838328864
5.5,1.1617193883091992,7.636667578542086,1.0208752104390197,16.659289886164657,14.338834955339525
5.2,1.6484557625228278,3.7341958313901125,1.9634403367118,18.37259543756624,15.882301138849913
4.6,1.0043867551345749,2.9346979329866456,2.6517491235653323,11.549103751200178,14.086321929281723
3.8496753109840314,0.9189284620534187,10.099144222244199,1.4165392351069774,10.749450220282268,9.938944814385966
4.7,0.9228189997824054,4.192653127763912,1.410121748052972,12.090499862328116,10.515820175390722
5.2,1.231252701707414,3.90452561238155,1.644208357780789,20.4906502809233,21.727729321717234
4.2,1.1894041310799899,4.943665769493295,1.1751089661610001,18.370972605614128,15.715479433453604
4.349712634186309,1.0509783938027009,4.4672736655252825,2.4912702683636523,13.70053081097297,10.138303864350227
3.5,0.912500351008452,4.5014340131362705,1.1799926402814835,9.913689162480825,8.93103580583438
4.6,1.3234410604534639,5.311744546348225,0.8537336172289993,13.958974984675628,13.040851816200789
3.65,0.7210239672389397,3.4366285915956967,1.5749565769821001,15.31733104776625,12.817115976195831
5.1,1.2199939510562097,8.4249270057655,1.850882125001615,19.904115483453477,18.95750190226834
5.05,1.8614418856724397,4.509865341247656,2.4935615711762478,18.055459086844284,13.33306442856469
4.2,0.8882359872743469,4.6041476664952,0.7954314958341988,9.767701567743641,9.820564675375696
4.0,0.7685272995247685,4.313254875499756,1.1443889570163523,10.413166487605531,9.927933539196736
4.049691346263317,1.2811225780220556,7.764543803611492,1.4352998909935348,12.217254382906706,11.723739391690422
4.7,0.8092606771718217,3.665916746883894,1.9255948527275353,14.166322721313975,13.062505752633891
4.9,1.1697581664541459,3.532025852403089,1.1169773214896295,14.791048939941795,14.069446169636333
4.849742261192857,0.8342805750454242,3.7211480388665428,0.6042294373658984,13.112575909206914,12.548789272667378
5.3,1.6998802848682815,8.499127592856468,1.1435278951205274,21.23507040000844,18.337626828961017
4.7442016427321505,2.0546765032003926,7.533935897992732,0.8551634596748682,16.337372819030467,13.442897615315509
4.7,1.4242679365632422,3.9750164631713387,2.0103968197139896,18.31150555230743,14.110821678695613
4.3,1.1897052493141875,4.375734693593389,1.8625807681950708,8.477635174923453,6.752006216359081
3.5,0.9770385390102821,3.1004989314128406,1.4873016869906148,9.586686684830068,8.477232241347426
4.098827976858008,0.5980239141413545,2.0816510048714707,1.0303633065131526,7.3134486558789735,7.538565103773466
3.267971561748522,0.8983719667438309,2.50138055664703,1.7231310174098267,7.238601385807814,6.324821453553468
3.646916505762094,0.7717801112116153,3.460387816662657,2.374841320396971,7.702068892319741,6.748988279604472
4.149698784249286,0.5981185889321621,3.4330824279342056,1.8279442414023703,10.112822454847205,10.838317682390151
4.7,0.8202842831000808,5.104797305736837,1.7925610651198791,12.262970102450586,10.297212002664855
4.4,0.8189052650482687,3.5655013059522305,1.358369784815155,13.32847769183247,14.79792395911968
5.4,1.3258878066889273,4.104821069545551,2.661958453846527,17.083924447732805,20.77417966723905
4.85,1.0902366229479503,3.1340051693990696,1.4814249229443737,12.690139290582367,12.91966167978502
4.849742261192857,1.3102921281001196,8.473906608872431,1.9257413413649225,18.497506377994437,16.414918447945503
5.0,0.8796561633085594,7.848209499640607,1.4214815513521037,19.72093896307337,15.497358730753112
4.35,0.6140438646259937,3.467277046586228,1.6250143727595412,13.761695125999237,12.88455078798123
6.3,0.6372478504911978,4.086856549877132,2.697522426040591,21.974209592955617,18.756776790525418
5.35,2.7064329521371673,9.521035570974266,1.2222602611168054,18.960923193901255,15.224354927872415
4.5,1.0021325760658963,4.211704759907439,0.892349327554872,15.224979849865484,12.979996343994404
4.54972526643093,0.7728429874275234,2.909221887380215,1.878756780448905,14.123256088221568,12.081532078814735
5.951185788703639,0.8798031259733772,4.192574800060809,1.284079134408725,13.946031472861716,12.097034135201639
3.649657518178932,1.0296632455654118,3.493205253256528,1.1038017703843759,10.942125460891424,10.220269761382568
4.2,1.0030165797627595,4.537326492316571,0.8075919108034029,11.282021922212877,11.557891655340244
5.2,1.0016236287024252,3.7496554364549226,0.6254711960412463,16.681924695070673,17.394141219297797
5.399254172148764,1.5348218252746126,5.644437971341284,2.6993358442489908,14.171471825601165,13.334907991516946
4.9,2.671659862775068,8.018370696433262,1.6874428688561462,19.72195759477315,16.21923281840246
3.949388891674173,0.9454747824555217,4.707355099858264,1.3362980903924286,15.278094130419728,13.808636252299783
3.5,1.8862558655524335,2.5165542844106765,0.6474090134172339,11.74588358177265,10.358179593981161
4.5,2.051024313177774,3.757825582940172,1.0305241012328723,11.886979448600073,11.314577627464137
4.2,1.3786719030676426,8.718717368137284,1.9471778871094623,15.8485378241532,12.46336428206963
5.0,0.7932935557134897,2.8607759306854423,1.1847244247162092,15.033643280930546,15.292949744468546
3.8717099954314382,1.279761107623393,3.7148706051824334,1.960320296991431,8.939469420017602,7.950503626081006
4.1,1.0631548375611501,3.9231626667235417,1.2302039737475394,13.916107075059212,12.635163340255122
3.5,0.716573304011848,3.879942804089724,0.8569856910781369,7.3802466681777394,6.995481980036165
3.069904561865334,1.451134880034484,2.8590591266576557,1.3030567311150103,7.202133735633703,6.745981379541902
3.9577018931259653,0.907071679246157,3.9310864472966913,0.7069092482188193,9.256902796877636,9.835023229298304
4.5,0.7863851171356103,3.896602846016429,1.6516483926865684,9.785048639095066,11.273333292375245
4.4,1.250052568701153,4.1042192213237785,1.8574138144557824,12.641633891952635,13.184068584662967
6.644057982219907,1.689407393841041,8.359987721732054,1.493040941568755,27.371576461996025,23.5427864824494
4.202765715530365,2.2157264851729983,4.41985838261489,2.223633422280198,18.134342189577858,15.08769086712284
4.749736834815167,0.9344606156626274,4.418588983150513,0.7486590683385591,14.743195842345099,12.817204968076322
4.5,1.2860556162097128,3.50572718478437,1.3593487703566225,11.905380030274927,12.096894894847189
3.5,0.919762104767653,3.1532771133479165,2.052449521543532,11.035403135255248,9.40185726718601
5.25,1.063108211062861,3.2566868908811686,0.6075782949123587,14.271877199954798,12.735807991228215
4.45,1.0792678666914628,2.9106943151583673,1.4370345761240892,16.70836656120205,17.31594002404238
5.674836863122452,1.1040257083665184,3.686925720299146,1.5078884224089437,19.30039136710419,19.25478007669389
6.0,1.0252425601407413,6.946551820886222,0.9922458789523411,18.624306452522276,15.741925522715526
5.0,1.217576100060514,4.573150434057163,1.5575087251427717,17.000757232941584,13.626082353607291
4.549791989631305,2.6953955518484447,9.327493455381518,1.8532084926380696,21.561931632714078,14.115385424305623
4.4,1.4253656710257092,4.693719362133479,1.936802512728676,12.478961739779303,12.972131910005388
4.0,1.1728682404379969,4.958094005999354,2.197334957452871,11.751363764703143,11.855496625381033
4.15,1.6462960570701397,3.4755497699527504,1.0961993138043271,12.679427816042512,10.518207343570095
4.3,0.8406073030733181,2.845629686753876,0.6145469656382563,13.603414158979144,13.041779886809206
4.6,1.2857252813450109,8.645127914197431,1.9615475718551578,12.304778529904421,10.840758258145055
4.499913880860187,0.9124677694968065,4.628147337635814,2.180457736025813,11.849976983985924,12.093690011244464
4.7,0.6571383617338293,9.327468378479153,1.6373439153830824,14.873545732553241,15.067959648346514
4.348051771938206,0.7256371718225207,3.9709330283894673,1.3559349502659885,13.073372961875036,12.294079758191048
4.8,2.4024960850323605,6.5129967307841605,0.5078183468585881,19.88952300586328,16.839124189799435
6.2,1.367350952326496,3.887955868527652,1.428179120380631,18.657383221279833,16.90742793814527
5.9,1.1602418393081335,4.8968908976943295,2.371093415967081,19.722851657887226,19.565769497759685
4.7,0.9557093115952294,6.835475937458267,2.240209713336577,19.957580324599625,17.161751178169148
5.8,1.3026932527540644,4.671730558261653,1.3586188341693226,23.6530571706235,15.568321885736067
5.4,1.5023522083826129,3.9338690951154467,1.3564459835208167,22.129933631296502,18.773232054415057
4.05,1.5273602675538958,5.5788333528053675,1.7422991999283648,15.239967496798304,12.821184738364467
3.95,2.2166529406825637,7.080453591286628,1.8903885696407394,15.655468032514165,10.720326484719934
4.4,1.1510662171785377,5.030965436643484,1.4703628294390894,12.45502084538606,11.026258836967207
3.8,0.8046422491239296,2.84714804341943,0.9318636035923115,8.467264314497644,9.523602318862958
3.8,0.8305603455452888,4.535991784799378,1.0714286014476646,10.307331989979646,9.835163725898594
4.958258668507759,0.9693049972116426,2.8326167657618124,1.8279354210135805,17.20750619101138,15.963748604249572
4.75,1.538995067200102,3.7389069833473085,1.6130079224864844,13.361820031444553,11.080490655653263
4.8,1.3334193890225399,5.023806742246106,1.0551179726687716,15.88093133950775,16.412018681412906
6.0,0.8466408400104402,5.142321559189609,4.204254638414505,18.48700151283058,17.335489599372647
5.4720072707986,1.710373869616919,7.889694298323938,0.9088224467191186,26.445377282737113,25.37463954138051
6.3,2.264080714250449,4.9435410734472,1.7684572880768026,19.723178235282,18.329026808299
5.3,2.4815154902601058,4.827126833730278,0.6408032091495743,20.20773516288902,18.96881958997197
4.7,1.7615930084305993,3.9699675827975875,1.9980464139306293,14.923897038062462,12.62856193846268
4.15,1.5142999315489183,3.697833958647515,1.3960110253702867,10.753512700849392,9.095505561043614
4.3,0.7818374732745813,3.5383605400299514,0.6218905984836431,9.40680428949056,10.116082104163509
4.249705872175156,1.224690121795151,4.826407989442695,1.0814625150158543,10.383218487772654,8.998710378263725
4.2,1.2932823964813482,3.1982504405433354,0.7400418290693461,10.56215169271607,9.600614456931165
3.6,1.2756084173555509,3.5348131104753424,0.7941225551505763,11.018544568250746,9.345670581273454
4.0497617997679205,1.4112988256402903,4.167628158366703,1.461456575269855,12.900048180475508,10.22493888107326
4.54972526643093,1.0011918397262403,3.7241660135820975,1.5991441418313581,12.827289489842222,11.699049125528903
4.1,0.9919514097620835,2.4932517463233785,1.3593682960980469,11.858137827048628,12.342947877013357
4.2,0.833052969963361,3.3929971817911793,2.1833300710839345,10.61715065349139,10.107790317614452
4.347565063627202,1.0246780429630418,2.7236295468826905,1.8343001227111744,11.712233244201032,10.815965831162012
4.4,1.1704161839370375,3.3197405180787873,1.0287582038816385,10.303827084855216,11.088785161970831
4.0,0.6400626142557286,3.4305400241721427,0.9357552614370108,10.165367970501507,10.221748670203695
3.5,0.5576700018168932,2.2936224999585098,1.0016906881294374,7.430474938471195,7.140732638539027
3.5,0.5920311488789076,2.572376316676629,0.9154502924795108,5.441959006002778,6.593319172678792
4.3,1.2496549633373755,3.2133651863091095,1.1264346654860775,14.765757693309915,11.476892621004984
4.1,0.7118175198930332,3.14011014200768,0.9869750548072842,11.322881242104547,10.792181870080068
3.8,0.7934298224941634,3.760561795344006,4.036914070708455,12.08715940780908,10.826471380661044
4.3,0.8092944712775119,2.5178640680192697,0.4847887113678307,11.812279106082897,10.028565279136803
4.5,1.9211006600064529,5.651770714423777,1.8348908060928102,12.31221624350864,8.9366295294887
4.349712634186309,0.9547355989925684,3.9027825069648365,1.812979948919861,11.26359541236896,9.930718944298048
4.2,0.8078309830105641,3.69468067620933,0.6880761321210807,10.30258940600223,10.007880891478694
4.55,1.2797728232718595,3.9709074791334182,1.5114518305866778,14.197163457904143,14.087877731428273
5.4,0.6478806256462143,3.7251037643103477,0.7080234640370667,18.1221108553529,18.98987572436364
5.747763033969269,2.0192919779415397,9.74322025822322,2.4474335658990825,19.72032050572975,17.163102744779902
5.5,0.8112378938133744,6.048819335184543,0.6203581287517561,14.089636399581558,17.621515093256907
4.9,2.405554017721628,4.808273655362578,2.8984713443977475,13.950036932428366,12.822224261971193
5.05,0.6498149579384682,3.9293997930549556,1.0552252841944965,14.684144581350639,11.687434625929116
5.6,2.1203649541382235,3.5378209147786945,1.2449159423740126,19.336275943476927,19.65436951801462
4.955426302032788,0.9890691077277786,3.5210609807256885,1.7573200641574014,16.798826987654994,18.430150897256077
5.3,2.000302196885794,5.031272660556487,3.57994832491853,20.821291259836,19.703817810297636
4.849742261192857,0.8703969280821214,3.9947420362379487,1.2358722048912223,15.047111309435223,13.615948184067848
3.9496835316263,1.1918623248976383,3.258265013386043,1.0777117778496448,11.156562687627046,10.139468240513136
5.8,0.7773694241355081,3.648427985203185,0.6256597600178209,15.635494708188732,16.87689788266272
5.449857035977565,0.7445779249069128,3.6659271485674605,1.1928013564806166,15.680792876541464,15.38489295438756
4.649820717482649,2.047374011019032,4.819141144211553,1.2780503438678463,15.103115957149775,12.985700016898946
4.65,0.8346286202317403,3.1643657865879224,0.7203085705218945,14.07703437362059,14.059408852685833
4.9,1.151126218177772,4.419815513839196,1.7965473399290979,10.518662523101511,12.72165033886809
4.3601555487903365,1.4567645976363428,4.083195181337447,2.019544655954228,16.77221746838091,12.278425865961335
4.7,1.6988595345634245,4.955371738785477,1.3195212744707787,18.429242971697313,15.067154875882414
5.399614477723878,2.031605486868277,6.0013000432167125,0.9844202822013363,15.292284163301979,15.502723474642735
6.113101461997494,1.1811909867589214,3.986848858583625,1.4167307521303216,22.94700179170775,22.442677688610644
5.1,1.2514618214077893,4.155123870026984,1.495135941229495,21.247512985914113,20.150815871003996
4.6,1.5838592788900296,4.705815544341822,0.7992018882390711,17.83541777993488,17.853636548599816
5.2,1.1932689297305383,4.690158169207845,0.5390106369393313,15.800190636991108,16.436326910617336
4.9,2.206298954590839,5.159850583174725,1.2914078980245782,22.501254927320495,18.431764793491023
4.2,1.055852107789202,2.8499866008055945,1.8240451781355356,10.98555414728342,10.480852701704821
3.9137914396546956,0.8882231208590543,2.260086856717614,0.8384769589371867,8.546434511912228,7.850264187795923
3.646916505762094,1.7007257528946276,4.9921784593689615,1.3228587322726535,9.645164639408062,10.891144608688766
4.347569559877291,1.6707108153185186,7.076724807181321,2.0299302317027057,17.894969900059365,14.575511536088113
4.6,0.798306658862557,4.419314541894362,1.7223761768714978,9.967391238314454,9.826774256623619
5.5,1.2942856792862385,5.179279715092152,1.3321606880164751,10.645944187708727,11.488090389465516
4.6,1.49204616372771,5.129733579700907,1.5021029623378082,14.52781063492801,12.385115661729268
4.54972526643093,1.5917774753016953,3.970211014681054,1.5334056061262538,14.524251826494748,12.097365779388932
3.646916505762094,1.6443149401196646,5.728943444554828,1.3735642045624346,12.82851630758495,10.510829628492239
4.2,1.305897294747557,3.210521979471411,2.2141624387405785,11.212629503015178,10.208584606194252
3.646916505762094,1.1882345114270505,2.3454083223927373,1.5106959729464642,8.61900606227703,8.225478355969846
3.501257291098534,0.6074332764943255,3.4314920080630116,1.6262652160067579,7.230160100918549,7.109801167522978
3.8,0.8338219936039446,4.927902677617783,1.9247632877097811,7.491204372591413,7.460448774487861
4.5,0.6170350056550952,3.5136598809819857,1.9296504431979185,12.319132932382034,11.443606191279342
4.3,1.4177860179572477,3.9710484751832342,1.8899405746526088,11.531969485636907,12.130672780683897
5.3991511607223615,1.5464828824105508,3.5318163342978792,1.4714685583204727,15.044034499114037,14.72433974436328
5.8,1.4933242438621235,4.254203875462923,0.7507891984272536,17.07423244364573,16.662293389123825
4.75641993203593,1.963889216991116,6.273816756290114,1.4255117146937186,18.55304857424166,16.568318512747656
5.5,1.1635536846095211,4.417864097901405,1.2618076831998304,24.83463591697342,18.13228775221532
4.35,2.759687740551451,4.87476281367405,0.6895114410008933,16.860086346813166,17.28546214683221
3.95,0.7349187206067571,2.815022040677372,1.4034956061548753,14.415994142253092,12.703774204259222
5.5,1.0007713391984523,7.85807526377528,1.6600331701913318,15.29098498683886,12.720852857348524
4.648508434398137,1.5487308068104926,5.308843260089824,1.209783962467635,13.853664665587804,15.807094110798806
4.75,1.4240035014747427,2.9192792051355716,1.2769203743380475,19.35106716866805,18.786988813717784
6.3498031465550175,2.273454496203381,3.5991917267595,0.8940827223109289,21.763294524265365,21.801083978871038
5.692953406669208,2.8499655044515313,9.508282656262807,2.413943929675406,21.96521177620845,20.033139193069346
4.648887900303768,1.7958182445311348,5.561688186313299,1.0963325897006369,17.28820056658773,16.215637230283185
5.5,0.6562477794355526,3.4663915624016766,0.8544416009809562,15.343405738249887,14.032868225133452
3.9496835316263,1.5451957256688582,3.4764026787687405,1.3212058753329445,12.30561818090359,10.457612374876419
4.45,1.7020376592619584,3.9045782712351325,1.6150305486959204,13.945504239872479,12.090588106055943
4.54972526643093,1.036531495896778,3.4759137909131606,0.6245216427726874,9.842506741525373,9.217077518382279
4.85,2.313251745440609,4.864841144684538,1.366662040341431,15.664362479587306,10.847497562445243
4.9,1.5494829765927287,4.210877636227509,0.8572582682779275,14.522487857085697,14.111937106264094
4.2,2.4621305641990525,7.863115802440822,0.9279045609474129,13.305453688973289,12.59952752122377
4.85,0.8833586342535311,3.072055848734185,1.3741965267296687,14.546049781301623,15.7267317194045
5.2,2.412986811837262,10.582221664361429,2.2186423425662176,22.417178985173326,21.51559102049179
7.076170080513258,2.6180529805850323,8.894424857933695,2.1266525622424957,27.6485480242229,23.822578480403326
5.333541467732576,1.4192402926772,5.210441758010682,0.6255501120911869,19.729629096675517,17.81222562567654
4.4,0.8793795761176281,2.702063605838463,1.8285618886160844,13.027666160069606,12.463169076948343
4.2,1.7935997677222109,5.851142924416908,0.9334324459675911,13.024400055019866,10.206817302442325
5.5,1.5131173158677915,7.660406746639566,2.6972740022895323,19.092930013888125,18.34115192339246
6.3,2.342584489504316,4.417692392738629,0.6255883184214868,25.664510986143448,21.813500324991022
4.5,0.9839884617739179,3.5407705874213065,0.6234115297963716,15.203023236570454,15.694332046513
6.0,1.7291081927780143,6.773328224339357,1.904267754596691,17.195580755310353,16.896382063506252
5.0,2.263192982471705,7.932778294884561,3.327531683171988,16.62472721188493,16.41670486886147
5.1,1.2462029579082596,9.860829533169898,2.366952971296491,19.721597483662883,16.223014676478698
6.0,0.834104614352196,2.2720275779936365,0.536574217395818,20.217058847388703,21.651695947510547
5.4,1.1510604820390047,5.6710648418421865,1.552731905394286,38.26486349246877,29.869826703612055
8.531405476603227,2.7597558607304418,11.900861280825422,2.4434444541300766,24.35970364440065,21.66060413322934
5.3,1.7227161126703776,8.666936449822304,1.656893077411616,22.025228246803454,18.794897085175137
4.0,1.2414754484703643,3.6623029144842247,0.703518802333614,16.71367762630298,12.864720969641542
4.6,1.7317611700530933,3.541489022068787,1.6918114170304166,17.90047060471651,15.482403225191861
4.9,2.517199352206159,11.341645185482077,1.7858912877313287,14.858902625523935,12.59952752122377
4.3,1.2520774786107642,3.9872438426612833,2.452833164540508,12.04875977931469,11.059914965633748
4.941035477371187,1.0544565185975825,7.073415255735525,2.143521495426609,14.802382385586151,12.817199794464408
4.5,0.7982743438945055,6.829636599546267,1.0669420732118953,17.828392631801254,12.740692085573919
5.1,1.321963926424662,9.695918627746059,2.0241743274640234,19.284568903961713,14.703805486664042
4.15,1.14386081954747,4.8281690793375915,1.5097498125096973,11.395888472825316,10.746336461611081
4.9,2.210653071200776,4.477752025110732,0.9007481188899816,14.855615640256199,12.823019103922777
4.1,1.295953624908937,5.334672389135329,1.3742563841074904,9.960853074014869,10.033223382879289
4.9,1.4163036825575632,3.6183614878095827,1.3459492513631481,18.112478705136215,18.047560266149574
5.1,1.701514607171876,3.512987895198435,0.838602697987258,23.066402950528165,20.060098801216252
5.849786320883866,2.1944800512783096,8.949820772682516,1.770530589265862,38.271678085134994,29.687206332416704
4.949747468305833,1.4516407225522974,4.89316602079014,1.245013508266376,18.703534676609983,20.539955296929786
5.2,0.8048043766398454,5.713520065414969,0.5357551869500207,18.538360084809703,15.698777816752788
5.5,1.8396424155774562,8.009257690483254,1.82611829984243,27.06088826949874,21.94399972449288
6.3498031465550175,2.1377487108778785,7.0554291221359415,0.8349785163457021,22.976663209066473,21.659839326223643
5.049895669269252,2.8653702755832104,9.75547253048085,2.2903594921935855,19.053455569956355,15.90518539347314
4.499268633428476,2.4019877477248337,6.597523052539911,1.685727888130578,19.608075435894527,14.020128989593001
4.65,1.0699214809195554,4.535091457297242,1.6647958455603538,14.928479159279675,12.456370034598988
4.3,1.4002246843051334,4.631112344022409,1.3381980538754212,18.394257556465035,13.44498990493204
5.6,1.7718273981416286,8.04909415396501,0.9701507151168898,15.352859816448072,14.445784282695126
4.6,1.2412429112502057,3.4629557755851543,1.3152171097210408,15.17774420979334,14.499300536694864
4.959930383035754,1.3109704110302431,3.9940482513453914,1.127136236621512,12.676543990724873,11.325569326061546
3.6470859950919894,1.1481270407289719,3.383193473474302,1.6216994728806418,9.071965956566894,9.620548136507438
3.95,1.2989606673928904,2.5174324438982483,1.3032592111802734,13.4711079362155,12.639705099636133
5.649778756730214,2.3933167273009572,7.8501181317131365,1.6187597246268512,17.653372373730402,15.3752215561048
5.1,1.190917094973837,9.619007076092055,4.23538639895111,18.664941839666884,13.116445948282786
5.067073443296707,1.3027259755773657,3.4539506891717915,1.8018719279338564,13.68734133692634,13.03584143097585
4.15,1.7253260520402893,6.65932899725526,1.12774167844583,10.495944125820142,11.264956196701302
4.5,1.3535008624315292,5.284283800327046,1.062818132192653,13.303392376623966,11.817353797827078
3.6497247988390016,1.053499430962213,4.0262979655684195,0.5239828503290966,10.132891355355971,10.244915136900993
4.9,1.5124938474741196,5.283833131351617,1.4645652778974287,15.287324597115347,12.622315486227002
4.5,1.5275594080888175,4.9605632789687775,2.2787832714315783,15.204963016343354,13.3493038916476
4.1,1.438990405222645,4.119639377409632,0.7292424312726382,18.094826502181892,12.395617768984696
4.05,1.5963057839461408,2.2952954173087097,1.3920020436275153,12.670553253902213,13.104541944183158
3.8,1.310783077123432,4.023021323357475,1.3943276206077995,11.311669164619394,10.207839338014052
4.1,1.0162986559584264,4.472956417854027,1.8797187143583451,13.108880106362461,14.589115494440515
4.9,1.1800358479441218,4.72325513347689,0.5222630603547366,13.600601801455486,16.84008683341741
3.5,1.11850140071456,2.862891565950187,0.30670044567444854,11.075263955967332,10.222575275160446
4.3,0.5596194566241484,2.239041446824867,1.298642152723265,10.347488046977196,10.45939979449672
4.9,1.1806315994062888,3.970300721994821,2.393029974566007,12.485721976989943,14.25017432725
4.7920902401276875,1.0030015652324982,3.4533985444953865,0.6076565964928033,12.486305381660527,11.038277529986845
5.1298086446722335,0.49443206278371965,2.8328019766754746,0.4236954970929945,10.527009852585003,12.892292677335393
4.4,0.6129962568804646,3.554801466690552,1.3289096732179315,8.787706295810517,9.481435151042426
4.2,0.8697776253441115,8.631582374729874,4.145286650513597,14.151427267438242,10.220676165059212
4.55,1.2946093751213525,3.2744588818936626,1.0815386670518161,12.792668847488232,11.269817140126648
5.4,1.7217367432812927,4.8184492298047745,2.3615356802959435,19.07699770320432,16.442360406569378
4.85,1.2444485600016595,4.374394555230415,1.5663677380917422,15.943721978705389,12.985377305944004
5.9,1.2505532060901026,3.6873865760260953,1.0814687545999018,13.073366953925992,14.166439017930418
4.2,1.1035675175280655,3.4376173890546955,1.4256187608623212,9.460095754208128,9.26334400258839
3.5,1.1863485835696035,3.3818482703009667,0.8928090158722547,8.949968917712411,9.0608943677626
3.4882726186852935,1.007312398078613,3.199117480737301,1.622164201384292,7.471184887966908,7.110391427088537
3.9,0.542539524247397,3.516445545944166,0.44431117479010673,12.002669473762735,10.766758232438905
3.9,1.447480894499743,2.914308358728015,0.9197501739366934,12.673309236901872,12.810715937202067
3.85,1.577945808630943,9.761393682885513,1.5452036009056633,9.75115755376766,7.98976005842562
3.5,0.7896378215207043,2.808840400085359,1.181717652222778,6.210349501623267,6.805310806508103
3.9496835316263,0.7483609310928785,3.719453787257313,1.8674067309983302,9.514584609663752,9.899926969096704
5.2,0.6638275377769227,3.083801731807584,1.54258074704727,9.511113139631881,9.825099215554776
4.65,1.0345707534274415,3.974264891681184,1.5750323102581978,11.45360251581323,10.293984652009822
4.05,0.9997788277912337,3.8043532258280215,1.5160925562102368,10.78708318054805,11.332825787809275
4.3,1.9804877538915848,5.430160722724886,2.91636803809839,11.610531756391829,10.929626728884271
4.55,1.286480477018789,2.939624297617184,0.7345295722245083,10.558590356309733,9.171289169153656
3.6,1.1924178991082504,3.702248142781226,1.6569218937335566,10.32306378377314,9.21626933893719
4.849742261192857,1.4552624327172121,5.076156646077818,1.7093395391177733,16.59432120084225,12.450938407248112
4.5,1.049341457746756,3.8071724986775775,0.8522989086833532,12.460059668803927,11.114990117858087
4.1,1.0741788718595657,2.721696176038939,1.7698925706731305,13.325736602323683,12.802596773486517
4.3,1.1640338496352076,4.105040668272273,2.14890961939406,10.32869638419969,9.222232632730668
4.4,0.840724444369145,5.2212285859786,1.648434477052222,12.350727134665965,11.63777442915911
3.8663466943325018,0.6167057175314026,5.000959663659834,1.5549506739353225,9.45544069789658,7.526076058635308
4.9,1.3787265287984076,3.976242225738827,1.192911866333336,15.834620513147026,14.91627343440933
4.0,0.9163046363024241,3.6567519422114274,0.9304694720165301,8.914617362321486,9.04636838087055
4.0,1.7148431914197402,4.093921038844191,2.856128492867488,14.29384805059385,10.739525580214217
5.3,1.005744271345581,3.660927082204974,1.6254661483643729,16.086643989026577,17.81748535643359
5.299685033307816,1.0644181505032984,7.751313155826222,1.47164124575764,19.714905317482238,18.284808684623673
4.54972526643093,2.354144152606035,7.836358538591598,4.125999560368284,16.369283075077416,13.657516468382655
5.049752469181039,1.0602419626252135,5.167049558649848,2.6993282178414164,11.593302035104452,13.034297870109466
5.3,1.518081850726115,9.759943452032527,0.9092763349382806,16.09957212977847,12.79181871322621
4.249707151667025,1.193232954305123,2.938654015076575,1.3706755587869932,9.713017912266464,11.092151105188165
4.75,0.7599949895053952,3.45868051505687,1.3306510709325428,12.751418135820568,15.130015853013079
4.4,0.8578183469514639,3.8962271556541452,1.3405235087370782,12.425815441648139,10.844539435700606
4.8,0.8363283113350478,7.9832655331458655,1.7277684970168432,15.765762391048378,15.75404458281174
4.9,1.021672143699745,4.104450391727479,2.3536283820150987,17.266962566811827,15.553609129393472
6.0,1.8569059911498744,8.289041114044421,1.4237502778700295,21.26279576953449,19.65989490858163
6.0,1.2810961409180364,7.588477258439198,1.9363596825268437,22.814468377279237,20.03565960334178
6.659659425479537,1.2306158573469008,2.756536647235508,0.7091916313659987,19.744030201767,18.206197550111845
6.0,0.8772777401964934,4.827746861126931,0.8412552436280798,17.754057204435373,16.520419412034357
4.35,0.9511059563015702,3.898071005168493,2.8808808975359117,15.167874377933446,16.809425021862147
5.0,0.8315170644696424,4.718078336542604,0.4725367207610406,17.89175966973767,14.03437581854138
4.249705872175156,1.007276884190166,5.068617600703684,1.7830237324057496,10.61632963945101,9.200670720436385
4.4,0.894059104558541,3.011485906453219,0.8929830432153427,15.672764689017606,14.117436050107797
5.6,0.8425106835970998,3.7291590868951285,0.9196287123498719,17.641739301525973,18.340772939263594
3.9496835316263,1.0640996187817184,5.023316382652505,2.8830000509461096,17.607154402440923,13.563933222919365
5.5,1.192184196268575,7.45157867252961,1.6689294362530895,14.680500073161008,14.30363628462756
4.2,1.3191340568771075,3.4803157072202766,1.1489656858443413,11.035047511301965,12.146598418430525
4.55,0.9119927927639913,4.885758544872517,1.9695527890765137,12.417316710286162,13.056609257669948
4.8,1.3271227892246609,9.043620784288041,1.880123416485992,14.235263392649669,11.385034230254892
5.35,1.30622832840476,6.231416791191768,0.9044200714252585,15.601132360313775,12.693640330955398
4.3962253101759465,1.6416656437073072,3.5342221843605985,0.424136191362673,17.204521867937206,15.428794956989291
5.0,0.8354902285124292,3.8008032023171983,1.2279567872107562,18.346402837329407,14.990048995584191
5.438905131145961,1.1599075065514,5.994989366967009,3.7617556912694234,15.943805991942673,14.35026878579023
5.66288327001847,1.615687339155577,3.9920208032845204,1.1814927285235666,23.271655237350263,21.795418017409634
6.454369969504963,1.1044468682061739,4.990241005741925,2.4346698588404343,22.53792392331561,22.24401250603642
5.3,3.678024954074292,9.745651703833664,1.1828159270547465,23.58367615937754,23.982257650849224
5.9992908026769545,1.2685547415319305,6.001079859259107,1.8667908927748451,24.285399013049897,21.45955466903217
6.0,0.97357260105864,4.0498195285776655,1.14078083498875,21.92862546243979,20.789397282206732
4.7,2.345300610311756,13.569397950498098,2.031398525686002,17.928465127895286,14.28368950827767
4.65,1.286811833985322,6.157946830062681,2.92880846432004,12.092742229146179,12.734382786016422
5.4,1.3047889977835556,5.899399964811462,1.4259443942685246,20.11752075581253,18.155492040529364
4.55,0.9122773834307842,2.7239272231662954,1.480547248948727,13.251075636055488,15.4965187944402
4.9,1.4552279721435408,4.0831992209513865,0.8585693973361719,19.356622221133954,18.46903523197622
5.404472587515369,1.192199959756441,4.103199084209834,1.960536089677335,22.445006290261766,17.471000919408873
6.717096440456865,1.1792150743660543,3.9976179549975446,0.6076622071205073,15.003921718567751,17.46759120282055
6.3,1.0879618045048058,4.027341702587229,0.9954638676915744,21.205630184575714,19.7416119115818
5.149757275833493,2.7484523254093447,5.440679278752566,1.4797046085624599,21.60418257619185,18.396167780577088
4.691354432991192,2.3282005251922384,8.66654826951583,1.7678575039727753,15.013214419698897,12.318353162316814
4.5,0.8132739399214897,3.1061224914864596,1.096118247440299,14.089780207947813,16.432128382786146
4.1,1.4565040039012802,4.24541866459143,0.9989370474709218,15.627754472527243,14.685533524841679
4.8,0.9325840630233552,9.380431972975854,1.4567743708149108,11.413367931409725,10.521169694062358
4.5,1.4900502191639708,6.093668649544219,1.220245136371464,11.93483218526203,11.996878884423257
5.3,1.383735991293818,3.9985887901343604,1.0354643348738697,15.277753383806784,16.53522973858287
5.6,0.8185203939956628,8.871714384522573,1.9135726987547905,23.014457922198492,21.25076079430883
5.8,2.3528719820842285,10.259483413451477,1.3845587252759606,23.195405055022693,16.843458704099607
4.0,1.19681695858481,5.936003261467548,1.5264906969275422,16.778952242640706,13.224237401064638
4.8,1.4467261298096605,8.770259592757638,0.9169490261400018,18.06740667535788,14.929181684372814
5.1,2.2155205497388275,3.8595702598384296,1.146727916388826,17.077760476612074,17.0462538446541
5.0,1.7447945373272002,6.467531200215661,1.55852189610224,18.867625325514606,17.3432850089518
5.8,1.4568783257203572,4.007980622644381,1.9657416276364497,18.633494453110945,17.629347724629188
4.9499761397067505,1.4568764764704591,4.006268493570692,1.3395219076129317,17.61577511287313,15.956867773987033
6.22040548628716,1.0754408442792058,7.776566031145441,1.557447736706322,25.694683140303574,33.32131058600777
4.049691346263317,2.5532868015451218,6.184491683103748,3.7460673355563774,15.622964407983515,9.948301998604144
4.6,0.8077548235012626,3.7246660484219043,1.2003367685011797,15.31975535344753,12.400145478142827
3.8,1.007331731231546,2.5200340300975625,0.8340165897132147,9.52694098990856,7.58800184513943
3.5,0.8253848666519724,3.5912420437524952,1.6544057915320876,9.405771994693351,8.348430044100983
3.8,1.7822628595595247,2.723983238496087,1.3741474970602792,12.826831444668814,13.452316149204314
4.249705872175156,1.1900691258053187,3.8991747484970882,1.5170140614079424,12.606731185236209,11.656706533334823
3.5,1.4842450612259173,4.528889254233485,2.019372128626701,13.191710009337775,9.843168074077067
5.1,0.8137856257818046,2.49540516967569,0.8619506739420396,14.488566734440573,13.197162100169178
4.5,1.0346526190695597,6.121435184841095,0.8350188140468758,13.691470453795107,12.734322549236657
4.0,1.0203478346874566,3.7242806737981144,1.440036819670322,11.116351386799188,10.612903508804763
4.049691346263317,0.9895998290392273,2.3642233359925364,2.0608914775497102,9.815758374532429,8.936836566587877
4.4,0.7282259430332174,3.0385914594398407,2.231631249523639,9.115479865185415,10.815228143995045
4.249705872175156,0.9797035009046582,4.05908382332413,1.4020707907256769,12.65364173158043,11.475344042730292
4.1,2.354715465726096,3.9651561819356287,2.442977246347106,13.603458378883516,11.456555353403445
4.293999807677313,1.3027887828857025,4.566852805552024,2.1966553976168535,14.833657582066147,13.033678661936895
4.5,1.0320513606088608,5.922153273952589,2.7021694991871383,13.264552115369957,12.372054429023759
3.774814798594955,0.7894588060015406,3.2745968914511665,0.6185105836887167,12.068343728661956,10.597479322950857
4.3497084486612305,0.6525297940553291,7.846170676095291,1.3750962942371798,12.413087640567836,10.83964922780569
4.8,2.085714401657047,3.7146715063571545,1.687197213599142,16.018932166049392,13.67766595947697
5.35,1.423717768686172,4.32631002054287,1.8364296143196832,16.721629283944907,14.361163062401078
5.3,1.125939160642631,3.6373115913391336,1.4647918054702942,19.45582025196225,20.77155989258456
6.3498031465550175,1.220103120837448,4.128420152265695,1.0091865583591018,19.723248060793555,18.40381188582215
6.3,1.3998274592346747,4.326992404150759,0.6123018730719237,20.877819870770608,20.020488532443753
5.5,1.5416767943995917,10.132799399106311,2.888700486270325,22.684477749374125,18.063047483498792
4.7,1.0063892629173972,3.715111210433294,1.513565003473998,15.330698164960229,14.885712505088657
4.15,1.1388221337000182,4.71394263918427,2.0294263842083318,12.345123240144952,10.351522877833414
3.9,1.016073267854979,4.835408661133642,1.9165183936877361,10.802727679714616,10.22137710241745
4.05,0.7727000271977588,3.2075994764794085,0.5349432434840422,9.78506855640368,8.798207188216683
4.4,1.1789427527310317,4.527221212693151,0.5097444449944517,11.308210402114806,10.116417385723242
4.5,0.7934474239674613,3.5497550068644808,0.8516148146720052,17.078179916090708,12.98260998520889
4.1,1.2512851084104766,4.187863996248284,1.1925661875978901,13.661573938901629,11.299666991356625
6.0,2.125817183088291,7.635078750912327,1.0814756008086723,17.171458135002347,15.503062584995439
4.8,0.7946650192568869,3.476494896861067,1.4241281131399635,9.117443636208778,11.359598709556288
4.6,0.834603350983437,4.01489732466506,1.0572685493548033,10.131094551776473,10.850490170180647
3.649915074632218,1.4884515892414867,8.073188121347872,2.0206791490818716,10.785312933704562,8.536106348902509
4.95,0.6475023853531677,4.1091612011390035,0.6170313857025644,13.924510360336669,14.350162437518511
4.35,1.5886000947302765,7.880290585237426,1.7045792084889746,17.652983138608146,12.984774040068658
4.3,1.702250349550217,4.928265261644781,0.7960741656276868,12.828992790858326,11.47200395812587
4.45,0.7929818582110598,3.438164241393495,1.3794955248894576,10.302138013577391,11.272424945906357
3.8,0.966511747300035,6.50821151193509,1.9135678405225491,9.561599767203772,8.453482391887954
3.6122209590186145,1.1933081992310008,4.420269993128023,0.9381961004397128,9.417398065466703,9.221195386188489
4.1,1.012436216010595,3.3383914601009006,1.0760326870105483,9.384428835586462,9.950630218573485
4.2,1.7802513876294939,8.060728498937316,1.8279548885504822,13.512941427766263,10.860689359519201
5.6,0.978071598167292,3.722257838720712,0.9561182889843334,13.922176207278492,16.40642518828282
4.65,1.2995373966516328,5.701561769361617,1.7524364358974542,18.111201962308517,16.51458807122028
6.449806198638839,2.128310449507781,11.954524367271011,1.843372622341922,25.675044366823787,24.819152383499443
6.0,1.6839912184021262,5.197419994130968,1.9661310953542377,17.61915444759006,17.052631072436608
5.5,1.1293167332330074,4.6372097888106545,2.0576969477420475,19.724373192545418,17.808301997030725
5.2,0.8944910636294522,4.609358904807799,1.197225915755427,13.778639712694643,16.0324949436154
4.518123545407061,0.7725980277682405,3.4769550777061133,1.3510938251025628,10.805071153063242,13.462725477555077
3.9,1.024476588157098,3.4394923378454765,0.9413662530780063,12.058452740775405,10.96470804027265
4.0,0.7090140588075802,4.1045237874553635,0.7298380284483513,11.306902315492888,10.563805634681163
4.4,1.6829113167107486,2.9208332710623925,1.6079734218659638,13.440093625734011,11.839230687880669
4.9,1.1476273534673458,4.993226839711071,1.9261760174556009,20.293359954551985,16.803026009971916
6.443027511449575,1.4382940188546463,4.1057817026341255,1.6248859548515393,25.663559504047683,22.374183569023774
5.9,1.45514833686992,3.476437304841647,1.422395743174251,18.543268551333764,17.9786799954847
5.780333641294155,0.9122378816771509,5.330580764542968,1.942895752301394,16.898805600840834,18.232472594810588
9.1262528260123,1.9887944730505118,10.45930099302729,2.0804925097367626,29.185033504800522,23.985513742738494
6.149796744608719,2.090513045207527,9.619478652989727,0.9595296812501128,23.22231264389664,18.964619338676826
4.6,1.8024247579400599,10.781846354617029,1.1031333437865878,16.084667323907667,16.834644926888966
4.6,1.148093242317521,4.085109731890806,1.6164134832781543,15.319930915580741,15.711353071043344
5.4,1.120058348173223,3.9967250695803602,1.3028610520352513,15.288851734257195,12.741325855636525
4.4,1.2398463347765543,5.214436841519191,1.7452438603113098,8.78759300549904,8.936613317928517
4.5,2.308483590495596,3.986037029537788,1.1759458997876957,12.819930407779703,11.538439456826602
4.5,1.3547096225190816,3.389779378103067,1.7855294493600105,14.815172481106677,14.28391144755039
4.8,1.5057046645430296,6.322396764587421,1.3403096797414147,17.818734197681763,14.881719868827918
4.973851069621839,1.1784029137495446,3.3178960680500267,0.6254085646064657,15.112339380044789,16.40514542855402
3.95,1.6151648695119525,4.852709513520416,0.7981741429825074,17.735640503561932,12.896407988865985
4.7,1.6127897785717542,7.049028107846042,1.913575801663692,16.11443006173865,15.441646168971399
4.4,1.5932829891856044,3.707947480673082,1.1404589176579727,18.15220819026567,16.6267335986694
4.1,1.303145052750302,3.538345209615842,0.5765254787510573,15.268822321221048,16.516944103208097
4.79901718593932,0.9181357024164442,3.6664690825218273,1.6488254054374663,17.417905845498613,17.094421520265417
5.4,1.1762444698601728,4.829446044298778,0.7052906347475194,18.47534026413125,19.69104921726877
3.8067514219387553,1.5941547865821493,3.9739332017498823,1.7266193349160193,12.749360309307498,12.813049340902714
4.348181009750529,0.7926648432290864,3.724610954729576,0.8048932692743141,12.217279937552036,12.129508543849404
4.0,1.3554956807898906,2.8439355555800816,0.9105868684323697,12.278003371298588,10.324983355397917
3.85,0.7678153793572315,6.284296258396708,1.43422826861171,12.049221137071953,10.006583091459822
5.35,1.5923205280443216,5.186799894885602,2.190630323609398,15.345844103245652,14.776713171278802
4.478055529809097,1.4493516026036763,4.307444239054749,1.65681797316741,18.292851242517145,12.85368071527637
4.049691346263317,1.3659084731996516,2.9754889328466008,1.2372215854487643,10.616948335093308,11.062034042627758
4.349712634186309,0.7725006476013749,2.752122966372018,2.4362618821372335,13.596487634215952,15.488920024102029
6.347230883986384,1.1929010838197582,10.659167334825636,0.731748522213479,23.76304441404117,22.815011138704158
6.2,1.0866139353409436,4.046534468675482,2.3640453064025695,29.18806109585598,32.907940921095864
5.3,2.3503986757529205,9.95604280368682,1.4987676532102143,21.21162204406226,18.964648691923554
4.4,1.7116769744733304,3.3793902587946087,1.5170979542958383,10.180802895228412,10.83986683984359
4.5,0.8346746005864276,4.8869173938769475,0.9441142582736471,15.319024638302247,12.570251646771979
4.0,0.9222376882617317,4.41833976287218,1.5987625319190286,9.242391654963765,9.183480925277694
5.6,1.422107597645879,5.707294130766578,1.1201028416634529,14.321978938775619,11.327464767530612
4.54972526643093,1.8690254891908384,6.30290685040229,1.6901741762488234,19.540340959531736,14.785268114803708
5.649778756730214,2.293231722024689,7.867330232457803,1.7124333368369786,19.05575600935224,18.062700857696544
3.8498769723149437,1.159244744568378,2.247604819131141,1.2951988108624908,11.105870611588387,11.719095742275343
3.773235707228755,2.054206601134626,3.818812243032157,2.3719700881313663,12.793269701649756,12.385836293744479
5.05,2.0044405982566413,8.444388870379623,1.087114345177772,20.85488407911309,17.84484231928958
4.499218515451823,0.8395213379497871,3.7254828885184037,1.4714693234116902,16.87899639408015,16.896336311209446
3.984495465100112,0.8365035977684516,4.99617368593457,1.817500641576987,12.825039839446452,11.661846263021134
5.386185722934471,0.5567955619640321,4.5390979518184436,4.177946155077606,10.56353863884192,9.74994337672636
4.9,1.3848871831156944,3.9897897532177566,1.5098070258591094,13.83650642652581,11.39080658692131
4.3,1.3270863385923455,3.355498076633666,0.719586402703608,13.921964318659645,11.729139396734515
4.2,0.7613558566109138,2.7345831128407965,1.1921987581714926,11.394703355024589,12.506021896698691
4.2654140997312915,1.0236120633376655,3.3371507410345784,0.9229337159132883,11.609502448409204,11.464539661990624
4.5,2.2574685443792837,3.537175326578271,1.6013392075550974,11.728504165740874,11.739980638545758
3.5,2.6971549043551133,2.844319062178608,0.7289616121328014,12.048312735688341,9.170888776645523
4.487102773167782,0.7711876915516132,5.00232842748671,1.1833404092952902,8.447351972310003,9.02924908659821
3.9,0.6177668023867458,3.2556399868643098,0.9199177817472687,8.514038574651519,7.7538414434094145
3.849865513327173,0.6535113664875294,3.014125671313718,1.983387578064606,8.789010348017095,8.797087986279294
4.7,0.6069396449131532,4.656546508065715,1.4581579620558769,14.742902186016947,12.983756394319986
6.621391535595243,1.2109550921817205,9.74792233768082,0.5336877386614802,16.09382661858529,15.07440951326387
4.7,1.5128163475287852,3.974430832059086,0.9540521640677052,12.759094398211172,12.387033185384782
5.5,1.263255484714188,8.148109952028998,1.513775314051071,15.248574379392565,14.099491991159086
4.349712634186309,1.2926186432524631,4.103018564150406,1.5707102041193843,13.601755173330593,12.492695199925176
5.4,0.8562173990332963,6.805702753286054,1.817970570877294,15.285452810921868,15.880279454434525
5.2,1.1940371059635688,5.283876426789499,1.960756956721825,15.153886888541901,13.44377064286562
4.9,0.9353472669774598,4.61998759069092,0.5329144477284948,15.28295174145998,12.698789276939454
3.5537713079512354,1.0444558281990497,2.9816856799528138,0.7628657060132716,10.384178815988372,7.548486394993125
4.2,1.7611796286155905,9.517848207775108,2.4974729732271714,12.307427005294977,10.213223820458744
4.1,0.9249115694665435,3.549480703676083,1.2454824928175126,9.283998604979995,9.824710508299528
4.15,0.7299689890523634,3.03800164821505,2.1521587341501163,9.706036391037049,8.706940887701736
4.7,1.6778314723973895,4.119559574555743,2.2128548589513803,14.998564765384758,13.726870273949839
4.8,1.4560919645778736,4.8376268295268705,1.346014195773876,16.7838219452777,15.528356524681865
3.6,1.4198973452904953,3.330251516117919,0.6784417700156299,13.316841029161452,10.838985933682842
4.5,1.505271858562548,3.456739982144992,1.149751020560889,13.050929329179006,13.155699078628437
4.5,1.3065488061740675,6.07113701494318,2.1971193551302473,15.004396264595824,14.048894315957414
4.3,0.9851982611866726,6.75827721139182,0.9085330569654771,15.412349538235233,13.201657554514496
3.4309885579639747,1.179580333771794,3.4415715994933134,0.8895095730193151,9.038641440430725,8.7389633571516
3.649657518178932,0.736328894393042,2.5000089922769853,0.6209156859075007,7.988132877181703,7.869903719023786
3.9,0.8882136469067855,3.4315412078697025,2.2089581170111785,9.878147508704961,11.950694434387403
4.15,1.6571169955539151,3.767712573089624,1.5605703454903206,14.543510490269853,12.097361153632212
4.7,1.1545098632964763,3.7325687830715664,1.517327254528571,15.76051629309979,14.853612122779715
3.8497195494638246,0.7729218855852272,5.54210535993425,1.0429729399086787,10.30544995862423,8.277544068676146
4.5,1.04988738008871,3.1285145821168,1.6036236894785825,13.818703060580647,13.245432630770836
4.9,1.914104829586833,4.819180472835499,1.815816901071336,14.779603729848457,12.096924477731646
5.3,1.00772587389752,3.453029800207375,0.3819822432632416,16.366053056362162,18.363446969278748
4.849742261192857,0.8465343719964069,5.28414386662533,0.9197893316410607,13.914931012396524,11.664600398194866
5.6,1.1909501655053805,3.617471510291421,1.5942305694196477,18.0333428620607,17.20094120570768
4.4,1.980208335826688,7.986280336872487,2.015262183399058,12.77036188605522,11.839219550374272
6.3498031465550175,1.127651693780065,7.115641956342389,2.071755979910888,21.89121817261549,21.7033223379251
5.7991378669591915,1.785375618895506,4.922087205376019,1.3098702839498004,26.43833324788905,19.777748288682048
8.843553243716443,1.8278531980232409,7.0475666770690335,0.7449246945155485,38.27457992717452,38.39200566609373
4.85,2.7597342728591014,8.058551970454621,1.1311597208573552,22.01808314648081,19.684120829291608
5.05,1.220363381366026,5.4408121578852064,1.3742669757010564,16.594419800210567,16.630576656849257
5.1,1.776545120813209,8.158599909735626,1.4766684592778152,17.720757331318662,15.343938184269904
4.2,1.2253391131152382,5.004157406801553,2.252992756747258,13.9166766416023,10.217075807475714
4.4,0.6059570232103725,3.5758838353287814,1.1916719766951727,13.831973955544827,11.033873393322887
5.5,1.6415867420047325,10.698209216686115,0.9934431483736312,20.879320391197048,15.552343846506465
4.5,1.7912716893359713,6.792619776549802,1.0761099058486905,15.252868799112406,12.000384815400828
4.464365351775858,1.7257514381023336,8.030264074280344,2.15611058472905,15.619485505842869,13.449258040745658
4.0,1.1276452481088917,2.97549052932128,0.89005247051546,10.528226717315349,8.041698331935178
4.4989875149078,2.51562446494498,8.060162078723394,2.767779868954001,17.740061077622915,11.350407186894248
4.849742261192857,2.0887006342616385,4.483967029776422,2.651801744397441,15.405138864995555,12.947387221424501
4.1,0.8898979421143464,2.845567852367709,1.257786362222012,11.323775942837136,12.384331902056132
5.049752469181039,1.182646145881493,7.542033837599115,2.3556108363225983,11.219049211964252,10.712173451914063
4.3,0.7726733730888442,4.203303747117325,1.2190319400248855,14.64641383238484,12.085860897146745
4.5,0.9189038319013028,4.1538623487200805,0.9494529199916032,11.176832858171263,12.092141764468318
5.35,1.384868485462095,4.730980887994015,2.663084012559543,19.062422702143106,16.84463852336988
4.9,1.6995645203048244,5.420130637373977,1.4614206129406295,19.109460915911708,18.51922776947069
5.281952184421231,1.3996136473384782,6.5352218238425275,0.8837944183275337,16.75965414903511,12.817406316971256
4.4,1.5965483650678443,3.265527521965158,1.508231717173984,14.38142064950054,10.496039955689596
4.8,0.5720636868773495,2.832313493002447,2.757583242147921,10.375844479520367,11.78306160592148
3.6005705760089075,1.8256536892460031,5.0312507872646846,1.2040568837985612,20.319464299348382,17.840942224586826
5.5,1.1044529053764076,3.1103653583565833,1.245048897340576,15.76051629309979,14.111486914139288
4.4,1.2698510738717648,2.5117809055401468,1.0621154389912255,13.61214260749724,12.092903129487803
5.049752469181039,0.8661102409031926,4.992174106357027,1.614388648007063,14.813573718771263,13.222557627199597
5.304943377943047,0.8387280288632679,3.923670251849949,0.9334230907993054,18.427252827147974,16.866730570624334
5.9,1.0278610854439956,3.9744194498110286,1.9634340117123186,16.70649339113398,18.21756394723134
5.1,1.801362126511349,5.646813130901733,0.7651484502860989,16.327670318169336,12.000167095079778
4.786014924257425,0.817237074395008,3.9742708600870205,1.849939701293218,17.10120087062487,14.743488925802248
4.9,0.7551298896979775,4.112313946352142,1.7173261066326615,12.219666606685852,12.817704628310105
4.5,1.044327719950118,4.670227172584817,1.3602282325687958,15.316836636744707,15.08933685298246
5.649778756730214,1.4416181054001256,8.742159408165941,2.2094933937614165,19.116193323555848,15.55682703573176
4.4,1.6876488292670195,3.894268526860611,1.373792697247066,10.354005282995933,10.204623875441682
3.9,1.067409226494118,4.821689874959814,2.765662042366768,13.337254144598953,12.090333117776854
4.2,1.445667579831874,11.283079473010297,1.8422155425494116,18.84915005015457,14.905862744792161
5.4,0.748040796538395,7.024180471893701,1.182234360648627,10.320061726240368,10.160609082598285
5.4,1.191267050861249,5.729427888980598,2.4451090392004695,16.353144139004687,12.83149482619009
5.7474087711523305,1.14810438548623,4.419854149830328,1.965860264958823,15.954317928286525,15.117331237907637
4.05,1.0645268775697783,4.103439261039153,1.7872754936852637,12.849478064892152,11.29283505691365
5.4,1.1195468232861674,4.880642399484683,0.89146440399996,13.504743749348393,12.022867703985021
6.310127163689663,1.0286205972142048,4.492355403476036,0.618954050608457,20.04260526602407,21.808810386135843
5.8,1.6472661509126385,9.03708749366258,2.2680773887193717,20.87249760561465,19.992887029991252
5.022622772539944,1.4526355789303125,5.031031388418634,1.4161896349265852,18.272933643485057,20.87466445838612
4.95,0.8698219508617536,7.590261733893566,1.1311140106056607,19.053210013432707,18.232396146722483
4.7,1.4572393773261805,7.0553470516616645,1.0198952374208354,20.142518047944854,18.247580709397308
5.4,1.701538520513146,5.525242892369347,0.3306269473811275,23.925192476651585,21.813608007999385
5.747683204358647,2.6402196715569786,7.762047168664493,1.36022675974479,27.440491404176086,22.704563024870623
