SSC,Malic,Citric,Glutamic,Fructose,Glucose
3.59570896265879,1.5838520325082943,5.8059579724263415,1.3742409063243755,11.188588983582827,10.042192056418305
3.8018395956719484,1.4419672318109993,2.9213865914919785,0.8870003935365676,11.212056869335992,9.739832861259602
4.664781185696757,0.3953868196769836,5.257072688176096,1.8270969737164562,13.09882785711525,11.583058310290387
5.972125017674669,1.1159595731568417,2.2019971043574045,1.5359223816539698,19.8123984995709,18.948874725121062
4.126967131104684,1.038832007715423,4.870812069679494,1.0361953838310192,15.339960526056313,13.666139856082914
6.08755194248986,0.06477655297760035,5.794012152398265,0.696725730110512,20.164851312341064,19.088158551958838
2.6598995054888155,1.7508031679785427,8.426234331687075,1.9436531013371132,9.71136204989587,5.356510022870893
5.905531623411901,1.0473393966809508,6.422880378922595,1.500588397728071,23.324255971123783,17.38460535887953
6.846251588181554,2.0596706199969335,3.7489889234490623,0.8436179254625163,24.922570063056963,21.605642020233493
4.629754100889058,1.494076843404595,8.620104653281272,1.6919782593408548,13.700262818554569,12.626358226106252
6.1912818724673695,1.5212494855086307,4.436314955726939,0.6581107487650972,26.662105620562333,24.41889173496782
3.7224077344958175,2.166037297306671,2.4989689894690312,2.4527619008816663,9.071349922270926,10.015889559614322
4.66291259094978,1.0342780317980682,6.8997765827305075,1.1939937132902503,12.900101364139513,11.925112648788087
2.892468813870082,1.1518699429243326,4.390060736363929,1.9530162380540874,5.833880199038456,5.6660159523418105
5.376484744760728,0.6104873082934967,4.434154997177895,0.6888840173635365,13.0755180943486,12.761894296460717
3.591187165523417,1.4997198045821278,5.452971820072058,1.2419908650894187,10.012474335718846,8.903895962647239
6.112407652366488,0.3803200457517176,2.070927925409311,0.9095914543751741,25.33659728145133,23.192988885587507
5.631426590425914,1.1589082879642068,8.415969430670584,1.2778694222387907,16.09081920958594,16.92807706869808
6.125112792518131,1.1312682137119179,6.36199538744355,0.0,20.27176625962979,21.1036028416647
6.511596725165285,0.9978094329908208,3.094233659045923,2.1864276876934805,25.203259853344505,22.347244219649895
3.5277286828297587,1.6353185377165598,4.411284270627003,1.3588056643844775,11.33866758314084,9.54176474035493
3.6595821391597796,1.0662877249675917,5.36441507618266,1.290366652862973,6.547272117193709,7.694978606564477
6.2019497381150686,2.2597785152375014,4.316256544072069,2.601387524528834,26.751583842726465,21.533144730662123
4.33719206173048,2.144615322166338,2.2115080622417813,2.8346827382896502,7.699050521621939,10.407396781891185
4.606667659216983,2.42672454343089,5.877603057344943,1.05261985113926,13.855913133551848,15.997446077938106
4.425936619317406,0.9333595988048836,6.374219025105229,0.9300754355120543,13.21262117209711,12.327693098521443
4.955762144706149,1.7927020190385223,3.9760157531208713,0.016172586214643132,16.035990277603023,14.803670034289528
4.249833591992563,2.0876870336314943,4.514936633785806,0.39487278946697296,14.55144834382503,12.4944546093087
5.438582798647321,1.40962455173793,7.801203717726502,1.4605183070225742,13.457321193863702,16.22977589406219
4.537343829411697,0.5960034046105389,0.621907144116471,1.7735731918592759,12.860609243587886,11.940453631586232
5.524672938625923,1.1876197536119386,1.0392127544321061,1.1759432475594973,18.020901292752455,18.083772871797628
4.0910303062494755,1.437611935303638,6.432251058717756,2.4999147691836456,12.797729494947552,11.094724619160987
5.599212034451751,1.8778673792206217,4.291691621555656,1.2146386735533554,19.478645839285733,18.406255118888495
3.7297064246151463,0.0,8.187757728240005,0.5571238081785848,11.465920569533584,8.661857877038674
5.664522388731624,0.5084586838754616,3.995927420126539,2.119332001950033,13.195588479295358,12.299034150438816
4.4964560613275895,1.2571877415837966,4.090807247110492,1.3999740041094844,7.766056959199473,10.11329421373068
5.1482590190092825,1.3261733584850448,5.978772746360204,1.8010610299962488,14.657534540538286,15.507139715249796
4.997157116964664,1.8815974117949859,2.8316770309176023,1.3774878554104049,11.958026108338272,11.884793344188509
5.708516434124599,1.7400749307896237,8.936955306271004,2.1419757449041485,19.061493693369435,17.00485329688446
5.071918069084778,1.346106053701063,3.6330113905925177,1.3478022637723037,16.16211772159683,15.516405006096793
4.187784421507423,1.7194275455123664,5.656875528824691,2.513894548832942,13.204642154639558,10.331422050375684
4.2993241027196305,0.8995246364004374,4.1974687289375785,0.21854588620407256,13.886495764299896,11.897875338684063
4.155096828377009,1.4245271292099868,5.315187193362663,0.39139692631277095,11.733157892612375,13.914936588626096
3.9252504836922997,2.212980602751258,1.9202511619051295,1.5790108829839051,13.699545038844585,12.795124223015012
3.886552272500829,1.1563154615011009,8.214566371321268,1.5223660528626073,17.129587308769143,14.714723777950551
4.920399314206807,2.1837758609487508,4.986594457705864,1.5119344717684051,18.666676385625564,16.488562337759323
5.181638192196543,1.2957164683503135,5.566414962469265,1.9800928050882256,16.836503673427128,14.544412243018652
5.643916532721931,1.6573629060396613,6.873131990060337,2.013881010684888,22.844145787455307,18.66500031974832
3.512717148660162,1.9999176209102765,4.770598062298262,2.0192551631578,13.821221459461242,11.111409696167
5.646497547873855,1.1902990895107737,5.7121863727595406,1.4299339177133867,22.095359839079528,20.64745282711942
3.681159653765807,1.2542226758049904,3.055820562034414,1.9050033454226734,12.140691204839259,10.20850421742867
5.991398385655184,0.6989114009258822,4.6731815824016385,0.3376468424605228,21.686285105712653,20.924479653484575
5.240588700556026,1.8972325106745358,6.954863638439458,2.6651342784293046,18.283293854119673,17.701861034871524
5.937281267789149,0.971064794514385,1.0146356121328315,2.1191582419508306,22.60481682464725,21.0243535179474
5.590106978183106,0.05546418215949251,1.9331542847427086,1.5155181113128913,19.469571894801202,20.466533464780646
6.12167970795335,0.4102775902279664,5.08908496023213,0.07501155157814882,24.73589135916542,21.522296663667113
4.183077414868576,1.5794833830046249,2.5156792792595506,1.3693448127958832,10.488718702060723,8.51278251993735
4.435641658715462,0.08518155945292606,6.65353075207249,1.8177502626340356,8.297477057261677,9.060672708829623
4.333972237685018,1.297297212151638,1.3552370946342882,1.9195416085515664,12.624478222539118,10.968994026973249
5.119244173791435,0.17534097770443863,3.7670050451466226,1.0274873634099968,20.423910713179502,19.85979599178106
6.668153498987976,1.560071270853171,9.78816814997484,1.3306904555446382,26.220237709774306,26.017442101408523
4.539659221854143,1.2948464560386013,7.141755250037581,1.5077419876522644,12.139831624133343,11.930230147528395
4.053902858267776,1.1747366327819735,5.129492462160719,2.970566963267384,10.356989963273902,10.159214135163015
3.8863769310125065,0.42238790757887384,5.525965358814526,1.3990931106972757,13.010317176411908,10.132151340843986
5.421781903240918,1.8699415951183103,3.1922181402635945,0.4145967934073595,13.303917424035424,14.194818272406104
4.992162885466873,1.8368267595431653,5.464416081683251,1.379742883157156,17.60262630497001,15.741723664012424
4.578648096431767,2.0897028653770073,3.5487549982343425,1.1030068533687378,17.139754520954224,13.536270479181304
4.531008647627292,1.335785683135683,4.63392283443661,2.1049725017352325,15.801768921556274,11.815098167175371
4.329697613054498,0.784516537610655,3.755724386319615,1.9287077298908664,17.570352891408206,16.789684569983407
5.793047104447817,1.9482299519349275,3.63064457682251,0.8376103277473518,18.48287177238136,16.73069418497571
4.453102843472756,0.4974661962779902,4.259553882400647,1.417432440075666,10.8177997549387,10.441616299949901
3.998840779613742,1.285737553868781,6.955768103485251,2.5563110394743105,14.246235265686712,10.852997175620159
5.14387389884181,1.5081315245089704,9.441027204491007,0.8361022081301195,18.82880252421464,17.669862007043285
5.285551071953165,1.4769673116605224,7.409624149399821,1.513261286954378,20.479126309445515,20.990638746060686
4.336388302422844,1.7820711853346707,6.196788870502788,1.7143970425289767,15.78595925948463,13.622937252910596
5.480626501285086,1.953861663152248,2.6353886735084417,0.8985475130119179,20.2720795894366,17.27365501796308
5.028225850482096,1.9711857942045243,1.8092544622106344,2.5061069976058317,19.29823381295638,17.023726788176713
4.50775715241231,1.6508701382809223,1.5873961699259806,0.8704570896837713,14.74246666459917,11.069042142052744
3.940804911252837,1.619059070682588,4.1387017448332255,1.1173782827596217,10.223836505200778,10.023796342414665
4.0573651498171905,1.3872954846029038,5.502499320634033,1.5915942504803717,16.367939320444194,13.801830930387373
4.62978703000475,1.4500859829404225,5.321942303171329,1.6727649807397393,12.843642740766354,11.96866609862312
4.776044344402816,1.7517398783535598,5.019732604897795,1.9544146416141335,16.340335833063374,17.493972737703363
3.8890802226790124,1.0033930448539994,9.979934917703444,0.8497792755883489,11.73174975718472,7.679626715814272
4.222037534852352,0.37306470574012385,8.314132160311505,2.767989997217422,14.988888755875395,12.732737328852549
4.381567476957812,1.71034681003355,2.6371574118839987,1.8014502484126063,20.99267075720074,17.75645641819978
3.8013138672934224,2.0243486439391094,5.6731301375469245,1.3042384484497316,14.563658129373133,13.648602873997286
4.706418866665692,2.093334650373301,4.290840895849859,1.3643877232805097,14.318840631158576,13.676967863014971
4.950067380254468,0.1921315067964388,4.601417261098422,0.0,14.496831990572689,14.014993286325295
4.314119861886442,1.7703077492039163,8.112024798364,1.3847929648055044,15.12363427031099,13.334614572570228
4.455480192689479,1.4181826143661247,6.044572266172447,1.0446289464247462,14.459877381759057,13.494498270118026
4.988088742832495,0.7521733271878395,3.933582059072013,1.271473841573254,15.36076624037728,14.884750878183889
4.681505655914164,2.486353432450735,4.991510398982326,1.1543148058536696,16.306000336685088,14.412930245339545
4.430300391404274,1.6305751683970948,3.2543478855614496,2.742742164105111,12.711972657749277,10.464792951464602
6.52524912269665,2.1340586628126266,2.621417279473529,1.1001752185494686,20.53735795567906,19.81056954886538
5.078316211952012,1.0844695687015764,5.108552806705609,2.5741511581858427,16.011091438172162,14.599460013485645
5.327668820662552,1.779357034181257,3.8468609057640157,0.05040169521804335,18.57844688017763,16.336594845586042
4.392258827011418,2.1088670035904094,2.8755271070973025,2.1198296497261646,8.928127367975508,9.873259575271444
2.8892828918898674,0.7464698097095718,8.10107561759877,2.252323213670678,8.414442914040704,6.268194727239003
4.717711680070905,0.8636759580471767,0.0,0.8160620542972329,14.060180580746616,13.233214422325252
6.287179452873864,0.0,6.9067089183408354,0.52026227250355,18.629817312339444,16.91638490845889
2.73139392853115,0.7864412317403012,1.4666577474960962,2.7426321119021453,9.583060186439681,6.9300537014932
4.629601571315267,2.146699148826159,3.507090678285764,0.10462263558886196,11.420336503816559,10.364239424563387
4.923405415456854,1.6344352369273103,6.657722888562975,1.1344672311109547,15.481693659775328,11.987860374947571
5.888463222026262,1.1968265038410686,2.4229870146371963,2.5698569717649726,22.939159806998862,19.15354549625732
6.327110152419771,0.8172891519149905,2.0660241887211153,2.761650344198265,25.605185323487692,23.681842411117774
4.598317388834593,0.8605447194940938,6.837175096393242,1.8804448484745029,12.933142829558061,12.26936824592311
5.7408070349516125,2.3310702152079763,2.349775162415681,0.7140811399332028,18.249153327825667,18.47509377095749
5.046656130645077,0.7607907201166383,5.986798759441509,0.7348607690060301,17.710832514166366,16.038881448038616
4.12160607467634,1.1467842743924062,4.188665644570914,2.2888277686023977,11.366377415140704,10.323021632403549
5.942449815379684,1.3054378568309442,6.3376780150397485,2.1365216386466916,18.316667495359635,18.63642020270793
6.659549758212504,0.9247297744748343,4.007673938605508,0.7560102914173631,20.16771495105935,17.128935376627773
4.576801447127445,1.0521119519253286,1.8777035283613928,1.9561292203599008,15.416930884326494,15.11195773472807
4.307990808510782,1.569245562780942,5.8758353722601315,0.6330689763903103,14.601367736372328,13.269734582120572
4.862612763933257,1.2270254965204734,0.18691720991469754,1.7698750055863586,13.940738252752881,13.967104503097996
5.972813932747522,1.2051365703779326,3.523888094555609,1.3831064882415793,18.67325749704108,20.383450108291772
4.896405902290378,1.5926749341703583,3.8694675393015667,1.216714670272061,20.991204413458735,18.99468370863442
6.0742764100666164,1.5892257559916525,3.8944514241142207,1.143611871092637,23.55256575982644,22.273706725190387
4.6858080865275,1.0741226079863075,5.802626979751876,2.405251546148014,19.55111296064349,15.858724235777238
6.234837867656974,1.6536855121063043,2.513332355779003,1.8095020052922095,23.100905707045946,21.02264647057237
3.5684285727321834,1.603274646692053,6.521101842784799,1.6057620414406353,10.17146800906138,10.210570312202455
5.8029333426867025,0.7277136171562898,8.671157671945954,1.467836981268589,19.77206701045719,18.801820077543766
6.689617090104537,1.546772160702829,4.752152457670679,1.5096311878836381,23.67599061859117,23.750015186843783
4.953305646395912,0.8766300195822623,4.331502887886306,0.12277473882178777,16.358894878378248,16.01194721093814
5.160259556497814,2.5131589106249783,5.9753362394063725,1.5765143587918589,13.570768548281052,13.890457288974076
5.082148283736456,0.8321433694657371,6.094524016140734,1.4588403901801557,19.411730828286654,17.43326821000285
5.511866849208978,0.17134789513090679,4.768981124419442,1.174579142197959,18.08314570577046,15.450398081492978
3.2582223937559185,0.904700780439143,2.9615171161235314,1.5844330904485289,13.805006883536135,11.61275215305772
4.073478689666005,1.0292840924604925,5.028454884514517,2.5077417044191437,11.796976353392788,8.904109370008797
5.640311072852364,1.2585178655834655,2.590494169085219,2.1024051706657287,21.289188837027,20.974039646476587
3.817414848247568,0.19411417293074246,3.3637995385306274,1.856615168422737,10.471984855379164,8.513844019009332
4.5374907026630495,1.5973748476278111,7.026161877332088,2.0087740012934012,15.959568557685449,14.230738864445788
4.687297971898272,1.8046725992852282,6.097056983287576,2.6855326216458866,16.304138194000657,16.341392014617252
4.540793954963674,1.5117719311213085,3.8132545281804564,0.49763577620284244,12.232702343572589,11.877162660667082
4.971032688083123,0.9956500447199185,6.697931817898167,1.1095685288209292,18.69272227314265,13.879943409470785
4.089478169530154,0.9665621264301518,5.076309231256547,1.3200336330344606,9.729851002990959,10.335341211802666
5.268518616995606,1.0046879515916414,6.045090992043894,0.8987350215407006,17.65777725333609,16.098624962294362
4.865804718217749,0.9206748521876686,7.0083316440416725,1.5395182390173938,12.608328485178655,14.236694135583285
5.361024237371701,1.5539301350073749,4.954316260771747,0.7685106263628915,18.869178213102128,18.543315330066005
4.54940714955698,1.484755434388231,2.0195165039258502,2.5683426493928128,13.481381711115336,10.795177247586967
5.269853803140043,1.4144436940310825,1.2736602414938478,1.138826220850571,17.53136861099933,15.43258621979702
4.088409926143309,1.659985511250822,3.9593261082196256,1.3781393936781778,15.581513998111413,11.668563826036243
5.251084973864693,0.6933331904221209,4.663229301385381,2.549347047198792,12.677884308120046,15.981462082115485
6.248076706109288,0.7380373083033378,2.284068160790133,0.667414698681541,21.95321259758949,21.75988572553155
4.105774973013319,1.688823402563883,5.536447590877557,1.1140399439245752,12.494559447740066,10.980891406991278
4.642200107737994,0.821599131737187,3.697274918495814,2.6546184765558314,14.196996560897242,11.943084296615664
4.905727333520122,0.6545292601800721,3.8187193075767873,2.0762160927939735,17.214252903431603,17.200107450151474
4.308512243956137,1.7539111217627674,6.4195726621971865,1.4428043595777529,13.879072775402147,9.597437510375368
3.3376586791363283,1.3535159172401434,6.532586486069375,1.563685128916257,7.920504954391613,7.529274741940228
5.308770909994375,1.2935701077033819,7.890477699812532,0.5102564272488338,15.500461255250338,16.16605153859811
4.619589552512335,1.1021934153700828,4.817131531115493,2.29843128490038,13.89056575224833,14.336793972420935
4.885205392357158,2.7558324482980328,7.740610013341062,1.459272854537708,23.071069963933468,18.90174022321799
4.964557485137898,1.4694981514817993,1.8588251878600353,1.6482857093623506,13.225287272432707,13.669484259608163
4.704115282911961,1.6683515048918627,4.127894051240747,0.7136117328772913,17.33190023384192,14.588779139834624
3.5978752214115577,1.578797150207094,3.667839202391421,2.457390595949462,11.255743789386992,10.566214016325446
4.696450577160664,0.9784723178693998,8.109046427757974,0.5898417529917737,14.019844600422081,14.34429990399765
5.120806167513712,1.446466990886846,1.8825847074628348,1.5513301608548813,15.498018816914689,13.763282008858504
5.256840951758019,1.2184778525950666,6.74485441708675,0.9146941423164845,15.932476530262448,15.18659111477563
5.292258169254666,0.816308894484556,6.2668083728465245,1.5415235541481604,14.511655915108308,16.751258393034757
4.781671699489199,1.3784686386230323,5.232143179817775,0.5751210800752242,18.02766119088399,14.749201981122845
3.989687823974811,2.154783862969267,2.6430781145735995,2.0983825393201205,11.40148607557661,10.045822156744238
4.866406841258613,0.9696266282149637,8.833416852334356,1.1631661731635727,14.147949847613349,14.255723755140314
3.723553531159521,2.457553412013455,2.2156344020292913,0.8486019249770149,7.269679611093949,6.192271585931838
5.397333452840401,0.8302418441055576,6.920568153440432,1.5089057068611098,15.825989635845735,15.897494088393223
4.272502628334069,0.20732025453520497,8.103478050521359,1.7714227889255632,14.57496659918912,14.802783979030226
4.389844879471888,1.320897437631571,7.308089635364203,1.773093188673507,11.450648207154863,11.30321727278333
6.568458252328575,0.6646034602850606,7.46927425217609,2.005492735238389,20.57030748998775,20.39582735303377
3.852272081179756,1.1389643304077581,5.457478270725361,1.8234132315429303,14.749344565056415,11.73928607060499
5.854634510320771,0.8866798519514417,4.059953217416618,0.6686571295222572,21.23038495223695,19.13712051423996
3.4960923565423037,0.8690883012269773,6.338503241620766,1.087084624616322,7.321272541381544,9.330549256036148
5.641888623035141,1.178117751958193,7.232252788149905,2.1503009178442496,21.766420232214653,19.512451778236592
4.580462346256562,1.316158002876494,6.892098181025564,1.1519148961147814,9.564397506997306,8.502077604550344
2.749978318988302,1.6698828079217163,8.12395584838653,0.849849866992921,0.0,0.0
3.106327662419223,0.5595762046114191,7.054213054042257,2.1414821030479865,7.588406354782322,5.535338099199233
4.098861354918849,1.3927400571244872,2.6471275240974492,1.8862620024216223,13.049205817459443,10.672684602450143
4.4448392318046,1.0094410353867087,8.976145625357251,1.3178074813604999,16.319081975711583,13.004737218368538
3.9717633686119447,1.387607926564742,4.885661605608949,2.1037578770065477,15.487070196997815,11.28760905058946
4.912151286341008,2.1616223371431027,8.576672317471228,1.662934551903146,14.587688658500285,14.45528855836976
6.192379732370695,1.206661709986711,3.3314468014120657,0.5670143762761962,16.103083429881046,17.79764510584337
4.697663859515007,1.8714952605964201,6.455392907434431,2.0236285814679613,16.891193666102474,14.009435173143876
5.862073850079876,1.268597082600185,3.766027019548627,1.1671337975343035,21.32575319051976,21.659424096653062
4.709431985718951,0.7409325898432453,6.170828948646037,0.8938472260413528,16.15791632531345,13.324308449438128
5.128966900319103,2.4059783684767626,5.2379581583328,0.8847675466721053,18.464245075801998,17.88892080401544
4.7558468350030605,1.3212332329577372,4.534907584756236,1.671133245637304,13.522737974061302,12.272170849092698
5.098595077475525,1.9350579816411484,5.739056683895001,2.224761351231466,18.27660041700334,13.959998027310109
4.272722929858574,1.1071059079297039,3.4056462541542554,1.6023217583423377,12.430393833181267,12.724069548653603
5.24211547538545,1.3892651821941442,2.843096538080298,1.6941544706617675,17.389114350218833,18.836517542366884
3.758649816521363,1.2820303546807796,0.13732754435813968,1.3705876272974526,11.308999025034687,12.442335344137417
3.399225103811072,2.4407236159343912,5.156230750978238,1.7320814142212828,10.80872254285255,10.087661704863919
3.5496461019773755,0.8812837764440666,3.0716344600252743,1.695850150835981,8.837273265045374,5.374803432671352
4.307631998508094,1.1081267898800735,5.330579276349926,1.2721249366462768,13.085056793137053,11.870805088316796
5.606017437880096,1.8809972388194345,6.404349039094873,1.0634818498497458,16.629480136268416,15.625822462896311
5.1361686268924425,1.58620641994703,2.783744577897427,2.0668187133299454,13.375866363407118,13.317672683652376
4.662276110844335,1.6131724048779115,2.909779755577082,1.7973652233388655,15.226430066067483,13.577441231918458
3.0815271010321674,1.4272097766151726,2.6126080501114948,2.207223315960884,4.804282227963129,2.9629390156679807
4.423435541310585,1.5878803915665503,5.302479509643707,1.5130873248753773,14.566591470180938,11.764305907068932
5.1194088155697965,1.0444276857082635,6.804488498533428,2.7944394512745445,19.080646705371077,19.511925320910585
4.264685850607605,1.0154325169567089,5.2983277511105555,2.0599861558108747,14.972161315713429,13.265844272292217
5.472208991555548,1.317501738933629,6.277071503007171,2.559452679146676,17.80044587492076,16.09338203553361
5.118776301123032,1.6383317243455824,3.2067647087054394,2.25436207998354,16.851049203659265,15.602515552122133
5.377107576320737,1.683542187739848,3.741752571470338,0.7230535403150214,19.457212724212646,18.977984314463352
6.10949329846564,1.8701395180369949,3.6428004493209096,1.1955706858057462,21.832278413604687,21.58557126976158
5.290838760579544,1.605067730542889,7.754799248886419,1.9475415512681589,16.93766032856874,15.070575202027637
4.521261665311439,1.1027557034641668,5.124599663544383,2.8293273692531677,21.757141523131743,16.804139128160763
3.6587870589221296,1.4614454568193014,7.5544668117775275,1.055104534344876,12.700664036932288,9.853265175131824
5.377084569304834,1.2786664426665135,3.591522277410161,1.2657369394401388,17.036977266818983,17.874078768736066
4.975160401276853,2.209540751676703,5.455981754482406,0.9104608154818551,14.38178799326853,15.451251111162229
4.144751658421166,1.3910655134505778,5.214282007120158,1.369386775951346,19.2666475851544,14.33051741693866
2.9799676461802482,0.9612558105884678,4.608636504180994,1.7331262821034146,10.791008489065321,6.344501218436689
4.81807233745796,1.5397169918204583,0.8367808072331147,0.9892024137211288,15.190419604779223,12.525433437296346
3.962479504793456,1.2676454354736182,1.4810173937403803,2.08728399405427,17.082779587497487,13.596163449731836
6.011450077518609,1.2387798521909903,3.052874962618469,2.181119523642573,26.032506639747304,23.90613675134556
7.580614262233039,2.039778432986847,3.887585136884264,2.769998186399206,29.700117808620877,29.374079978998118
5.434913379454252,0.6832906923931368,7.362952246861594,0.9712950919109314,13.222949067854753,13.841166325772353
4.863850363821456,1.2566979480367049,3.7384200089930437,2.6497749672231623,14.313608721881034,12.431552745552287
4.527755703775783,0.68707931581287,3.441737838369951,1.6434555662134027,16.265560105771687,12.088933654071132
4.842177067245129,2.6758241370331377,8.641270064720931,1.7148820498449355,15.962087312473233,14.370890956115618
4.941205826671646,1.68448714828627,7.297171899083847,1.3943263722923593,9.969241914587753,11.911838339620358
6.269148399223561,1.3668170962308441,3.769244586960333,1.4709906241964896,21.161133429464066,24.185519281886187
5.122986748973284,0.48194045673882746,6.330414798869652,0.8664043618234089,17.821367874667644,17.513150281710434
3.4548957707955306,1.17295954250355,3.9547103913317194,3.692112661971886,6.642159641632369,5.4054634557900885
4.6556039467960675,1.342083368133669,2.2204972512366283,1.2022514379650446,17.65401753020989,14.478755832390835
5.6986984963415095,1.7241916047951569,2.0379838422092535,1.3576063662886824,19.246742009736856,21.163593672888982
3.6366137106719085,1.1887874208233302,3.9581035713342265,2.5278626968488145,13.666261646817711,12.180719212902565
4.292895150178585,0.765272391514116,6.103302542569733,0.8556030866113369,8.250042235445765,8.855019790340798
4.866642196457427,0.830620041041202,3.4038734577272214,1.3557488954969024,11.553403253272274,12.281201867619455
5.5532885045657245,1.7175283995746906,0.8112294716148958,2.6295894972372014,16.508830062461655,14.736514746062355
5.0534937999789875,1.9236855268308193,6.814150998701185,1.1067990063230724,17.414395872009067,16.012586235785495
5.1065341384081195,0.8677903686086482,5.850604549652821,1.8473150353663153,18.16622884961645,15.12961699976991
3.6824824375158265,1.6516306420508404,3.4888659266241207,0.8404399495626985,9.266656970796731,12.176843083689608
4.57664599763506,1.1392648565509567,3.2522465020209737,1.3206191116453898,14.562566739608302,14.095634469904482
4.965138981499757,1.6668960905829167,6.68069414161433,1.856553806549633,10.70119389510613,12.328277345689134
2.7344101308226176,1.9129055619049389,2.6616041836332838,1.558006941342836,7.073094243465911,6.882615690346849
5.27102210063599,0.512831575416895,2.7742628944339054,1.5587150354306853,17.577466144869742,16.615357237143737
3.2333196833654645,1.5748445967981537,9.698703855237605,2.371991072222378,4.234317268029148,5.924254901127298
5.638572521512728,1.965746204506541,7.883699677339835,1.5330693049206,18.865108572729365,15.614633225539508
6.8962192371130495,0.9403294448790315,3.648756724787265,2.2596806430051037,26.88080533001989,23.775793782983264
3.585731739866379,1.202012311485036,3.1003960606252243,1.3643283750768411,8.523160658638654,7.7346313259780795
5.159663603136784,0.4860032702180888,3.598089579312598,1.7602019012309682,12.096093358386586,12.8233344529684
3.754679429904112,1.013747379671858,6.643815655608946,2.8919947622785953,17.846809009768098,15.329402757441935
4.676043967921325,1.871366681677613,5.8151372143815925,2.2469806849975233,12.097233747882349,12.878614660322869
5.23786282309691,0.9665513234810114,6.173156183749692,1.0605950148358398,17.057625518921373,13.847104941000717
5.422443161563632,1.2269387253744188,0.0,0.9095273252865046,15.594852743939343,15.968848576549929
3.900536717959348,1.7069521381140385,8.27720600341698,1.6706124580888424,9.332409279600052,8.619264670913749
5.732667693863675,1.3199809622739227,2.550216076270307,1.0928337581462688,15.417491426946906,14.34155777986189
4.985914430795612,0.8517996463140105,0.05312848225796461,1.3212419657338026,11.871292644931854,11.73958307231362
5.260128948879463,1.028549781945243,3.4808525394748617,1.5838977566547219,17.954620806980774,15.391784465437292
5.149303903681294,1.6153254504447299,2.710330774442417,1.8601483431535735,11.43892530297385,12.0527240811643
4.69090446838031,1.8515583430459155,4.16017161444559,1.82940476367715,6.156835302756348,8.617294531130067
5.651877443009476,2.48691335890105,3.7812446320208446,2.423766643330833,17.71921193730425,15.766531621077787
5.564935463965885,1.670466582516491,5.99749696467988,1.8715911872113233,18.011074292607585,16.183437165695953
3.7797457141975603,1.6865873251275212,9.175304076603094,1.1848567433973665,7.156298795362446,5.969237094596526
5.432042113224969,1.2476724644346329,5.625784376484041,1.2426149580283863,25.284707993166293,21.016030405985948
4.45955171031314,1.1806420234034423,3.5620198451948815,2.0092589179451488,15.773302901432949,16.17241102584745
5.625603301696289,1.0201471643503048,1.3233147657362343,1.3632977749867417,23.77244797239566,19.7235532447695
4.594828515102165,1.812433922419193,5.383792203946299,1.63833498993046,14.706990466752453,14.573385072380876
7.461537986133411,1.4920608081417959,6.796457057124381,1.399293431169615,34.472552771937266,31.71168878131027
3.4672945318190767,1.6275746013127619,4.440789913592683,1.3564138155843315,8.422510750760303,5.894938731562851
5.101582856348181,1.47875870975037,5.182145813643471,2.1455825859044038,14.586076497357553,14.292739910582291
6.157549145842467,1.069456875918783,2.2921255782691037,0.9857974862950927,16.5585697490272,17.05119414084105
4.6872476231952165,0.1414132233178802,3.99056963950641,1.7915535620662757,21.150086624914824,19.371222900232617
4.6043515726550295,1.840774267055303,3.7822436945380664,0.5880345881606199,16.904635785022183,14.061514742454653
5.0184907069427,1.608207575013762,5.801031119367611,1.8197018332791168,17.123555891484173,14.410814719541987
5.351816603059703,1.9999689970427557,7.8007880767539435,1.0107310947561126,16.958916387479448,16.5959562743168
5.542092693088173,0.9071792888946587,6.9894221446036955,1.1358517505594055,23.27220860465864,21.72187164084942
4.284672739936333,1.691143105089626,7.044366102422559,1.2089301906792997,12.287058519729504,12.100647193128236
3.4859760651741456,1.8470988575209801,4.684591315926522,2.866233305476625,5.432475062086494,4.453327734480706
5.131873883591011,1.1654861382719013,6.485612005824183,1.5548778122166709,20.566525669873084,19.087094563984618
7.013198622185989,1.3590132023019175,4.029791438319352,2.3186641461233655,29.02661418798993,27.173594181796215
3.166158089642835,1.56889233016943,3.0770291906558365,1.7749437099753784,8.942034991613431,6.835443993068981
4.9912508027832,1.44251780482295,4.90267324358249,1.9001271129945156,15.568002191735317,16.232956659225728
5.748726314701196,1.6192593929136014,2.3008974771448303,1.1246686338584584,17.743831139008794,18.609576507887695
5.165923678437968,1.2067886855593233,3.163091045380342,1.3653489869111948,19.97913927935782,17.406629580945793
4.88278150401402,1.5797901796708451,2.6866956313665837,1.6164880462092355,17.96489647828311,17.29130517399079
4.001170177863011,1.3096785399086077,0.7484188604797012,2.1549852246858663,9.953722799847807,8.997757419998877
4.733472027934608,0.9296410191121227,5.843745439636442,0.5914066269773253,18.4781130038077,16.302380348694506
6.377042898836505,0.23234736937741532,6.943225701116979,1.7590302449715747,23.514061781692256,19.34848092805346
5.358026124384864,1.083023842127986,5.986108269762437,1.235509374778878,18.424237137276016,15.202936905011029
4.7746093231594395,1.3939007344812435,2.2895920256125994,0.8950215777943558,14.39710499900474,15.98238444376399
4.8427262873258,0.7647473140186584,5.244173208822321,1.1234655262753295,16.209027186951175,15.908526116661534
4.768411596620563,1.4683290641408715,7.246177289491855,1.6306317680132032,18.0118629691669,12.860135663729848
4.203984432274655,0.832287786227999,5.207732648079591,1.5395805047776132,10.890468810060975,9.551778277942887
4.770258795389352,1.9966168544483578,7.745414361208992,1.4102842972396445,16.35955175229074,13.04304487950396
4.0898197654803985,1.491009512415616,1.9602939756660132,1.1854917843019648,11.243163445534275,10.087532024799827
4.859952667982033,1.6091999099934557,0.0,2.858490412733354,18.390159080970797,16.75009715183444
4.648613835202531,1.7877103163448145,6.917980948170932,0.6795433417754524,12.662027773731362,12.35080289474036
5.106901694067682,1.4451142028254098,3.865711912970697,2.9854170188836524,19.244688579130717,17.472770149827653
4.327670792397031,1.1585857474464967,7.142246223236728,2.1215683575700064,15.332369256284021,13.08088246260707
4.5695674955859324,1.2685574547349074,0.6684714479021049,0.5439642751579351,16.624372512142,13.752214582325825
4.428908058535555,0.7455770762820412,5.213867512594176,1.9196254945335083,11.42422263868424,10.06888081371937
4.425238506155076,1.4356351468235657,8.714398542884336,2.1620626036155635,9.520189222806803,10.132362491533716
5.691562190904289,0.9391686103254034,8.010176655206125,1.8463072034201349,20.845948507560834,18.170850511623478
5.53183816401238,2.057042735577954,5.825491343718978,1.6650162662844123,21.040548941256514,17.928861287578332
3.7375403263969997,1.049988540021897,4.305788448699302,0.9790253872464343,16.087200648201566,15.134316177534815
4.752482883669961,0.35411121106248067,9.075101074993606,2.677713090525094,16.63269226865865,14.487544547664005
5.897656806451366,1.4338647675834744,6.752257838788344,1.2929839367419185,15.633034926497269,14.938310636968254
6.393919959062383,0.8016808960641373,6.819448765376014,1.6575200561934411,25.075892008026855,23.473836422401074
5.453072744945786,1.1976077467002433,3.49114087771211,1.3452927692053744,20.608024726546628,14.028831786331368
5.130695790033573,1.4935674828101853,10.17590793937156,2.0907631420826753,17.506270741062938,15.487477071783424
5.6448162486776505,1.7346700786200409,3.224128958274827,1.4246796188956643,21.573260848175842,18.167272964941038
4.822850782676723,0.5407266160473002,1.6205436633896309,0.7731581221459971,20.831140200126942,16.01731554973112
5.525606592185102,1.429646263681424,4.772959488819425,1.7510233876878638,20.863739050288853,20.162431750841257
4.17640297154034,1.4641068565950581,4.462717930490245,2.6721021667957987,7.93476388731587,8.405211559935877
4.281721598840303,1.2648857020234747,5.188200529742656,1.3099110337284092,18.71968883926272,15.181859199442945
4.46695287222278,1.0752993716929238,4.625252052415481,2.2233339057686434,16.955818630400756,14.96006788590592
5.577129906341562,1.0711920031154412,4.367433766238947,2.500438221935493,21.03788418455129,19.479277323196957
5.08192078695517,1.2868897488766373,3.55769812751664,0.7285116905957881,17.767593899677923,16.413956080263656
5.532237031390951,0.731517629280567,6.949256185149842,0.3680815729810482,20.277157948145636,16.295778616956323
4.714783407643143,1.7955740563695473,4.14403956189138,1.2680993903004691,13.476730796233747,10.735598285870916
4.371073393354035,0.4799866119124073,4.490511221489229,1.8124152624982677,16.074472446432154,14.12765311476225
3.550674544557184,2.0469659881447435,7.008340461207225,1.3127160834339644,9.713473541534048,10.010247324119096
4.44712417603137,1.009475086811553,6.193720463775715,1.1791381492674422,13.566014907830262,11.038775104532656
3.9419691867309075,0.6508948528338117,10.554844899501358,1.6109556120503647,12.496822330750547,13.510820922199018
4.1794084797981625,1.609206872306603,5.933666600655236,1.68451997746745,8.32240679175105,9.414344437647978
5.1096144298797,0.5594953403067806,1.5603782373410633,1.46629629995479,19.327765590734405,15.5702758958804
3.958006415139625,1.2541626772949719,1.5586430225501908,2.000676476819613,10.371697370601293,11.064780400127113
5.661618557800125,1.4945904112479753,3.0446914554697484,0.029802954844168773,17.709814390542682,18.86299509807415
3.9773073863532424,0.9981334262401131,5.660793095783247,1.2640975760127136,8.72677912253517,9.88439192925764
4.500508289213526,0.8708628196857221,3.6973925215030015,2.2933393019180164,11.419979488642307,12.704609977590057
4.995105441407177,0.4342550451289611,7.2443028988530696,2.1928725184010713,15.867225048918153,13.810195502470643
4.753717151036973,1.7541447823493506,5.0403799728926595,1.2045278393303411,18.219818649861143,15.153848858693545
4.753205001353138,1.5992124286483405,3.960144985515598,1.1766767050477183,14.554860306487008,12.540008606879889
4.092903663492029,2.044262657318165,9.100716867601188,0.8827599189849439,8.92518121196745,8.878338453141245
4.474068376681951,1.2638182317477302,3.3771865925515905,1.804673776118145,15.130312650343233,14.22054886751439
4.48098253492244,1.7871024272478824,3.0027338076446446,0.2902858259777483,15.013705728969219,13.820260482408608
5.087183719142933,1.5491166604865483,4.552138313363152,1.2069462448377977,16.40601599150076,14.232510472833432
4.449243632647334,2.0249007605019678,4.399209195089365,1.2905941080218841,16.612303122466134,15.170703705631139
5.557098371967142,1.068091583458235,6.382047778406407,0.8130653537494777,22.754086454750308,20.3710836472334
4.470107321943616,1.6802741876297793,6.170201900007867,0.7864479798305644,12.867562616988423,12.033820147485615
3.164232071195656,1.0342075852104784,3.3660640099008416,0.7405426470707529,12.237951638435856,9.203371871322334
5.268333876315355,0.5352501521181419,5.122645013376866,2.029912108735549,17.337996716713885,16.680651701042127
5.097979391428227,0.464753019241289,5.894540674196491,1.4473791283533222,20.187914993364164,17.89221545240103
5.235067094779247,1.451390096539751,5.4568501200809925,1.2562606006840706,18.131549997173956,15.685384173179202
6.60563172074379,1.2642043341461402,3.6081721170971788,1.2581921616840397,29.513752555646857,27.696317633785963
4.240023490653714,1.5111049264357397,9.943688223201594,1.238431554657899,11.632874294228355,12.19136145804109
5.2210709232195995,1.6700314291193783,4.442006348885578,2.411458808478275,15.18372411194284,13.085776133497326
3.7823480560776113,0.34770287944445777,3.6457654539086994,3.599568842322878,15.658904453516612,12.170842492844015
5.501145419308835,2.0635768551537574,4.284046251874749,1.498474830527368,18.59007623489947,18.28647425451177
3.9985707692496066,1.2997841940972157,3.915525866997237,1.2030998672041702,14.526191667219216,10.938267981667455
6.761653384535289,1.1146012159442085,5.6997205838184755,1.390200433542705,21.791745598229994,19.739812756266662
5.347508922679138,1.151109631449024,4.3607161465109,1.3245800340604679,17.6219044713744,15.951673003870315
4.824491850803899,1.318952443918683,3.5018093363188565,1.7922376243882188,13.33837137811597,11.675582867579248
6.511016752476334,1.3072154243796406,7.3671466847280715,0.8578364873051166,19.354752410963822,17.847519647838865
5.22664134526807,0.6689599390020058,5.733781476056965,2.3381211393899903,16.28539495264514,14.723756878688143
4.877953265719217,1.1072651799278277,5.733884345649321,1.8096452596185808,11.88536162543191,12.844668728033758
3.9725129271571684,1.3726672790972723,4.429675762484561,1.316779635855767,15.261559722418207,11.600751564916829
4.922991099491275,3.02641922059811,2.3781301271812967,2.0417034353751586,17.010649765401787,18.169115410979515
4.5537043471582,2.110762211841813,1.155727437985381,1.9880936000467069,18.971986262324855,18.906938482977292
4.468256917958113,1.563666314364086,7.106159587335019,1.0486884581277176,12.814877971741415,13.561289143133614
4.18918669067535,0.3984409728361236,2.5840358413470983,2.5456383720354876,10.80380809697211,10.234586739956816
3.6584275413919474,0.9180441610344546,5.4970771084899965,1.42688633359048,7.9579357622251194,8.638029824743775
3.350479629491738,1.9477038534065618,2.75592468961469,1.9693746661992946,10.32544764522724,7.54292905143153
5.157947457919617,1.535549097257451,5.570613002376754,1.9258518179642505,21.07013994114406,19.803830985012006
4.64631656910229,0.7696912520758903,4.969246832799813,1.358757636772874,18.47346010829807,14.962108107672675
3.9364419780008326,1.9080522861607858,4.990815544579782,1.3882354026623076,11.739784232403306,9.070445112910784
6.0400274336112,1.3616665856465011,5.7666500976521755,1.9047714689708029,17.942096150549457,17.611075698787165
4.8203754531193574,0.6462997220722948,5.89606317221136,1.4371759322276525,16.535024498598325,15.33917436799167
4.662893729405593,1.4654898751268854,1.812091785450367,1.3498941985156936,11.000906710479605,8.171342989418308
4.13249919948236,0.8514446610624001,5.70435126847645,0.9435828869066551,11.605154823588718,12.189709337242943
5.761332518899078,0.6386937980171784,4.165439266110297,2.3773916091863136,21.270579266825745,19.814059963191944
6.180770719659742,1.4734529405531884,4.555502905802793,2.28739179114032,19.93402749102038,19.878643748327924
3.7598405824412384,1.1636477614506842,5.270407516342456,2.2088977423610148,9.248647865278965,6.681377806556294
6.379936508304559,1.7090976788639514,5.824627822418934,1.122800430578789,20.947033371467644,19.7590049914823
5.102604653133135,1.577538289336045,4.877302131072889,1.5843713667985528,16.101226713308467,17.24849035582859
5.631429120822557,1.669191592078993,2.889891163422753,1.6703024106267308,18.719215344036073,15.995691429470765
6.026932263231947,0.8982341774766828,3.980619270730571,1.663066362981465,22.109216188437745,22.309137967904547
5.874781860536738,1.190813218225484,3.6068674198491326,1.9891036628216714,20.007165210433314,20.431102808271298
4.512746666595091,1.2918850291731339,6.918723136568317,2.1495217528796577,13.873282855591128,15.196821912622642
3.9320919441277042,1.1443767464916117,3.854156898345208,1.6440335478914723,12.923379879682269,10.847627634250756
2.8379166388166404,1.1545065911059347,4.595816944421971,1.457282165439712,8.5354290282504,6.364141076098225
5.4207450837785665,1.61205495911849,5.300836867129143,0.9834807344535029,14.268694120957402,12.080506397426634
4.647635814957479,2.421951704690821,1.3511728836975745,1.6586798465575492,12.826293146658113,13.346159472639254
5.980026484409965,1.0093328563062107,5.926527967559388,1.9776482420272659,21.472031296743356,22.98400338888971
3.437343861434029,0.6777862039432269,5.582968883727496,1.816800085180186,6.677349336751444,7.542952772387243
4.050825960765114,1.5353040666349567,6.019249997679061,1.9978422457841352,9.789186636160071,8.517171983128259
4.608651026287243,1.4872638175966704,2.9742069765274977,3.1904415678824964,16.27823295246156,14.418302488068171
3.7938341920078704,1.0316303715218016,0.717727874547959,2.0890551969201576,8.392805524488478,7.454004048965063
3.5264160728090745,1.1309077001826644,3.6821429233397414,1.7324491676227443,9.627448327047652,9.042653709868823
4.3551898437535375,1.9803021623185775,5.799428286961877,1.9811701554863996,15.534169938744498,13.334446292896473
4.277174838598706,0.7376399025557603,4.427284565573335,1.6605347296296449,10.419787238677145,10.87765365756579
4.290126165449206,1.340753440548508,5.1825652811593015,0.5509702530698183,18.019206312952832,15.416326029051865
4.095173286594656,1.0960750401281858,5.334693261840172,0.797115974861135,15.023232966149049,12.927452664860025
3.3488695312390737,1.0896356894369985,3.562338800217111,1.7517394649493696,7.89450668493856,6.311372567291608
5.833547978277163,0.5194798881321807,2.9521735318677305,1.2263431950501553,20.335671964817735,17.639148952274102
6.098730943546328,1.3637122808277977,3.4884145619246607,1.8473192578077424,18.66608818660821,19.045333033045555
4.668692742334555,1.3664154080692132,7.52170200447331,2.0207175728770603,21.467476496589686,17.915299922157168
5.518427460593338,1.2288076742821339,6.585047245983909,1.1781308018344299,16.2134793186196,16.088878064275473
4.791527457264842,0.6981585991939118,3.0975378163823506,1.534952993212047,16.10282383616567,12.748025345821816
5.330782733511597,1.571098327568786,2.917984973086746,0.9200252187990366,14.921682412099818,18.25878950228687
4.789796874495447,0.6424688670649708,4.290572938890945,1.8914748235848167,13.701502164639233,12.41573368085395
4.651533736216233,1.7354317295759458,5.529726534152594,2.1534570381891456,13.955616347708824,14.039319583069517
3.7466705214307297,0.6192753622289916,4.378938929374763,1.667474907857583,13.661700720332709,14.044347359956713
3.8292498467983616,2.4475966810218046,2.323076600598858,1.3378761871477987,8.927823452486471,5.5598014825772335
4.129632922151158,1.2366628764004481,7.27126295079769,0.889175339492573,11.877851002526658,10.64851183040569
4.367096172050624,1.9745421812348274,3.163044869610309,1.0044668438258662,14.038834405112475,12.514156868745069
6.408468677371726,0.6994543133207297,10.992666031625275,1.0601827585999393,20.89316552016724,19.494834392128947
5.674949484299669,0.781536200678394,0.4574302146064265,1.5022423118959116,24.602935062026866,23.221030234121955
4.791644721130643,1.214896151626966,2.867299585117849,2.1036653622489854,17.003672743818235,15.547855927323226
4.9060576530287445,0.47338947428554584,2.9854923264148083,2.235383428027212,11.855679759768629,12.09922084054533
3.9593145673576906,1.307779978648235,4.099294066891275,1.260113815923488,14.237065913449356,12.081935230648696
4.474741295128821,1.6220625279404095,5.736344714457064,0.6316246606538475,15.061731526330815,14.715310691007996
4.4915394199852505,1.441842133557159,7.2952572300413125,1.2606426230924284,16.84658297643784,11.732043064926401
5.414895281192931,1.1573274593161218,5.039141227211892,1.6218233660944972,15.628259592020989,15.882619176368353
5.5167983713180595,0.9650292564018944,7.746217382789166,0.8179644560554644,20.2084803737814,16.944099930803166
4.61778584106356,1.6795609966704388,4.724122108011891,1.634795835987357,17.986715805831132,13.432745997339898
4.205230999880662,1.2248995745972924,4.154128704405762,1.4865408099069546,10.303244967697275,11.458537357718006
5.401025521291301,1.887455766821322,5.997844511445774,2.3170648201213306,16.98886790412482,16.184336545955954
2.8796777882095346,1.484200130518688,6.131406282324044,2.0408438538973903,10.015829925889491,10.040795529336156
4.670244481367731,1.0537609611899759,3.474583155475211,1.5617266388991058,14.043976235685218,13.132781269553282
4.629999305899914,0.03311394074369709,4.822335644134155,2.0628807937216633,9.280555320736939,8.817931590486856
5.825859031019175,1.3892613796603774,5.759305842447631,2.033019392624891,21.915737897864506,20.476997427246108
3.534640179720009,1.4478301280044465,4.404324951104511,0.7488608585086228,14.074967598088763,12.35688220731437
3.533656774124616,0.565368433230781,3.2709812532474847,1.716663976744543,10.452702659063844,6.882714862490912
5.0197818621685375,1.1026783222451115,9.024427156673902,0.8937455107316244,14.786188767192778,12.592617991203909
4.89813072301917,1.2377603119410643,4.937698429025005,1.224118780508456,16.722619346947756,18.20378509178889
5.230559296343877,1.2955841496605773,3.595452720440196,1.171269460258653,15.000548339008771,13.989778325877763
4.147135295747924,2.3218557347791746,7.771170244091507,1.1124577519908958,15.40236032765296,13.712366959920658
3.3460025616110984,0.7960316150050858,3.810054004916664,1.8080424223192364,3.481241447796996,1.9865694305315214
4.866936043021242,1.31272638260644,4.724099731457862,1.5183088172536765,20.862075768629307,17.68591798284042
5.7699497911448,1.7504749654903728,5.389046623635289,1.3807402515075025,19.621642945304384,20.298708659065827
4.176529247825742,0.8068343155959318,3.2798876278700817,3.3168808410578774,10.959927820200448,10.959500051723932
2.486448303537375,1.7308004601513212,6.512596748733444,1.8150160787169236,10.434519292534981,10.415886204355582
5.585616138740474,1.0440572945502893,3.990499344135855,1.375345335257801,14.829990249071571,16.734234997730837
5.243106874005426,0.8222992615483414,5.544310649273091,1.2137220432183955,18.61884504632099,17.487936361445822
5.659993786491924,1.1112434899795267,8.336938931710447,2.425253104249877,20.423790522793116,17.21344418287015
4.827533385868425,1.8420140042257445,7.662507297064801,0.3421039387781771,18.50650256049488,15.72073303575669
4.850833652736094,1.6933097891322313,7.86360676131359,1.9921483203620414,14.982072881152998,14.967583904042367
4.545246549164284,1.430615876980488,2.7730664916648076,0.6826751708456883,19.048361555822893,13.205491897728917
3.920418253831736,1.4520915789531084,4.4340713416888144,1.3024575753881202,14.917189404746567,12.754051454251437
4.693353682363783,1.735632033310417,2.982585191938169,2.1290324069390256,16.621470085638727,13.717480741821648
4.252102924018506,1.1173560462625278,4.139402410030531,1.3554334070471643,9.401310212581901,10.037822055391912
5.252500171174959,1.282495919047446,4.797138462066354,1.0735925829758617,19.736431380251425,17.317002430562983
4.020624061827137,0.8620875566873352,7.57729032700183,2.656315075073437,9.127486789332897,6.094059742997235
5.368822655841641,1.72933282038001,6.418934236815358,1.289731167660551,13.847985713352957,13.147788892232754
4.937846713771584,0.8833437617299026,4.80994756596148,0.8214956431076256,17.451436784163143,18.936311850807247
4.242586946595367,2.236933857612302,2.856485006914893,1.5875991661055275,5.805501494296924,8.78763219536238
5.4535229986136375,1.1346572952709173,5.824669335984125,1.8944408258450638,16.466581046232047,16.70337445853118
5.287990289926757,1.1286007619282028,6.822983963170371,1.6322148796794682,16.7646102390215,15.50220044879741
4.8620770283631005,1.2048570964664287,11.570039542469827,1.3017964680956988,10.492995924779084,12.012067792231141
4.689195604303004,1.0606213568024723,3.9679588841331754,1.6010826969737524,15.373415036647373,14.970451720761377
4.763100566071767,0.4624493951634418,4.143339963931355,1.0777880376150923,16.313047300467684,17.700273828020478
5.069335656039047,0.7324464224260764,4.2354007273155805,1.9698903413290825,16.840089168166543,18.812194201409323
4.2140255666022,1.13442837908904,6.029306632167527,1.9736150082298727,15.31491342351789,14.081030252670592
6.239948040530447,0.9993239358726259,3.480973265571737,0.8451281298641462,22.102983442954805,18.948551718703005
4.672869327636745,1.1904390599064878,5.783310654642984,1.7162273694143002,16.623021635689025,14.895052327074323
4.9878522561159,0.9097292468410149,3.256686957555115,1.4840178405172646,17.459784525934456,15.282419989963563
3.309567221776689,1.889065652223425,2.228257561716358,1.6696784252900088,9.697415164576604,10.535085736018635
5.7316960358383255,1.7055992376515716,5.517819397415411,0.6854834638763183,17.345037883308436,15.726170565519654
4.524234170160757,2.070568370573067,5.614324906550563,2.381138064322417,11.017656140471223,11.068374689267193
3.880521844360449,1.595904303907078,7.475569082375686,0.6672707117037951,14.028034093882978,12.189060582045071
4.945145059632961,0.7239845373720997,2.1051004977547265,0.599899338986818,21.888125278179796,18.299342166434407
3.489672559447366,1.5335336787248013,7.024601561059381,1.4172785053748955,13.803547611202243,8.914898198773923
4.220594551383667,1.560916550168773,5.1352776059241645,1.0913034097210297,10.629606724356321,8.053365082898527
4.8730154041460025,0.0,3.4936183017793843,1.9201277909285408,16.026394747362346,12.500268107028964
5.366144628638584,1.0638728856178254,3.1855482413604506,2.4024566775434204,17.4991668214734,14.931164256882662
3.1457434512372213,1.9987523236715592,5.885304816506193,0.9088647617551875,9.247681742282115,7.89491977778903
5.7408388008991675,0.8544968262744824,4.000826221393365,1.667692727612575,17.650060103952743,14.799549287619186
4.851679872789464,1.888898079818279,5.487048616398045,1.4171556687511033,18.919237177799477,15.84134028040809
4.618642738169077,1.4284456180724316,3.188276695185748,1.7030928321290149,13.908606102847614,13.91525026153582
4.242701107270149,1.0146748297019905,4.311500549513571,0.26473244719856687,18.34739324863205,15.49376606064766
5.25542875603009,1.8183762459708976,3.612310325007871,0.8540932771556631,15.401517436380791,16.42149123567908
5.4882359004203245,1.2444624212258557,4.1840123146565755,0.7177093654160397,20.31550374185125,20.476311443585796
6.736501277894729,1.404359185668922,2.7507597127217136,0.0,20.490231280665974,20.604230800535966
4.380535884291956,1.1189290532784895,6.44655243533244,1.5561301565745278,15.930425124162468,10.996833648650181
5.5245454098244435,1.2284473883455636,10.380835168696555,0.6870642676892997,17.90132222614307,21.20490014508977
6.317883455803901,1.510928850484298,5.290294010848079,0.8922914124569231,21.750479139727585,20.098397963773987
5.436375871254864,1.7703949848921823,2.914164602058284,0.9883746916392477,19.18771293513363,17.424278358549948
5.3274063345264056,1.5177203868391247,3.5814350539184505,1.2402141340271335,19.461020042821257,16.77494999607146
4.5702534993883175,1.5016106826351605,6.2119924466183,1.229731041346243,19.832725500946566,18.07639605434292
5.467246515308331,0.9900393288408643,6.345442559460248,1.650579522021254,18.582889731512076,15.717265589475266
4.898702987421184,1.8951632548578332,2.024979682784661,1.825885211581041,15.500272999634587,13.918754611383228
5.128331288003529,2.3587874067482644,6.5041068793156835,1.763714311640095,16.65561390424002,15.573827222334035
6.827301289831112,1.1854083754825475,6.210895258135728,2.185129250038392,26.84465580665291,25.180791379686788
4.910222973898542,1.2018358536230496,2.8286274835736545,2.530377410646035,12.997461362930563,11.95879985753597
5.853312018006752,1.295350305386647,6.958837429982427,1.833602212515326,15.943032308918335,16.419325105120304
4.087208508632102,1.0644106431637648,3.617380373518215,1.750295993631698,14.839301226083764,10.499023054847154
5.997032185412965,1.3045357090762173,6.700833007677476,0.46342396252976586,16.33546467232421,17.820101150546154
5.635203063650919,0.9648391656418646,2.9115075202780534,0.296217333097725,22.635001775899244,20.472917216020043
2.966205977349388,1.132858349273971,7.992070688044142,0.7194895532028218,5.882285259631214,7.3310936631362
5.7935032642347615,1.7103746108614368,5.485022656664339,1.3430972009091415,21.90035048444329,22.437968884348287
5.037945984342457,1.0670387657714033,7.750550247550713,0.8602406582287894,12.8058914226567,10.925090002058775
5.47578048671458,1.2153037371916988,5.202499223794922,1.440632582036021,17.43234290677572,16.977492915223767
5.658559259365752,0.8055860130914154,2.464118110946895,1.7740925260875546,19.4356792901793,16.91344521105457
4.451334512457537,1.6183841796322143,5.217157410202731,1.4738114521630616,8.145132855744293,8.78954250525372
5.389109604084645,0.3018366526176288,4.399485096434598,1.3363176571051398,18.68875874229865,16.870343491162252
5.193098404904218,1.155147656811818,5.710761096799,2.2096111456214746,16.703867749671396,13.752763716450028
4.238148043004431,1.294876734476329,4.321724261056814,1.7599941482317856,10.709926961362445,10.387092831672662
5.677043637073377,1.8351805861736972,4.301958261474713,1.921942044823242,17.7249491709777,17.677697759985726
5.0275690272424205,1.2041457124587214,6.555708978330844,1.7148106258234064,16.092330043032884,15.281076592420527
4.170851391237431,1.3372959531441724,1.9050916968000227,0.654292142447641,18.327120275657443,17.337793894136958
3.221315856398932,0.6603469739347427,4.972583971364706,2.123490584273836,11.701278448835573,9.177033981766678
3.122346445478298,1.140232168122845,4.564969780049604,1.8200942468904977,10.729986343055945,6.9298713268131396
4.359780064069847,1.0778222186535267,5.305650136223221,1.040618637297583,17.18126507701255,14.409415251532401
4.091199595871569,1.5515981803538297,6.211946454066513,1.1694790115769178,9.84578323270423,11.09072831915745
3.7985827133684658,1.4632490837370637,6.407554676743208,1.0464970075480606,8.895195828427811,8.887942894672753
4.662643457119972,1.5687387875207481,5.895689863388122,1.5876055421503301,14.621810394704616,15.376391512471068
4.101061122965334,1.4279937398783473,5.585779448763087,2.2292690204861483,10.71470922590473,8.031110254694038
6.7771754195920195,1.9361319125545737,4.842799379323367,0.9072895851113543,23.60219304827357,19.24153099880201
4.973889087443503,0.6546933058443194,5.81075108340695,0.0,14.788275796171948,16.29096756804352
4.221894595334614,1.3271152656200913,7.529351042017566,2.2081875002366305,9.403025063578603,8.587934235126845
4.419530398150011,0.7712998720879822,7.025916714837977,2.823105955976067,14.056352604241054,13.175393901116886
5.010779042413906,1.2036949280522669,7.8361871995798955,2.424932123338716,13.823041943636804,13.571794236160821
4.739850323729416,1.3499275952329235,6.77649665414554,1.8546287853457473,17.093104987830824,14.207021139045047
4.431021400769221,1.3438814256764442,3.7151419634648883,1.9181948087719218,9.342550798370402,10.829507227825395
3.7476539494818293,1.1282069055503678,7.805454673567907,2.549786317249477,14.051170157135193,10.49080427336898
5.730066549518001,1.4995978932361826,9.325855381489804,2.216960108692432,20.752453472302236,18.816143312348725
4.874048826480534,1.8744880541829745,5.701966444236381,1.6197359992747737,15.277921099767283,13.817168266023042
5.741320819028556,0.2994392888847253,0.47782941211761865,2.2605564170919306,19.23536786631366,19.817820360347525
5.1442594930464605,2.0627421824291066,1.978807900875164,1.4096241976880732,24.757753916277473,22.37642197671612
6.079018135840475,1.006806812396222,9.032101894013664,2.647502654482895,22.072126764550358,20.842766571482557
4.118314871844379,0.42161218477344403,3.5173747338244286,2.086876265869892,13.880922472444144,12.73780932537198
4.42653340679848,0.5908947003102822,8.248896825602797,2.0828530131151006,5.755670482598607,7.903170109307162
5.887270195843405,1.1968349075119467,9.462221886193126,1.7792779524659306,24.027149400425422,22.684319565094597
3.302723850905346,1.440699470286426,4.787493606087257,2.6484024105717414,13.627010394422836,10.94988052951117
6.017699685624163,1.3901975238039048,3.8715506383832103,2.925561196998896,17.591553323894203,14.038492653182823
4.730441308795407,0.37384026115614444,4.285845782828646,1.0323831061527833,10.968814863586882,10.989247440421035
6.563042810305148,1.4745193286631493,3.3009880240499627,1.1491096403368615,24.899654070307914,22.131044933091122
4.448536503980881,1.2933828577906064,5.28032049958974,2.093089022852274,13.845921256445237,13.84846644612409
3.1063923549474097,1.2137977985450479,4.7835720958863135,0.4070111298051156,9.921308141150815,7.279444108470922
4.570355110204827,1.5050337742879905,5.124674787059357,1.223546806432633,17.5841070115831,15.001142409936708
3.992529178396957,0.914671671253655,7.688482992875186,2.0171023585180143,11.460246687570628,9.476329423373727
4.305526044761801,1.377785069866382,3.6647254741774016,0.6165046581720325,15.78234226997498,15.310729145921083
6.526511482322489,1.06151200675911,4.405127730058315,1.7470169800438213,21.744730500505163,23.793689097725593
4.460899304415881,1.3057099856394212,2.9509126619382844,1.488184241066191,14.019996585286671,13.324623032173651
4.9544846077699916,0.5289322855264939,7.333391588979665,1.1598133735034801,17.90313288872507,15.016369930554887
4.345688485569415,0.5676284892025312,7.224419055891667,1.8307653973523461,11.945776990862361,10.25374456415595
5.702109743651206,0.8912103584686614,4.0310703953931935,1.9849419970110596,21.779850442399514,20.43460008935026
4.729536563606157,1.2395883406902923,7.928797996277633,2.5598089090583764,21.388658633923484,18.151074282739106
3.9388246700041587,1.1214874748824604,6.121068546235763,1.9160124019852691,14.097987410811465,11.39239592048738
5.13402216911176,0.7341154865445368,4.643343624124487,1.6334885636029859,15.002396193670343,15.407874581709935
3.8784516238592017,1.927461555883188,7.524634834438581,2.1082398047122366,17.880150514839027,16.666194653081504
4.709622825788174,1.909370142915552,5.3800479719002015,2.371485944761742,14.233034188363543,13.434619592813148
5.0325530098505284,1.902963580766497,5.486932650341696,2.7694992500370663,17.412216982322246,15.255116964826712
5.827050999614473,2.92393333133128,4.514849918256096,1.4950897851193565,26.625483462527768,22.72348772617699
4.709877396111159,1.1943818118943923,2.148616156423744,2.755577864485771,15.04209917768416,12.63314769166383
4.1951069604092,1.5295365033131063,4.318814376235977,1.9398703882707953,13.525251814040967,13.987318826774272
5.225458973044976,1.9342441833402233,0.9816136083106312,1.7310552629948628,13.931700148244673,15.061784768877512
5.803511188137309,1.2711837789760152,9.635367319952778,0.8399200804935677,17.2083075781538,17.780832637259593
5.8717805846125675,2.1696063173022972,6.446634129406249,0.8086367605035314,16.14788190901103,15.840562497987081
5.208046248532456,1.7060889514755255,4.605503971175851,2.6161238234686834,19.812650197367464,16.875163648920385
5.404714110822053,0.6094132284462628,4.95044270668808,1.2464074955609183,20.22017996754634,16.954251070270868
6.519824277705513,1.1685048288861632,5.173627193617783,2.2549327102279606,23.154056132655164,23.25767320457814
4.912411075675576,1.793577485181021,4.7772317811190295,1.9318995422113596,18.840394218875204,16.99689575594483
3.533529900238354,1.189317290829372,0.4553008912799562,0.954793704393604,13.644748621025032,10.758270199656327
3.9985838998087355,0.6952484016377809,7.247860959231893,0.812402781991824,15.982787545785996,14.482589652923734
4.747002797315827,2.1631380468572154,1.838543058565194,2.827028223842265,19.49435607834617,15.906802422715325
3.765360236671629,0.8948497202235396,2.980538275349643,1.2369975197403151,14.76514353762424,11.670248175347139
4.919366512765889,0.6340188091256658,5.048478619349206,1.676525626225655,19.309694502578527,17.618036039977497
5.769393706299669,1.4698313400082743,6.675103452591956,2.314016634356898,17.750165797258116,17.14778968691383
4.552034664191895,0.24950215182582672,7.472645199195995,1.5582563968114567,12.077407617339256,13.470748974281436
5.780963458155566,0.9874881870931138,3.963346486863257,1.1884325000706215,21.68221338044299,20.753118398615108
4.2332402792370365,2.001437951155055,3.23722467590565,2.1729706470451724,14.400199212143757,12.919006470877685
5.743427598644157,0.606398451868951,3.0809854894687554,1.9508681367740313,18.268830213672434,16.43535718436329
5.266283690346403,2.0079098547466163,6.08659662082463,2.000256912268341,20.85320784309673,17.14608235256773
3.5726367557126855,1.7781355850993297,6.723639985452378,1.7273779019197957,15.381123629788732,10.200801577934392
4.583062359978946,0.6014940230206698,6.124095288484303,1.314863628185094,16.29916346096628,15.449994494471353
4.3768672587619,0.9869471630700063,4.236694274260002,0.4433120444558155,11.941821880573382,11.630553290320144
5.2958264824295265,1.3954794621075857,2.116091691815082,1.3433175992986817,16.328970610050604,15.963696460205863
4.546973380303698,0.0,3.1650537209369602,1.9317538867897734,14.12774579579344,12.832318373445041
6.411840460427863,1.1927533383648596,6.307540578378714,2.8303758532018723,22.581826245806994,19.561194764986546
5.56650153090927,1.3940357441201905,5.760604122819751,2.3757561977606443,18.693402352716586,16.031092606626938
5.269082160770051,0.21763274757662418,5.761150041307273,1.5302291547618585,18.854429534069027,17.66967895920936
4.330839298853966,1.7568982249051996,5.346240494094085,0.7797162357329469,11.496594784169673,11.276091366782614
2.9447963271562867,1.1666922220170586,10.148345150691242,1.0164866922937337,7.9805189235731575,7.510267145583328
4.819366125798882,1.801291120760531,4.933748986932384,1.2870263853854178,14.765233844688234,13.246264433150188
4.393584472230054,1.6527382528207464,4.879692377637424,2.5544142372124687,16.885603255594635,14.961223713195523
4.814949442629666,1.6969075304222045,3.694161702233437,0.36876662769039537,20.646014788631604,19.74780713572115
5.7592840229235485,0.9961387214455109,6.107112001926127,1.538250541980842,19.02682704910182,18.212325088420673
4.338253862145305,1.522198553539635,3.0867617856951726,0.6223443820511934,12.17808309720091,11.606453896187736
4.883006350615476,1.6329730508505742,5.858594817859993,1.2658260092019327,12.592683499285657,14.007989719577264
4.608538377044006,1.1882293650497604,5.979230295102873,1.4629034445577116,13.81207770170066,14.125619714025735
4.829838515199832,1.6206279298132116,6.616364555773374,1.788062218028095,18.242639963211687,14.32151085316603
5.593254547095117,1.5803584649249474,5.783286441201676,0.9376264552403155,15.848236961072912,17.321955338997682
4.9451841044374625,0.3304065033327066,7.775227206371769,1.9835115121891056,12.510964510465948,12.76643763746113
4.997576299976344,1.5286264242956717,5.664432452345893,2.0181228890086484,11.629996403181934,11.205238054020139
5.084096750843571,1.0645754348069365,5.113018899438048,2.663100439924982,18.241130551165426,16.806405373390948
4.957283756647005,1.2670079027191146,5.325643049158426,1.6399835156623188,12.565963491272868,12.33491900228251
4.371492049633705,1.3694966939746913,3.5779999748103903,2.2079274112436265,11.315012911313408,9.238124828047807
5.854975259316315,0.37670709246934303,4.4580312647072935,2.682465620174847,20.946130732708774,21.64294818432029
4.390254037790488,1.5319478666571082,4.582338068501289,1.705161990051099,9.543473556415744,10.262006527889564
4.893881978892336,0.8366050123698072,5.331300652885842,0.8465485910002875,16.522766024502786,14.160287516419455
5.530805011789443,1.579819151519641,5.9042568156934045,1.0471957056680916,12.367922788804336,13.213430105875275
5.933778393833983,0.8908609638533549,5.1576825595063145,2.714248644319956,22.892196275895994,20.565404114213468
3.7117796316193186,1.2861716254329665,5.915895253364751,1.7323315205646936,10.910657917017408,9.12050227428868
5.849183727150397,1.3254023573943026,8.062984934491876,1.0413309822325372,26.23983960855638,21.08517703718783
6.140091971885396,0.8501957317335641,8.073951843823613,1.1974555561344125,19.083831502649215,18.55865725451093
4.073681115343144,2.116086360225908,4.1735194920964025,1.8354155074612102,14.825348145057394,11.594109326135191
4.289362851353893,1.5372191516211273,6.674851822063154,1.847905308972438,10.512010757880802,10.130581926949434
4.671174009901778,0.8009957436471726,8.148337380851903,0.4166964041783484,12.593967325069693,12.796946186500882
4.427781979333606,0.7893679751823987,3.045487079313513,2.095509038963642,17.556446912136824,14.898630642118157
4.418098353909772,1.2348595140575336,3.7545064295659185,0.8214039383482248,10.045078039419478,12.399587835900457
4.708210931204381,1.8352659982021562,6.951557432355034,1.3397475429846035,21.058696785731165,16.539058033809514
5.806109061913469,1.0310145759873208,6.3410689560411555,0.9388709407467153,18.534967305573243,17.01537314305536
4.054533108453158,0.9520577683579945,5.059877331900263,2.1290574701278877,12.336052886203303,9.892354746522589
4.93642317842689,1.1899049472686245,1.9424779981381488,1.5752561430449301,21.793908419159795,19.269172990513475
5.030861677062172,0.5989446793807525,4.991334556743309,1.4497062435894144,22.10470435823014,21.989366019005466
4.589357054912632,1.9140496884941458,5.5464599412365265,1.1333964108895815,15.645219643933942,12.960423474503589
4.914395185621431,0.5833114285868154,5.570215698706924,1.7858934056651898,18.064976555926766,15.280007641238019
3.4726137521570353,0.5800499185575996,2.8969964534960138,1.4257181633897125,8.528457830142548,6.438756512655755
5.405866670050334,1.40019749300423,4.2551675429668085,1.6669361790445514,18.082205507563263,15.701660492100986
3.631691183437422,1.4218690033090762,4.440995661445511,0.7105819080506229,10.688909095880577,8.153209298709342
5.473285702988971,0.5247768782993785,7.747072158771502,0.9861002467720146,16.785311178530442,18.34785627426382
6.532055795450823,1.2610969836303194,2.751702301282976,2.1889221209016845,20.595591999120753,22.073517170609843
4.383432816142053,1.4637317003745676,6.7839215169907785,1.4750657395224533,16.17968927106469,15.75300766468437
5.028485874349553,1.4207880165031839,4.060883542350352,0.8644030844532855,17.802251495625548,13.68614342888342
3.9440515973821437,1.110043743722784,4.748434941571153,1.6119037927855375,9.040391063355042,7.126574491017306
4.672103782971197,1.6202702660200456,8.275480996626698,2.5912210781538936,9.441208319940252,9.654263708018556
4.9392080305873804,1.1787774507590818,5.047083698928117,1.7528420392601138,8.913952033621193,9.438197114371745
5.890910724289909,0.9038047722288945,4.341409986301432,1.5602540525950093,22.498876046955914,20.372813313908587
5.715583742197106,1.3228465203553958,4.2357097716082395,2.1566587680779383,18.938366452202317,17.895441790537703
4.4348622809945,0.9916849211884827,2.8055287684614587,0.4695352950808268,11.934188828172374,11.330047219090293
7.208788973537656,1.8255319723606924,8.095745740928407,1.661293290179812,26.39547475033261,24.594736058764326
3.7043703067668483,1.288414283147776,7.574646191979057,0.4297678547546617,6.494607089882939,8.79614528937814
4.611062971085396,0.5801001736289593,6.312074085116188,0.31652404854355837,15.260011022617048,14.975123906255186
3.8514798798938235,1.0100068868038066,3.8777347617365656,1.1942700864562252,8.60172195969618,6.7740999276958815
4.968780119935329,1.8453313337655541,1.9193598132201426,2.173462819666427,11.17309536574553,12.375735242605504
5.127356787807553,1.7043914052272748,8.858633361077331,1.7450770542247687,14.63080359721643,15.784195522280504
5.739445337511849,1.3988745329296997,5.73074897995061,1.955508891905166,18.98491819068532,18.35946377087261
4.805424323341773,2.161014329431907,5.986351952262418,1.8485413381297817,16.952989838452027,13.96460014952666
4.781028580259155,1.6883040750907015,3.6339752005573627,2.420732681925365,13.783711198764546,12.067197958892466
4.281528581979479,1.3192728116818488,5.763461246687522,1.3845758270580752,13.333523794087778,12.285028488526349
5.468745068346542,0.7020800806638551,7.4195871926013846,1.6223951596126414,21.148948447291566,20.99098875024325
5.267459025527117,1.789190835570867,5.53627975382102,1.7481456508724695,20.014744584749206,20.635687983535576
6.491547204382181,1.210993508164177,3.2256053248065366,1.836236718373985,18.76285464700199,19.21897229237534
4.900612072069729,1.7453115128106211,2.5944875677891135,1.9790359822527566,15.992939794625377,16.1175688934929
7.537335089898816,0.9484709796044588,4.759004119788648,1.9667266679445214,29.794670899996767,29.489818410175264
5.620521843060749,0.3777960616299772,4.386228672512943,1.0355471700895826,17.35233498705102,18.947155040070918
4.776419509453689,1.4844076081959339,7.04670579774187,0.2100800129583022,16.89129502143122,16.603361648349004
4.854114116737127,1.7656804990299333,6.5525429866149185,0.9249459477582164,17.259070064510883,14.02091985743362
3.3689620403325353,1.3620553101458515,4.807648735731508,0.33359924190165446,12.819900590596335,8.606413275852303
4.13040705247407,1.3213493528375568,4.066327108062909,2.0723785760825026,13.98036520703475,12.054545348892866
4.634244553792188,0.9542386437520611,4.556798902155259,2.1831487578294997,14.965962967486925,11.741761744905897
4.844156998698924,1.1741372651697422,9.0724039525645,1.5774425078983851,18.081185013560088,14.174299334618524
5.479026542155397,1.95937107033855,5.181358333715865,1.2212610384761566,18.9712366057354,18.669972148190993
4.445020464363879,1.8695967995740586,2.322984440981821,3.222309619038351,13.628149065754757,14.836066076071464
4.789530283360913,0.5166837852361169,7.784745522210992,1.3924763512091092,13.805535023540957,12.999462348855138
4.036261882921432,1.4242535612541065,6.677839746544902,2.0377057682961035,11.912401002135157,11.641363762818887
4.734092758497114,1.203566629343484,5.404313567010725,1.36586352393599,13.289284170548092,12.296396736888752
6.183828480906375,1.000310612078756,5.527987584860575,1.3047614855007765,19.476532998664073,19.073636072654704
4.940479998621314,1.582837780218242,5.158059351069498,3.1057484363222017,13.001160902868452,11.483299962698636
5.875474652707784,2.258139798584469,2.767543136872356,1.308711474574093,23.156422647623582,20.53367021626781
4.303846958158148,1.6425410772654285,6.350600281435505,2.629125282655112,16.029973852732365,14.68914732396043
5.114797694066947,2.0960227604898227,4.357673895258904,1.826636350444601,18.65151561354279,19.040176497953222
6.121403427777229,1.654678219998775,4.111284090335453,1.4018958394671612,22.278733862541202,22.53970496006174
4.664572758222571,0.029514765768485114,2.945426097919011,3.2435320979539375,17.16544351449871,13.789368735645816
5.636044176843217,2.240523015820441,2.1161518612342087,0.9431955164068202,21.90758332770012,19.890271547640523
4.9599559376058036,0.7884926948323951,3.322940672513086,0.4820828363523484,18.2211268605629,17.265997379136984
4.83644972135332,1.541225046529643,5.584650458637958,0.6135630242849619,10.174257501857467,9.702411335111982
4.949623742893962,1.0455649264174836,6.2622945917406865,1.9494775742997679,15.652743235915707,15.48302189367102
3.5199262434656178,1.4595528301231115,5.51271885350132,1.7684641562580636,8.441709358006023,6.763578218848396
4.788202407864924,1.4273124703748925,6.735667197237798,2.0267829469030434,12.445389024588026,13.150840527502071
5.4147813302774885,0.8064651306516141,4.102968715067278,0.0,22.51815442716121,20.67706299869969
4.782162072483294,1.2735051049717085,0.0,1.9559095977466976,17.82311974985003,13.299061745526156
3.771360575966698,2.0311839534421887,5.174749698137882,1.1535994989589935,12.896912087585154,11.484317163604235
3.8418545593929383,1.0694756164266919,6.812556652573708,0.48805134642544357,9.514068160594004,10.176171172012069
3.5457983134563738,1.6507942924871495,4.1598211090890125,1.2176333268167063,9.337403298951987,10.335360650879576
3.2973292126392173,0.10768700413097533,3.2061738804021,1.8934678461461008,6.3118497025947224,6.4921096888031995
3.960256888662315,0.9015561716260815,5.974431411109489,2.5645994513484762,12.625090061355923,10.056783922844332
5.116911893399086,1.454236277688094,3.4741158789008177,2.578025634147319,16.728551480007734,14.649966863963334
3.5547847402332904,1.102920898767458,2.9736090852252914,1.6340447068916137,10.398127028800502,6.670318496142972
3.674574337279777,1.5558849850875764,6.674629413532395,1.0244900161356372,7.818684963976811,6.391935868787594
6.434827159136344,2.0118594588653567,7.058542776308104,2.1899475240124247,23.489467842191054,23.23851612952746
4.101577790729574,1.4927398945627746,6.017510225656619,0.6336061990050328,10.372920237302282,9.396788807846544
4.883470016052432,1.4928863492872817,3.6085919234655592,2.353580357107262,17.726531478131484,15.80297865679428
5.33093936500061,1.1896054672187022,4.067302390642955,1.7207929193549356,16.21538485118731,13.565408922338559
4.179241006721538,1.7271225356172692,1.7926740137784216,0.9902594242097181,9.695058040988464,10.620565883089178
4.378516105485719,2.6538197817599736,1.7101527909719756,0.12642583390133486,9.531096953228541,9.759250310489822
4.511612380635513,1.7484607155226681,1.1661690264571467,1.1849168454871,14.950906137963859,13.679216173226532
3.4757724981392655,1.4888870761179323,5.318064601122889,2.055370602137456,8.268731435658623,6.829186283825879
5.3078415177366765,2.260599529952203,6.364705472595205,0.23049091006399136,15.05193854110728,14.24435294833097
5.636201047796105,2.20433076482621,5.467912697901122,0.7819035006770673,19.557675758653406,18.94170420156671
4.622003995210222,0.8384684594212272,6.297750525941233,1.9441410796309406,14.719267488052349,12.027063086715547
4.140269137982527,1.6872413790372895,4.7128799411975555,1.138582832915254,18.733770808972128,16.409248323319424
3.4266626604839905,0.6730164886742335,7.397121755254275,2.2200975158198566,17.02381576994742,11.522479455731998
3.1248802944864553,1.1064007510703513,1.9989325650615672,1.5039565766988343,6.91139736280443,5.9741348947264745
2.9939391657028027,1.2923158134448067,8.598701760127627,2.3462205757016,12.44875801444627,10.044910817213703
3.7360214301480883,1.1123193325220955,5.763157895199998,1.5115566174588249,12.012201901297876,11.533918256399675
4.877993885366395,0.8225737584085339,5.71070941785338,1.6432101915840895,14.5423802887021,13.577053233018043
4.630402622231006,2.2333583210258223,6.647549629857433,1.3619500857034652,18.8890389592248,14.791807672171053
6.434554561594046,1.4791631812246009,4.960578803416862,2.0466383296978656,23.19246828596274,20.79694331680772
5.413521376679232,1.2840568491866928,2.7791697724318007,1.8552990804663714,24.863828515858053,20.73950729371673
4.854219554360561,1.9551450320468482,2.0322832115452796,1.7098949556999214,18.004395521122714,16.146129397426655
6.386722046107213,1.953262769398678,3.2885978534918503,2.160369666319936,23.902073983400797,20.11431768644045
5.458610168425857,0.7912045539238504,1.3723934706168088,0.8263451550011698,21.218079608132847,16.52548934168875
2.695550310342892,1.5057279952780007,6.436093312923495,2.813827981599549,0.24749595551287795,2.18495051404862
5.04022458531382,0.6682394151408739,0.1777034314921494,1.614720933655423,12.028257262813614,13.510234856974403
5.806543512496165,0.9277110833968755,5.716336074814886,1.6504007052579732,18.950490817828356,19.458524028866773
3.898379680651031,0.9412525573518923,7.501938818264586,1.3040417348016513,11.553283345446179,10.67037943671629
4.261562681055525,1.0897210325310505,5.69794745099214,2.3124858199758367,17.880841621127345,15.562071034563354
5.448191305069282,1.7606646978031077,6.662583391429865,0.2827133035343227,15.171695701385076,14.964840213042251
6.175525820903804,0.13967888977778484,6.652658991426718,1.1919001389043888,21.714681192895753,19.93455879129075
5.531409262887323,0.17842427905427546,5.655771984578136,1.2786060515679458,20.643891454076222,17.270327640291967
3.943685839160699,0.729942418533561,6.222180351009336,1.9359928534767525,9.027921848238044,8.343772254590345
3.6826592398767537,1.5750733582038021,2.216258001718627,0.2842150482349461,11.773466869194515,10.150417316634465
3.89471861235205,1.9713058150333056,10.142279381600142,2.631581785257373,17.284359687861865,14.173532404811802
4.555490738015964,1.4988396618386703,3.3162279286587766,1.7166782405959238,13.133323837674395,10.668639190417968
3.864917084479209,1.158279460716406,4.932780863811908,1.0670005609232471,8.650200678037404,6.510297364755871
4.86786229401631,0.5154148710566177,4.349769308747838,1.3435364138431607,13.711287802187481,13.704785194641461
5.316240587484691,0.7865357071488993,3.8652322781785036,0.5778868348857354,14.670216496143277,14.246703871284717
4.043238246655855,0.8111676323609897,9.669543390566433,0.8542050134428625,12.771278446278984,10.63485650672744
5.0148061635869965,1.3356193011415671,5.056157914077771,0.7874147737861429,18.54595855041811,17.100614595561655
3.4077486977754763,1.4126778740293502,3.287905810049864,1.6447064136858034,10.193794903023212,8.052773672858656
5.611447234576621,1.7138318455000956,6.511869508341938,1.9818378484465993,16.323267246937622,15.566685103762266
4.967767141559204,1.4713516532015996,2.9301549424081736,1.1359561107910705,15.476362734506843,13.236335640530404
3.025341069319253,1.5921042223069124,1.4774756080495262,1.8955786544110271,5.658758545571951,5.851279829060057
5.539484641576944,0.5462291109367484,6.010082515892381,0.294693542231811,20.950899226356302,18.940315259424217
4.777217864207993,0.9611479402820338,6.087901144112334,0.3179425731125903,15.979343490845617,13.915835770875534
4.121318954410668,2.1189512481910078,4.184453357182097,0.43365572047078826,9.531441814664063,6.633960920222412
4.270086754024416,1.2889747213775142,8.308540674419733,2.1482335037096143,10.454651014504378,9.621758898114209
5.940805098139894,1.427280867267563,3.7192558452410482,1.8831820571184819,21.59650262860246,21.522325463418372
4.526971328872514,1.339644418778262,8.319415002198442,1.2182273349119417,15.284567217806417,12.773563625983046
5.206705894133284,1.6648960038583178,4.046417448537546,1.145889952566656,9.52883273033076,12.207429156639366
5.371499421839941,0.7992258102631725,8.488602588557937,1.2812790693716187,20.210568592236154,18.913190739078935
5.867239273725652,0.6866323600921908,2.897852611616561,1.083644834963604,17.5476241326017,18.035165910145334
4.754957879351672,2.54237611468368,3.0618905608616256,1.857765431493629,16.513115785606132,15.497432647313087
5.569909089658602,0.6095965721673032,4.034754206141364,1.9390625888778377,15.993723402811769,15.652508120482127
5.925082435459043,1.1105584849005667,5.517308550990498,0.573398309083331,17.937888951882048,16.65673446793409
4.73169013385021,0.544474707977741,3.485525863545751,1.1084133415897317,12.941941404950787,10.28624611158899
4.1829966706818,1.2616028529953982,4.537686510063749,1.957205487704349,18.494045824915723,16.0880979590912
4.523879368965015,0.7361939783945289,5.671714170617063,0.5150632331590352,8.003539980843216,10.115488004352404
6.334526597575894,1.1088939410187137,4.191763312268856,1.075471585072392,19.07561421581354,16.174922961714305
5.415642834974594,0.9363840808528557,4.606610705611628,0.8464091597760608,19.37508654311075,16.743703136926506
4.502734022649535,1.2424211958856988,8.547897597910172,1.0401577578122148,16.240725287692978,15.182088780071552
4.787680967786523,0.5646346891870848,2.178727303774876,1.9525346967021482,18.09950605920863,15.289774721095005
4.525461230003186,1.7583905138755143,1.1268629519119253,1.408586481528357,15.63505604843449,14.141310668861296
5.683499424624326,1.4525141963681993,6.896954960793339,1.1309805327754974,18.37888254224679,18.309997925325135
5.463912836325171,1.9122124923941346,4.772820737631582,1.6840411395090449,22.983661723487824,18.20356347688763
5.718168484975126,1.840084569341393,4.076400576674107,1.4077149821677786,18.39422349995617,17.774157471678034
4.677075333592224,2.1035203358923806,2.470941382630955,0.6291942811274945,11.708994402727738,11.77732309918385
4.51076062136999,1.4534692434435221,6.743269315261244,1.0156795990035161,12.618729471923054,12.998364071293171
3.0624505214037607,0.7107057927324041,7.651438801755751,2.512062680751128,8.021489737888524,7.66583364800884
6.077728484985077,1.8693923165414499,6.079980494712135,2.5526422759699274,18.474509570991998,19.433089627618354
6.194867444187149,0.9052367057905206,5.709101985506094,1.0391664352978227,24.546976774633563,24.442680479814673
3.9294164809547754,1.395696059146467,1.5786903418278722,1.5797131698851672,10.200625960000718,11.147822938785541
5.312118264455869,1.060702229890931,3.177627743456656,1.7751359174520915,14.982382215303407,17.825720576951934
3.954803522592451,1.609599455474264,5.821024303891372,1.622291057523597,11.214658562085017,9.329378519919569
4.41343807005904,1.172846837406561,4.954872025758134,2.3495525379790814,11.531335382182629,10.94040025122634
4.660229766448714,1.269604575173389,4.294775733524189,2.8897956083168626,13.652741676313573,11.846907282779679
5.1433449148171,0.567018669923717,3.2995143341036166,2.4037011244054334,12.338669764729662,15.912596922228344
6.490328315649035,1.727914800013311,2.9652178815404597,3.2265191062975096,27.05971736567935,23.443323469341564
4.880549694512539,1.1902110384433213,5.652479677521685,1.273221729700182,12.724402269751872,13.70572855146657
4.947414309474277,0.7150586178008632,8.056629947661493,1.7459413046060324,13.754227952159255,13.82575397177448
5.323994585667399,1.167948641009269,3.1525611724472364,1.305410960732745,18.756195348706196,17.038023465808706
5.2597593512912235,1.2040927885700996,5.1970801733084,1.637914774564771,16.674397522721016,16.671212207619547
4.593691167127264,0.8258279491772388,4.5896243885512815,2.218752105345401,12.447539643886765,9.769047557890369
7.247215015151362,2.2428357429074537,4.8231695062688065,1.1983210528047215,33.48164400884588,30.748021448303632
4.7612126073709,1.3989352380007107,4.060633216141323,0.506347326675315,13.372068908630311,13.849609996985716
4.900971192046738,1.006680925236933,2.4539981016017336,1.5371379472504678,16.09063191189999,15.62088041779002
4.268211562832845,0.19083089686694954,10.910107668255149,1.0393315224823103,13.390432250833939,10.579100943745754
3.175711293451952,1.258781195929147,5.29517732886518,1.7864923620496667,9.232020635753468,7.620071434934645
4.077696926664392,1.661586718379374,5.829762787392984,1.470932251897297,12.401339760518118,11.026439860255918
4.470234624381212,1.1439023143375016,2.9477708510435305,1.0596654533003402,12.330326888913952,13.158248933863923
4.3579801734487535,0.6283567884787027,3.6152335104744684,1.1206431102114156,16.297695292508966,15.975296430702345
4.306413251990671,1.2316144292189728,3.10051109255585,0.7624350498822883,7.33588886769301,8.345005334333846
3.6184882665836255,1.2379410280654322,3.5109556991215727,1.8787058886775614,5.3928215300809,4.786878684387679
6.22771641795118,1.2038612647875544,4.604354010940626,2.0356832887929976,18.70133468728379,18.332358363148952
5.789717663369834,1.562884759097335,1.719464442881695,2.4048959918940374,13.67185113936347,12.764501233339956
4.809858592844946,1.0167426106605437,2.7696132113830263,0.8758417192645434,15.70467284434116,12.270612523988435
5.554209656209872,1.7871321738254062,5.746165657601511,2.2237293593328418,20.584244202204506,19.18848448740602
4.015834520275827,1.726555250241984,4.513006283049683,1.595033948951308,11.818605756774996,10.272942246598525
5.83434324688468,1.2198980080124069,5.679344029733014,0.6862211386597321,21.533469868368208,20.186883478463912
4.816480524834702,0.8973787577526713,7.508059786218233,1.306512399978281,15.778026077125222,12.931677302684019
4.709478730281777,1.2156297323715275,4.953582324430901,1.63119332804373,13.082386310167953,11.824279270216897
2.6740088375679365,1.17702813463541,4.27841320554722,2.2262975393467923,7.0856115199371175,3.7892599408721375
4.592873753493624,1.2719238456957458,8.26430499049944,1.944457937194164,12.947021834572,11.662073398252904
5.144208950091108,1.7632967660396288,5.102315174654053,0.38308959829201816,19.224807182458296,18.116630230835145
4.835490113330747,0.5886303621305283,0.0,1.001293313221673,11.327572008853151,11.821856945503862
4.641579014983648,1.0856848056702662,6.719471819732381,3.63351922325848,17.931004815389652,13.57328723040757
5.62889254625691,1.7353415891921022,7.519575043819034,1.5171460398359606,18.67964897219139,15.829430023627294
4.771101206971319,1.4616671825758614,3.8806998955537138,2.1028572801385144,16.10974057450888,15.094359732917344
4.435445839347751,1.348542827851852,3.47944460739096,1.9209120119513448,13.112780719325169,10.659533641992839
4.074850059981333,1.2940356286301191,4.260747696936129,1.622596298428174,8.283256493768484,10.504505998082728
4.864537861580554,1.3131091406349615,5.550877121172086,0.7114099963689959,7.80881299461691,8.08417684844611
3.4387226214755926,0.9689632225365388,4.121363309822806,2.284923743166998,8.042369182490525,8.444719715099904
4.209904611942244,1.3502194174846784,4.150231961830822,1.4578882598308205,14.241935529675594,10.757692698543758
4.751502375333507,1.1391244482133973,7.7811483001730855,0.8126679955752611,21.702512664234646,18.058331792914476
4.646012909427735,1.329108551407887,5.379448396640713,1.5021037278227203,13.3525645531553,11.936769192173399
5.294713001630852,1.0372669664985161,2.621541882822943,1.1495830832704488,19.649824411606787,16.946050892939073
4.934180066493408,1.1378392409902813,7.984663360530492,1.8736345489129271,16.079122906681878,15.622864561972104
5.712222724201228,1.5559033488976397,6.228422024501288,2.31211512908007,21.326349183879497,17.911010325460392
4.083398726296473,2.2913884934762714,8.815019236988839,0.6643371359147189,10.39248885774146,9.557487274676403
5.736175812763752,2.174696421529722,3.8168018488755595,2.0728795820359274,16.764324783775645,16.776289473240922
4.658597880177126,1.3230647491323921,5.594629633276828,2.06676223695911,16.114389768303244,14.506806514934011
5.295016466608678,1.7159950702429947,9.410829054921699,2.06720621445103,24.64286146375566,20.3838309330091
4.972204841011776,2.4710379633071824,2.8434548737687764,2.3523152866496253,12.167592471130178,10.665399618365088
3.120850867711192,1.547922287571257,3.774565462019235,2.186734386115569,7.760803255219421,6.0884458112091
6.100230520487034,0.8437335990737617,3.2317562088006686,2.043875124889745,20.93141394648719,18.31613732307901
3.602214678938825,1.7417667125533367,8.894225360783597,0.05208252874114861,8.747500190260684,6.954805802814416
5.175247378548529,1.0066537262491235,6.08812231776336,0.13737049998351977,20.583518705736726,18.490253353979515
4.798927043371296,0.6705967123729619,2.3133520811880204,2.413317908207708,19.01781857773873,16.644929947588277
4.765475241785945,0.53820498426129,6.994110151287719,1.4494606702361177,10.862403658938005,9.84933906564698
4.524745191947731,0.9764958689083334,8.87279682517187,1.9668090630311728,18.989794775502784,14.787539786236948
3.8439798596966335,1.025341603653852,7.30726378369142,1.9905009234516586,11.76321056329873,11.6806344154154
5.480626196406948,2.1729041845160912,8.699484072412801,1.90773249622864,19.969206519098417,23.10935141038492
5.031431097250399,0.8896377253788638,5.031409641036761,1.5348597016102952,15.026682947015697,13.109897598015854
5.3278252383493365,1.0163243551332637,4.650801988298272,0.0,15.488260396936205,11.53601643732559
3.5521652500107423,0.44160326413321865,3.0012824975228143,2.90061776421852,10.90846261855613,8.3067403989368
4.874915906038041,1.3572344055891188,0.5842921556556749,1.8570727493040216,16.836778055009805,15.994623324245087
3.909519080032236,1.4431714457961167,4.838183581340511,1.986245765193354,15.027050067493844,11.069987397821025
4.907144455778793,1.5831092879714093,4.7286377605836,1.6445053542423917,18.647759147113774,15.898765502441922
5.919573248824024,1.8342986948000175,3.966936191149367,1.9352777966252572,22.474528574689668,19.750177548733532
5.923438867520839,1.3256628933103782,5.540895395845819,2.2576831498974017,22.034988897694102,23.974045799950115
5.150057867415918,1.3241916559545237,5.429770612175672,1.4162331647340316,18.963938093172477,16.51432094272664
6.202951425554406,1.4481380000979345,6.983207966931056,1.1536370654290258,24.430353950860333,23.98886893021703
6.255150108548772,1.0717433279467836,5.559529055158451,1.2101612485977684,18.55477428072999,17.697320483455094
4.82882959914838,1.406483187917106,6.382609715566615,1.406535357194496,18.242051972079384,14.826079090828298
3.3301344112918456,0.6705633986084525,4.068789588982434,1.8076241064631162,9.703214641735329,8.180018715631036
5.011046100680658,1.3769551577234853,6.191797046084573,0.4867883484334479,21.16947177269398,17.12685870190487
5.529929162798164,0.08914550086565871,5.895450823446337,1.2989265173977018,17.372983809585577,15.590659544757987
6.028481286080106,2.1915440760494045,3.3921889763486774,1.3295287607717765,24.466447029896784,21.4534116150381
3.385313757677398,0.3360867243874595,0.574883806087041,2.213191386611918,9.91172804179923,8.353367250370548
6.140129066543438,1.626696318438312,6.017194622289878,1.680969822017566,23.332247491531714,21.38633598069528
5.170272400889237,1.375832132820903,4.651365487069989,1.6041817782192238,18.956243553591456,15.763050227994706
4.333680519873333,1.6006204137023472,5.618815984535269,2.5277258695149754,14.48825221496828,12.975964517594658
4.766508473893287,1.1777244663071498,7.455016159282521,2.3144178120220653,13.562016789755168,13.109129766135387
3.3897193693317877,1.675908619145125,4.555593641649838,2.2133066739255884,9.979572037714608,6.81395777793855
2.7705453569130665,1.0727487179952342,6.450133390484082,1.544087219958949,8.660865425390474,7.7497019930290385
5.6429784144946655,1.4111102363934078,4.498749632289361,2.46703875728107,18.489060706175323,16.157763650483005
5.346311053627221,1.6902743502229243,6.997535042383829,3.4890945592002227,18.83696631820371,17.37985461525885
4.689953120076497,1.4502260413622339,3.4425651741816656,1.9047916047078741,16.25375152980216,13.908143391536036
6.570101106858755,1.4692671843526781,1.1646693896872193,0.7467030676081648,24.789457138252207,23.21347642489439
5.245928482068832,0.893071748959336,7.669926108000049,1.0004107067431502,18.48223844912774,17.311669801232018
5.7469212380558545,0.9414774761369452,4.292566539179512,2.2905762296936945,20.060383272550567,19.001659310318356
4.5121617533507425,1.2815745688529452,2.8855882974472595,1.1629025335971392,20.707974785423616,17.63082617468104
5.3204987953589145,1.1079930086627081,5.565788984713614,0.93311327948432,17.423070198931605,16.37347484329859
4.209156468619542,0.6693620173449143,4.988542465036951,0.5612975232593103,9.270534103378084,10.727110147267178
5.742827008494529,1.4950556476968464,9.790451702702748,1.8288577264543968,19.798109154976057,17.651308250670457
4.2806013003772705,1.5859676920092012,5.7911686168049075,0.38588277899931817,11.990070088690501,13.969923677236716
6.730433186112833,1.4702517533560024,3.011617205437585,1.5696017953396832,24.327286022795306,21.75574618017125
5.799335203154041,1.8068518113127137,4.1878775329416635,2.187264847469921,23.81607880528735,20.412052637048617
5.850912680946841,0.8807890737829959,4.399002828204769,0.38596182832396453,19.42173149010918,18.99287677742129
5.3343702211361865,1.3963733565300196,3.3182831284691257,2.1272014088670614,12.246811676112785,13.605551283887467
3.8874441823480637,2.1987012038261815,2.7563082093793563,0.9263314915039402,12.734026221630534,11.390930066528881
5.978013633167909,1.8022471423616069,6.61166024954796,1.7378708556804052,25.737394993215293,22.05811710287573
3.6307691851253137,1.7235568946666562,0.0809961899561805,1.407995244491672,8.96696032984889,6.232294611610424
6.3581394150229835,1.6463368434068903,5.109685840425978,1.4661743186480207,21.61476471565025,20.308574150489054
5.45780453053849,1.0987578377685399,3.3989706676420575,1.8415956032477272,23.57779469272738,19.334287210970828
6.839782719937409,0.8008742670381074,2.313050552404359,2.5515731886659503,28.249193549509705,25.752312841859602
5.4451859144419705,2.182342593727908,4.483244228199071,0.7774474007244374,23.05012749092303,20.961513925221144
4.3700887586516135,1.7544293130552195,5.450437080964347,1.4808842947035454,15.607138043286902,13.81470682655703
5.191073776061911,1.9825884436873116,2.9113173991299925,0.9456843015470349,17.758109482964304,17.859306125698144
2.8714199628425088,0.47672802899868183,4.490389521394766,0.7788391502717912,4.2840049845382,1.8875180332820949
5.37113572966251,0.7389187335518597,4.452484859069332,0.7862110752881073,12.572038272218943,13.367445780486404
5.000557169307527,1.0451136710522688,5.661348435447215,1.742000053049716,17.827174389378133,18.087903054343915
5.10721514671766,1.42557382140682,2.7076300528866506,0.30009050371246254,19.638436322367905,16.80338207845469
4.48196735021901,2.0950360429037818,1.5189061456141864,2.3213491129268524,14.288047109447023,13.916174402508885
5.680917786511929,1.5973393472235806,6.144571145802669,0.6382206714905349,19.822264150780658,19.172343781310254
5.1705590958688,0.8236562158547244,5.695171282063562,1.4832841626124806,10.4824698717713,12.193746834350003
3.7316719452250937,1.2782471855173494,6.1402802253266815,2.2790741354463186,5.4902305849232285,5.473937932385135
5.025142232733144,1.5401502008465147,6.86452010883965,3.308604305823471,20.52398578506201,17.95770766640519
6.867971321573839,0.8852372831338372,5.29263251593144,0.5967522217436579,20.948804111730087,23.1697288611444
5.694137389592568,1.1950493707948633,5.898730287163194,1.825291328323921,17.236952709998466,17.92617925934672
4.044962990758512,1.5405162751320505,1.0911669429308775,2.4463712764408787,10.810458561448796,11.271345232926148
5.410535188444977,1.64678918771873,1.0939169950952585,0.8225246163080911,22.429971202686538,22.28374290499228
5.077259815474221,1.0758767600260282,4.888510962966761,1.3175502866555695,13.519334177531956,13.429197941054582
5.044451991670594,1.1100555435119455,6.455632783883608,0.6083921918618722,16.3878885393002,16.01186508045056
4.176516633030387,1.6308304674607221,5.652269942650434,0.6720171289125704,12.32624796411964,9.626211909054181
5.94163039180592,1.580525854655846,6.436948986046529,0.7495913112297171,17.63580482778301,17.357058029362474
4.678069575279788,2.192842220606154,5.056005551702656,2.304154821879488,15.871617160260572,13.774274981799095
5.178280322926406,0.9410658936376829,6.645306702445701,0.5472640159015518,17.885270860109006,20.159240882106733
5.704044949741759,0.15517297651608325,1.7846114332018723,0.5546568357943471,25.248751439981312,21.426158754633803
5.6094067005142225,1.6340780948775526,5.219151969831444,1.7917408878419951,21.717345373182436,20.60254334864235
3.7395646906948374,2.263896336665395,3.8801803784568087,0.6672167064722623,11.884439523072746,9.467413434195961
5.526357089481304,0.23415240866235498,4.522276172102485,0.6436699926670953,11.57013890704083,14.21742406587605
5.578819537489242,0.8830368738092087,1.4241623439205406,2.1174437702024003,16.369158103121062,15.013138446520355
5.712447924066478,1.1452501149328207,4.967203525026988,1.9404868034607465,15.492344791457988,15.670714743998998
4.507075088614332,1.1495506540450995,4.388890949246802,0.0,17.061227532302492,12.13997794349186
4.774260491234264,1.4995667556521732,4.987853906823251,1.032817587980678,16.835892128513716,16.121595401418354
5.174194038166812,1.086943429218061,4.679565002541493,2.2138000646177787,19.89082940378107,19.08157789108063
5.1356472821455155,1.7143543122997018,5.4524054855243556,1.8479835127653534,19.477773158543425,17.305485019141486
4.49624016326767,1.2729577463885833,8.223969536043644,1.4182492135724265,11.91858308730878,12.086829168004645
4.83702062930433,1.3036682680391722,8.58826838895386,2.728514858478557,17.98988141205474,15.10607321281649
5.188509725611316,1.703512305011433,4.991508049717999,2.454787283336367,16.722223901800362,15.129569957957186
4.616954998098865,1.4972834117138296,6.123364271433349,1.3726821488491956,12.051332061931427,12.095328592588146
4.877070927812232,1.3007673630240324,6.225470273933825,2.1263401514028626,14.74169285503281,14.15925463618223
2.847149525151722,0.6241306589127101,5.603796540546266,3.1050152633009103,3.7379176186010774,3.119438431224367
5.390253839949194,1.3446998033833764,4.8771345199234695,1.6822423141778264,17.09697579214733,15.083188088136726
3.5968115343564824,0.9713430381066017,7.473950456902,2.3116791678752096,10.286271995857133,10.73233459232144
5.706750772246105,1.6986553987260609,6.769987477133254,1.7518224160905418,18.964840522788172,18.74939521924707
6.020278448334069,1.0293973064767086,4.642899661520419,2.5720780265666874,24.253141312234614,21.32196795623878
5.980203086833111,1.5993254570748225,7.615931919189591,2.117690833109842,22.99987710326046,21.239094424345236
3.8488128106825266,1.5763106556709534,6.66096546128019,1.8210356590104486,9.590625198984531,9.402225423604374
4.818914215825638,1.2385569607212665,1.8278600838178647,2.3117863632471667,20.17815154346505,19.09189806086971
6.033751003793276,0.9050722245128973,9.350190430020646,0.6627212143903213,18.988123491779994,19.141681092802393
4.974890401483181,0.48427567332733246,5.949638653771655,1.8818874526323561,17.21368587576287,18.116113189826546
4.203182736863296,2.2195844338107062,4.510873714171171,1.7211138117751132,17.016525011715597,14.633081888984009
4.597867607319374,1.044058926386223,2.7556786350125226,1.281002295883188,17.101071537591118,16.324146080387724
3.499964623411447,1.6567438182553902,6.070454779459962,0.7234041239314075,3.6943252174447947,4.048636243381624
4.0746545520547475,1.1141816378947462,4.665765279693579,1.0323523446916245,9.268583281537955,9.047989137971332
4.852776361514087,0.9750538190055458,5.292813324013181,1.7178411862052079,19.41444347773534,16.334126968006128
3.2424334607052407,1.3632151938072712,5.607836771302097,1.8482530067887206,6.969750744834083,4.268567377313933
4.771076107165197,1.3600063539785137,2.5631184537163607,2.4608283421371873,12.093992458530082,12.02420006741874
4.473769805842254,1.3879256921091483,7.971191425323541,2.140593105932022,11.371058082465606,9.27419699852926
4.226591336637739,1.9555492578790956,7.439239626022311,2.0139485993159885,13.931502169928981,10.764211534954818
5.765911247718069,1.069636220648461,7.503862576580643,1.9248202827789163,23.08742704920839,22.057150685076035
4.25348962136344,1.7652537284062964,4.504792098453741,1.887358464660532,8.760592329733175,7.755630152179806
5.357478146756481,1.101440407733776,6.554543628769076,1.1448356596855294,17.666935515617247,17.26938305072807
5.734620092551286,1.08358741555032,3.9413314542410895,1.9549801684474009,15.263235355301763,16.729881692279914
3.9845010643414174,1.463718117962432,3.725918156950223,1.4520069718168465,6.877921691510981,9.412699917924467
4.899393596164599,1.6091048354175208,5.911358427756655,1.2032072770070772,17.77754402769039,15.223483637102346
4.4561310434593455,1.649253763965371,8.397866126296458,2.2255421829125743,19.95982054247185,19.85999168577833
5.624831446397141,0.41825566935326075,4.40810974201606,1.3547272931664944,18.72038641807829,19.236762797894407
5.362588683327096,1.5993265897792375,3.6884931321910144,0.14309430349692553,21.26099919536626,18.216055140865684
5.07262524395496,1.1190057701370435,6.889656385388436,1.8009607047986835,16.20159637919775,16.764595111439874
5.22099182591416,1.656311050346489,3.875755946323304,1.4016171283361933,23.19290552986187,20.899888891899668
6.180390398079982,1.2148008987003314,8.412720210320343,1.4650963671262092,19.00517260346182,17.591730728746747
4.960849151198412,0.6445968126577093,9.639029225083194,0.9624022434033904,18.835224184214976,16.46951689080095
6.738670203623605,0.9464147715986998,5.389280929039966,1.0582163652065082,24.968318094954935,23.439089854199267
4.810607208483061,1.6549911621271198,2.77050033530514,2.243938772308228,15.14372042708639,14.831957670399943
5.513027378224795,1.0150135877374955,2.6213268163514205,2.4957601160902625,18.20954606215734,17.09374557478092
5.227372816115068,0.6952918205218107,5.498152652565052,2.2175306395874887,14.812007321831816,13.574705464405763
5.334478494265769,0.8267422959875426,4.262696046938899,2.4073411018105033,20.131890826583756,19.745349177315877
5.813935365861069,1.1442920520138113,5.578506087565991,1.3057321687818024,16.616767092136474,15.463761972957146
5.118529664117732,1.1752177365867587,3.486581716903209,1.1165889139762517,17.201270436356275,16.804452183927896
4.719187943447096,0.35333871951408335,2.9983959578070167,1.7874295996989973,19.53373514020921,17.49820297915192
4.8891563308763,1.2512990624199718,5.269711986579709,0.46292676355920964,14.66702933266089,14.356557711052368
5.051792510266054,0.8221743780406789,1.8731988163920128,1.4644975489333403,17.810273451629833,16.151236461288633
4.6615133461138205,0.8953571308226913,5.10499582700147,2.509500505865627,14.190175156432126,11.908278865735639
5.0708280930325085,0.4694226136990339,8.677709204933814,2.153196201808934,17.170691435921476,15.1759875562645
4.515510619123122,2.331176792562326,5.298593382005053,2.2472586830481207,14.048043460242,15.267794746955813
5.21985785021024,1.2313187564857722,6.348485515963013,1.1783016219467894,20.443985093309685,18.234571769757707
4.920133564771408,0.9103072521173703,2.53230639565206,1.3012182411137134,15.219478870094296,13.90133041543665
4.578085091994588,1.161003878693857,6.080400248267141,2.153851456779854,15.999220425898878,13.324613140278494
5.315772641593455,1.836505806080253,1.5606517976926844,1.0232679428978961,15.302409640584866,14.31479063998815
5.505752448271846,1.002831184521499,1.4555433202148873,1.2255738436167027,20.122138719461997,21.05629144865693
4.64999417142865,1.1950427667749186,0.7339910731908359,1.9977901608063298,18.42146098747422,17.510789452610087
4.495808180236369,1.7227291056976703,6.1564768543248745,0.7727044083269031,14.919335818802118,13.838317318915264
4.19575211477241,0.662734738719453,6.684689121924715,2.431106634020693,18.947616517912373,15.32444046532015
4.0017688081468625,0.6180920016470054,3.4381074332706403,0.49224461017838517,11.685249158861518,9.526441088510712
5.37156894921509,1.709044454623853,6.726868107823444,2.4094128102747447,13.213348091580176,12.98352272660507
5.291016562445839,2.36672115065246,1.535132279426011,1.5577117999642935,15.689188413559897,15.741593054009112
5.526556854199472,0.9820934920404268,0.6968053985563897,0.3327475942575358,15.411813290290752,14.016901442943498
6.029872339629818,0.8918080030893462,4.7422818515274106,1.2606732426966212,21.07315379350285,20.79215793876693
4.499401068859985,1.317795437041234,5.8769189763136875,1.4023635734202333,14.689373434414842,14.836397862116774
5.601749091054153,1.1299619463272468,3.8751499223462074,1.9569129893417743,25.066030165456947,24.403358238825664
5.191946995844733,1.414665241521589,5.253223985673597,0.8814788083446028,15.205396613742836,16.831016148941433
4.5084745930361665,1.2450170305118877,6.74697414576982,1.9360271938664184,14.270094557330802,12.454877039365716
4.663384614363635,1.0274798529091786,6.646670820538188,2.0867054454971137,14.90059536285475,14.244347765284472
4.148930772198334,1.4221808985434046,5.769567968340876,1.7969868089548986,5.104671955938308,6.236671522876988
4.630355219048876,1.631407280960521,6.027341516421413,1.0821653272604905,18.856550761139108,14.275570649497089
5.677027171012305,1.4451390598349538,3.6971150263781083,2.5055244385367494,21.93018604583559,20.085197394201675
4.796520290766919,1.1278846271590817,5.461608128630644,0.6942099281526585,17.345113159518448,17.120548559749636
5.526563219600649,1.6877467088937335,3.2510271872073226,1.9593659407000923,14.89135025502975,14.60971313368526
4.05297961572161,1.2267887113528273,3.981258788312748,0.7927645742882932,14.391730156953964,12.330597511209955
5.086699158615743,0.8096907415362845,3.5058655424581366,2.301200986460607,18.247343762223178,16.912520554479578
5.334204159469139,1.057252978465729,7.371103051216635,2.275795165138177,20.68298599200128,19.542476619949372
4.421169414950678,0.9982532589527303,5.327396738952075,1.6322445354387582,13.768315591171703,12.96176900008007
3.9797623374144346,1.9047912490083307,3.6594649230638976,0.21213088655852222,13.786602090430323,13.072871306828931
4.450082625355932,1.0752719980713885,8.894320883255842,1.3353947143374145,13.736217917427393,10.648229505779774
4.332212153793127,1.6702754565869669,3.9463838940545246,1.36397028315508,17.207791828637085,14.788095806487586
4.044726547537004,1.5393245382516447,7.969716280258896,1.440164718549169,14.019310819120317,11.913899971131691
3.7848856118724847,0.8528062535858077,8.371835918496723,2.2336856981603925,10.552313316499937,9.501763020275396
3.880967004168921,1.620349005886067,7.381851046559159,2.1240180519335112,10.165190322349064,7.467481910161718
5.636639426622529,1.178146880891221,6.061050019233089,2.065031727448973,22.732001243248934,20.109102098784607
5.765962135049547,1.0477642257338933,3.253859835451175,0.7248795814254043,20.64409710449518,18.91970909467497
5.822239167912841,0.3079087893806989,3.747820468090045,0.7892825505041925,24.959867699253543,21.291536431848172
3.8726019561366876,0.6403744948206004,10.255990030712994,2.1198154488157934,10.021318751872034,7.686077934907918
5.791709541770753,0.6662602589980472,4.416769213694797,1.5891151629369666,24.674983316359025,20.83957482915474
6.140886541381227,1.6987478615477363,4.345087904099649,3.5110507310717813,20.740919096395974,19.598507467580117
4.73302427468831,0.8261134635538263,5.542709728842177,2.1421947792342837,13.98148871147948,11.88690968650928
4.209416219895067,0.7498356946780596,3.5311489048744242,2.4126888238265325,10.291180990494153,10.525312565625542
4.809633198600035,0.6942824396201063,5.045470463301056,0.0,19.470792073465848,14.274906996567898
4.286770794423668,2.0278589915743725,5.79054218820625,0.19510193727138883,11.712299717352838,9.742922710479247
4.779261974511795,0.15882795888711132,6.609657050655138,2.444737822604053,19.718760730901362,15.561271791992306
4.38989652684777,1.9728034509442138,5.0559570871876,1.4754087358765304,13.272110819281961,10.258262261296403
3.6545784593551276,0.5998175947314978,10.120969868740916,1.989929370448382,13.445660758545724,9.298474212812376
4.325354822732817,0.4546023977279718,4.610250039520905,2.0128753308645315,9.816501013284576,13.58876901839227
6.093844701215928,1.3565495900347073,5.574300897775575,1.8602421887941447,21.966281789393022,18.056846396901744
5.351358715189401,0.8225549050275786,7.408079027072949,1.3666311233995905,16.674513121915005,16.161588875730963
4.5471425420044636,0.5973702313667183,3.37562679491399,2.0319222438136038,16.77490376649894,14.337766406896726
5.064310158072633,1.7374818988633478,5.347080295702621,0.8992918665065815,22.229833974088205,18.876361414843032
3.954173916085472,0.9402712946202132,1.245957043472471,0.583405669371498,13.614429071818819,12.100478004360866
3.558427173812669,2.723523609365759,3.3679634519769035,0.78042028514087,12.030431811850287,10.669775154371125
5.158664952597618,1.4054170663412546,3.571791554781538,1.7640209088361658,17.97030390387023,16.206702166434404
5.888974421793074,1.4294031759149595,1.8892350492945167,2.6239838342097173,18.169610298354726,15.294012768322782
4.46229196275186,1.4159142581056148,6.06432779070466,0.5290824482156106,17.9239626471086,16.50942511344892
3.286089984853291,1.1876397651803086,3.4423775783169943,1.7300595598034727,6.789231570457421,6.366915616027899
4.536868978549905,1.0860939833090943,2.860827418680383,2.231798357442475,13.827317812741587,14.046552689751817
5.673950643021969,1.86553028569826,7.776689859930123,0.08120110114771181,22.98550144059352,20.136754489540664
5.08515191738177,1.3434302302346484,4.186633271653218,1.3050327016348997,23.485194847297393,20.044161994098012
5.154908520264271,1.803115002826217,7.198530423618138,1.5288376443605385,18.425793036613,18.274045316153877
6.034859227368637,1.8516344366070046,4.496906507932355,1.5182790604129162,27.36304446493131,24.019188011786927
5.3461197702239485,1.429764567284713,8.39129390001476,1.1903262706816329,16.680490680164684,15.462791133461007
4.317955542889757,0.8814488633644075,6.921600340448779,3.3435945040397503,8.966128549792725,7.619901014404043
4.136393342733703,2.0767689425889198,7.822287257967897,1.9396505844344571,17.105339569526997,15.388687423268218
5.262113332929326,1.042335281984551,2.484752092371276,1.668417082301502,21.98998013953827,18.389636797752487
4.805977986962896,0.5192368776162347,5.544686260219797,1.0716710536066378,20.73589406009645,17.109217684387584
2.0998738957759384,2.2035225983335747,6.581255366334856,2.980082512811082,6.685287177288184,5.283516954498287
5.430057831535037,0.6684288113112812,9.876777102435392,2.6481058017203885,19.68354182794547,17.26085624365115
3.4086730814330033,1.7270373868000692,7.034320532238808,0.3696976812351413,7.178731902197121,3.4624865458389418
4.849268666569999,0.8848552162589735,6.36719725868017,0.7552878291928602,18.447762533363854,17.366693893476405
5.694359161920182,1.0838191150358436,2.2779409436791274,1.85542579705116,21.431795876828488,18.123512584683525
4.991733055658428,0.7422359501845294,6.993145559642992,1.188067153631992,20.515593623179058,19.508007784331422
5.749699048509897,0.9813520005509064,6.31526309769034,2.551102748483944,18.339798671161997,16.636481243390545
4.15357255003538,1.2280267844329869,3.8416889229207714,0.8024102222620046,8.141742239221045,8.244932298465173
3.362555484984436,0.5075931898272925,6.23778336191311,2.1076239094405937,9.131456959769247,7.65572256106397
5.671333497756901,2.0666695833865365,9.3100998911117,2.47382672996599,17.233898250077353,15.415610619273698
4.773289434612761,1.4049877482726332,5.934219604109128,2.4790482446044706,18.159973846031708,13.890251077279611
5.042897334132215,2.175899038017041,7.957274684762881,1.3912946126601333,16.84052692931805,17.402437348953743
4.314743643935098,0.7507954097616174,3.3284514415501483,1.351929952595354,12.362358776338365,9.569018288626234
5.459559845801638,1.5522008898934154,5.439870237608439,2.085414483365118,16.361771618167698,18.207202655483826
