SSC,Malic,Citric,Glutamic,Fructose,Glucose
5.030686641367805,1.4232018163739997,6.213771972245167,2.452749556368457,19.592778213129474,18.475603234541484
4.7282766161845275,1.6273837918421916,2.418749190794972,1.3478441300904058,17.083263840513276,14.50305589795107
5.888808479622098,2.0911097499763533,5.664861366309939,2.427937767233744,21.65448023309466,19.77411694562014
5.238498998285033,0.9015480152553517,2.427433159341087,1.0888884874866298,13.767385344559525,12.518026479281612
5.008899052984448,1.2314501756488967,8.583562705389403,1.9305904933216753,11.403110462379715,15.502171211915334
4.195765005012616,0.8746728830391378,3.070296515573023,1.7259486805051352,9.19067473441991,12.449209388995406
5.734283017042689,1.4694287239171226,6.765761429056821,1.9374956247029362,13.855090937415754,20.029730460921776
5.867435897435899,1.2590015377878838,5.948219714379702,2.467149560252065,19.687150177278323,18.183520742965158
6.598629284502349,1.0938972897741726,11.35548346385038,0.9931769675615203,23.039727208252113,19.592719983251737
4.586044941518283,1.0078928608834148,1.2217224933709452,0.23314010178013123,12.737636161611222,16.253502328777778
2.929137083725684,0.6958237144493399,4.837017731260489,1.8593535675942332,12.267501221979186,10.908149076558324
4.955032807921145,0.8136063717587534,4.674093942176949,0.5116828685142256,17.3285375404696,13.436328048809518
4.1517638248841235,1.496276049555934,2.198124720268066,1.4051996524422292,14.769550368449659,14.042601037632705
4.310796220855926,1.6888262612968385,3.0994523353043446,1.9813153196555957,13.381913636017716,14.524672632846192
4.652380952380951,0.8587908238220717,10.25842614972061,1.542065749399714,13.57343685154374,13.040934007490108
3.7405399765517817,1.2202606746533364,3.6510920639934983,1.6609717855175514,14.78063501294617,11.912700841756404
6.786269793664443,1.4557894807829812,4.190736138358288,1.0877010774898568,22.217045686447683,16.682660723475998
4.134082995079786,1.0023160063836487,3.5310882916149873,1.0806212004957627,8.080051428341163,9.793139260827854
3.6575219055501815,1.3273512302378865,3.972251042639181,1.8221981802054843,12.964250945680284,10.02653923946482
4.165578005262596,0.8611206306927837,3.331053150569438,2.8726844528144913,12.780612007737053,11.121481870354046
5.691856311395602,1.0588321632805069,8.409447684134378,1.0927668252465215,21.98156973864006,17.522018225533103
3.9934325486407642,1.4471513194574273,6.850489889476248,0.8414319205989285,11.383643368680383,8.481248394798005
5.021306582764151,1.5464629556939165,3.474301986300398,1.8700779063168171,19.488995855111405,18.011626681288647
4.586770475672533,0.3306017468813659,4.4372497967446485,1.9818207842927398,15.778916712226392,12.31057381611228
4.699804952986024,1.1661084688975656,3.928036081601328,2.3158177840123013,16.636566113580884,13.977427221977948
4.15097698155467,1.8283775115853371,4.967380169792649,0.011976192360158233,15.770101152294624,16.353137255351086
5.24360119047619,1.154150326267935,4.371346908814809,2.0071461197632456,10.344732362758393,13.402740037827936
4.168466925193351,0.8191553910819327,1.2044108488222132,1.1119728557115705,15.528821626168565,12.29409082224978
5.973628592038557,1.1052561119302338,6.348302673976943,3.4729313689283146,22.614639478522506,20.008680183216217
4.961619984543411,2.010710888611968,7.274705214893707,2.634971440871854,17.05457500047526,11.890702900348401
5.502470497007451,1.6007118707761763,3.6022275860886066,0.47799136016903976,15.522059652052103,15.669314661904432
4.774911295694283,1.1562925756368092,4.477812061648532,1.1979037124201475,9.067379254749175,10.56873482923492
4.4862063928954266,0.8938630382975028,4.451126596204271,0.6936168872840585,12.381002149310467,12.637579384584177
5.068148604469269,1.170932738213375,4.952263200602205,1.7838585393910016,11.80989162170593,13.341401340992165
5.1692217404345575,0.9847815283612402,3.8782503115523763,1.5045806189811033,14.649970102060305,10.908957497739259
3.838909570473227,1.6161524329914985,4.935500598136855,1.690031651466953,10.5805249889298,15.771661923345183
4.158769348064853,0.711060642355961,5.269321890403674,1.2169609420140115,12.196075883024902,12.362234085186127
4.806376200850358,1.8958085950148995,4.653939697980569,2.0541527851986476,16.385791225809992,15.358579738355905
4.207085184327691,1.0240521034723225,2.8458962598196607,1.0879158190481228,16.983674033931813,14.736355619833457
5.564877016543589,3.8784112259573464,7.978453160434628,1.226654096386831,16.796962671481865,21.55236165269108
5.311629810491781,1.517159293386368,3.5091361387547173,1.699514947744527,18.41908067825005,13.139117856951813
5.507676123822111,0.8438776772219687,5.27826157608385,1.6161910400209398,13.221116344822377,12.63678333641741
3.875727015083961,1.2765227102387695,2.491087772047426,1.5027207778846219,13.52847314907663,10.724547975151825
4.786364099039966,1.3238327317212635,4.293907452609288,0.6468588275154036,15.321057256847384,13.456165455483509
3.4605835869216985,0.9779161323299773,4.4493966281899535,1.2256845467428916,11.53168675125942,11.98829111925265
3.4722013922683788,0.9055161256158202,4.150955121331155,1.7285115925734544,11.020346496505159,12.147831825848952
6.148700325273238,1.8038618064771275,1.7149153146300535,2.000193881000387,21.594366242100417,18.725288709392096
5.090003653506128,1.8715390947035246,2.968109211750387,1.726076208961644,13.268149836453013,18.02298013660932
4.178742887427439,0.6587346543874236,6.488731939018326,0.9103502610467514,14.88090430406416,16.245747246155766
3.7289746897690668,2.7744170651359816,6.158445316897185,2.2078863772652455,10.744217698720094,10.54217521780645
4.823032595613492,1.0071009626373648,8.735956451035449,1.0434717780896925,16.668467199591998,21.22343858793549
4.648366606170599,1.2949823557906504,4.1595791725654365,0.6858789129403022,16.306320153510413,16.21098353819316
5.930597786830875,1.2550410249849036,7.313123231072405,0.5004656170041446,19.70461053067531,20.1861719292244
5.529753319548443,1.6997380885280706,6.98662479152663,0.6200297384758102,14.322594731750575,15.174318868752707
6.421239365634834,1.482245403410769,11.979998043476105,0.6962411542979171,26.608938957368043,22.063419293354947
3.8800163080447945,1.3480438475039316,7.28480745264031,1.3410905916075913,15.474329120795684,12.224225446691008
4.139198667486178,1.90980769836275,5.51249702907515,2.1893392395023525,13.853315969325633,13.86642683204589
5.055693918355347,1.2230525133578278,3.7172272565197364,1.0965148309216075,17.19174852028605,17.038420538536222
4.7244242943971795,0.661916520834639,3.154113241347679,2.4167957678657186,14.86089110086627,13.560222196511942
4.542828336734793,1.18335235036264,5.950923116427924,1.3571481195541417,14.863626795919037,12.048360949291661
5.262028180067662,0.8345708103077516,3.872820835534782,1.198392914035071,17.18218218005988,17.244175356503533
6.513560268707726,1.5877431868336098,2.272392482691932,2.112590705834109,22.354130535378673,21.328056163763627
4.470330092274992,0.5316584589429363,1.988157535516971,0.7213562727524574,11.524520492236979,6.389578811017609
4.1379880324893215,2.304408325201136,10.67729498236109,1.0576647353319442,12.303329861168228,10.064101658300874
5.0943467774335485,1.1453660275953266,8.025669507186644,1.6570679053154245,16.920950447194546,17.351258667384975
5.5543944943431995,1.3171474063883708,3.5661315242323153,1.9226318066412256,14.876489018094999,14.742627457988553
5.8500182119610535,2.177282401216919,5.64370056255762,1.8481552126415532,22.634263825083245,18.718328688856147
3.6292354667302478,1.2188481452736568,7.2192787115033035,0.9931295959083789,7.97909321533078,6.85611490617109
5.915192269297166,1.2544618112633692,7.484091325378578,1.6754863815297463,23.049317431086187,22.170608458573433
4.166007958744089,1.3389835925792501,6.285867073828576,1.4866354043558103,10.51086807419523,13.04477589134915
5.161689399512814,1.2484775726846769,4.313435844956581,1.8738559408478308,12.952292913304916,12.539575628454287
4.982763407457539,1.6044662153198268,9.131702065851389,1.132395736680338,20.209525425919352,22.379468389382662
4.853918811381111,1.1808226129331885,6.801969074417903,1.4037396729913758,10.83277253146875,10.911104562239744
5.261343125876165,1.2795361621637884,4.312704627477091,2.566677243069805,16.90089712245267,16.525036370660953
4.509931477905822,1.1121228094440665,2.3786666032825967,2.143221887904486,16.187920572587224,9.766775124436103
4.803600343491409,1.4999688670587727,6.4986961499838145,1.2110894553417768,17.116108911819403,12.725615526004548
5.665016447744379,1.5896077082610003,4.8601611568360985,0.46708655497576923,19.836271057209274,19.787349419695303
5.646589696801794,1.085866233544837,4.528536029234102,1.9080437931476928,21.07612982731444,18.23304910564744
5.3242536278833095,0.7312965040955601,3.1950359449503805,1.9989309646936253,12.3972767165814,13.511592159825087
4.507422534328213,1.076993071754385,7.3857833144850495,2.7485642536819537,12.58492082292351,12.286734181382652
4.3489791693986755,1.229644967616482,6.035163410896014,1.0375366502843781,16.492250998114528,16.482983005703815
4.535315624921385,1.2395636836872335,5.5135672506725015,1.4997692869557477,12.102980765359272,11.274885660550472
4.805816066266025,0.2754242828396287,5.196355235096915,1.1843689419308476,11.475290944235747,12.137277405085193
4.887588904694169,1.9525149512565643,2.4281335691889847,0.43720820476259825,9.587133595999177,10.48152273188247
3.7175418102817757,1.4583217173764849,5.110058661050307,1.3239953761364556,11.180934820030913,11.536328110581644
5.787298030209681,1.753156231216765,8.29907601499129,1.1337718128061964,19.781960705800493,16.819955966685143
8.902471818647296,2.1110837073702555,8.192435869445976,3.596241051829458,35.21617866474281,33.96718931954257
5.40792574139502,1.6191043477452933,4.437989693303546,1.585013491442919,19.04815419148992,17.913506842467267
4.495970809114173,1.0129675016769575,4.831481898566365,1.9263197446370113,17.719116858753882,14.797401084250332
4.666612464736996,0.9243388373077862,2.7175661805997495,1.4281704667382222,15.99186319125921,14.631400292685399
4.0665648500025835,1.2445150967300471,3.385938542199002,1.7133608530434035,14.73975397209887,10.955868625784227
5.003136142553226,0.8887113141701302,4.93716807973084,0.3669310476175712,16.47051386491924,14.254986556082976
3.3512624392232584,1.3495480561825852,2.4692804221105034,1.3759405325375011,12.021854779251093,11.281123830437762
3.637169251287108,0.4255618263901275,4.411357612128848,1.454539770476114,7.930724452900506,7.018160044405757
5.494832638605343,1.0098792260187297,3.2507197416212605,2.1894934659314558,19.280547769037902,15.78984848965662
4.863773065639142,2.067320746023482,3.2959247178974946,1.1605506086999267,15.22581227959948,10.372484261380565
4.225440705128205,2.4413860164074395,4.789467013713489,1.687092936871168,11.50123460183824,11.156224267178219
3.9819825085474,1.6435259013043706,4.912242817905073,2.7795423259192407,15.584020612616893,11.149337756520637
5.292208665196289,1.445898438476398,6.350966304097578,1.449848888736866,13.805674209029043,11.99445462854968
5.667202218859224,0.7292052231746031,6.060156981438345,2.028392913892379,19.925022648385497,24.709132069713004
4.4001091205316,1.2822255925756239,4.6202095988348395,1.700669810294355,13.94462715859013,11.919437002819393
5.249083727340974,1.143652781490804,2.869824040450866,1.5923833517983184,17.013010074781093,16.196269957796297
4.607126282433564,1.812134711656462,8.739167512218497,2.519018441378016,11.426117149974175,16.942285860058583
5.386189422812599,0.5274935105783171,6.71925041129351,2.731122879180854,17.549199046903734,12.226169902834163
4.888222766684845,1.9465822461720284,3.3168503073715474,1.6530403147232469,11.888390429957465,11.470049299211997
5.582272166265713,2.182759442317759,10.241646819117076,1.873615080984626,22.82910634630627,19.47831886282096
3.648593677046691,2.2889462892862213,5.854710730200079,0.8362761077399454,9.373647958950627,11.080309756166173
4.877530566923877,1.0258160311154287,7.750275485422046,2.2592706127176903,21.10732770425394,17.11756253297924
4.34443952477369,0.39397488863990127,4.122847800371552,1.761563813047662,11.89986380534697,13.692165472206122
4.2770713311078925,1.1484617458912891,3.889311910239479,1.9471545417488194,13.395906828337347,13.077123671935759
6.209145305460548,1.3011661450295409,2.2171060683116517,0.9144950772358286,21.178061768287883,17.000733056309596
4.178570133939974,1.4937375761097758,4.001202638718433,1.0947985267974703,12.130736353320811,10.466289446445145
5.4962416962499585,1.3757395409235127,4.257831516899611,1.7637724747246115,21.60122406434558,18.639912245223613
3.8907109746849944,0.8417322902360943,3.815870948159334,0.836844360099928,12.093304774511015,12.552441127307782
4.260239566618492,1.3606224687032298,6.928508811197462,1.0034788963257886,13.768149556662438,14.226775197114915
4.917891711191313,1.0635447812579208,4.726315564522848,1.352475143491476,16.30184351193289,13.391483745956076
4.953592099059971,0.7861903920762181,4.74872068400955,1.2922156279711565,13.996366623569193,10.036714184282653
3.742417577978956,1.2315042032368415,3.5985204114755773,1.2522824378177138,10.800469035030572,9.607473380940466
5.520388861599462,1.4837659105960292,8.394719653400328,1.643747381569329,15.626752233740127,14.086224112684661
4.483338929809769,1.0755436240297476,5.627292961962716,0.4890757589672503,14.01282512565163,11.846288496558762
5.3801954180265925,1.439014657155725,3.484750369880933,1.716281579340875,18.037860507266167,18.534988675604687
4.123778229014359,0.2867499027052697,2.8262823808259916,0.6374112465164008,12.43586660959668,8.841156450045718
4.803925120772947,0.6253206714325392,3.415363723046554,2.0098352205104533,15.771342214438752,12.833763203566201
6.330543963118442,1.8419000901659812,7.584080641857735,1.613647697972197,23.539505302072556,24.159208547721335
3.848620678762492,0.6928351223345895,4.597069261523503,0.9337881362313214,10.813748827705128,11.068201578068264
5.373147105468798,1.2143550696662422,4.206069656707706,0.6214398146964403,14.514550825527074,13.461268090866234
3.670400533157082,0.910179236462492,4.3771206578217825,1.299146770421211,13.783471824043241,17.145798630999586
5.179163311733959,1.0635942361804944,2.79160611470175,1.598143876663189,13.481114359548982,17.10927012708722
4.6527849293100925,1.6439220636919902,3.9210602975003317,1.3970420778892594,11.742545197590944,11.259868172005604
5.247102517314612,0.7583553680696637,1.0326459572956779,0.9236459004290065,16.354722258399114,15.121843080550164
4.860107269572485,0.9093071351379403,8.311846763747287,1.4377411968492773,16.681817057377337,15.531551521498768
5.1624747821676635,0.9669243380397389,4.439373637280919,1.4537647052123377,13.34079963159944,13.013737668825318
4.276150076107847,0.9391824464063099,8.355723192553196,2.2372949375314692,12.133058697938145,12.681581719318018
5.786620509260735,1.655650359767514,6.102023149859955,1.738113279502697,22.922223449112828,19.828637535729946
4.767262727433249,0.9943644657307984,3.7429235628945277,1.3227976230116751,18.011738334258904,15.499824010168403
4.832983708084625,1.4032279074774923,5.387799310612415,1.152934493451872,14.336523885025205,14.229016557153642
6.19836535495156,0.4517362143920157,5.344658275946172,1.4967855100520646,22.475042442317214,19.85214665097788
4.902643535569936,0.6702188547102047,2.2065709561227096,1.0427247075084969,9.414465489988316,9.02191765988287
4.374779753657907,1.0207987247451866,2.8286902735392183,1.5269059317733302,12.640177996822159,11.50551681642235
4.499755523187347,0.7006110947822977,0.5569240821431114,1.656106015513043,12.557353767197855,15.390220075410111
3.8592919229707485,0.875570135789012,1.6681145473095889,1.4936739909097698,10.234757796733051,11.770330792016766
4.288246721750915,0.8672806890962258,7.231116137386508,0.8780138457890461,15.911873415470854,8.943727856153163
4.524538831574833,1.2670197737961373,4.300590353719354,2.6196378532214726,12.670501288192723,11.054450500726846
5.082203976794696,1.3109645099932263,11.548347977030238,2.0273820721718234,18.23531201508458,14.476911669503103
8.793466015516987,1.6897796814631518,4.616269047880431,2.9925562547718454,37.501125687063436,36.052138762278844
4.94711829253641,1.4590806334110273,4.685092551385364,1.6299455943882288,20.937162598077045,19.086051691025737
5.548642654722905,0.8826878400412788,4.8508463459261915,1.0399364631482328,17.488727725200715,12.145154117313204
3.2015859198295757,0.6058467568060192,3.6089073969270196,1.7589562701716246,11.405734544830999,7.838560699723809
4.833916014538355,2.0251965999813364,4.292088595696906,0.9151908021066295,17.207088305937297,13.849698471730465
5.393652359746469,2.3179478314550783,5.062010414885407,1.1352160040220072,15.067651308792454,13.11055813764749
4.687796135118816,1.244565814005274,3.5421562530940593,1.57184168378527,9.63902681725419,8.823484446682984
4.884581938929857,1.4505789991996032,4.4802086453962815,0.07656045038975456,17.260754493050595,14.597312887543943
5.110242319044399,1.6618158738693793,2.535525092854057,1.645307414893129,22.472024348788672,21.79029698222909
4.872358852954399,0.8021905017108062,2.3001376739559087,1.6039205007161834,11.110138598450172,8.493766138161947
4.022508496967473,1.146873164395994,2.7589110708034115,1.2753536969100694,13.378435824816767,10.669410059558807
4.138446409512471,0.5039343241235658,2.486941919066823,2.1038561559278994,12.74017260267124,9.027201602859304
5.887351126951938,1.2213802990707678,3.329276811576556,1.3300083270747658,14.323588287452276,16.713331503496484
6.076869092109696,1.3451332728800387,4.963342346376603,1.7884345112625848,21.56573006090841,20.435807937763773
3.8907854697499866,0.8514429498305282,7.820239469219043,1.0165094296010482,9.50309393222583,9.732311388137415
6.070156633644826,1.5568911430549213,2.0190389414627834,0.9830520908808545,23.855036090503518,21.49728490332344
4.149472903267639,1.4467545337487375,7.376209382326215,1.3497402193798054,11.122806501853981,10.579582798560583
4.093916675563421,1.7363675350910206,5.314830534691755,1.644626854300803,10.385314454474718,9.403124483905117
4.316750376710239,1.7839136981965091,4.012977388666528,1.0260392402631258,10.501199265160201,9.180140552492036
4.387659841228238,1.304340159802,4.445366947235346,1.0564806442970407,14.350148395617266,12.21825763551662
4.69995448247986,0.5422850619057461,2.30869018197988,1.0842634612814146,10.3013400062676,10.170651079492913
4.82776085946136,1.2090769203986338,2.8555456775324197,0.961784776824183,14.003785484434879,8.620836253460489
4.971872014455517,0.8490743705081426,5.681512603749576,2.2051860841158053,12.62023443206774,9.13587977835191
3.5494323929750857,0.6517666733462473,3.2719250567251033,1.0838991023761213,10.265128023939186,9.278529966750952
5.182184337737061,1.230494867671256,4.897420208085135,1.5611352563185876,14.283104445915765,13.594631448808626
3.985294199528777,0.966807856688461,4.250665170165101,0.978872639882524,10.24759384418114,11.164127533214435
4.622703333524635,1.1107531967984088,8.18131942995102,0.010061996869490941,16.53483696425063,11.94154902421665
4.209255006455098,1.0057658622830337,2.192605729185547,1.6645935931382174,10.591355968723631,12.077896379977812
5.242097789884156,2.3671282602829153,11.239391209872597,2.008685614412434,24.092583532089872,22.22318694821991
4.003995668948768,2.2922474307228318,6.111287342197546,2.2948340532238793,8.6798291051232,10.51512193609555
3.7778465934486576,1.1838425556114696,4.26011111248946,0.7246333091679863,13.246689808702984,11.631011579962527
4.0645427776021155,0.5640445317115351,3.609628690321493,2.1827305782292417,10.235158131915393,6.985238661183887
5.274339808582529,1.4772375291487658,5.280263084232243,1.2774315208917697,21.30423865788591,19.18772566774034
5.5570601958624835,1.7239163453899784,5.371752605688577,1.062078518189694,17.67431495463004,15.150225721846008
5.15357335885019,1.6477060550626006,5.000640757109496,2.739838722144857,18.285303478240916,17.05617253211817
4.318322347331149,1.2190451112265184,3.2705654606956505,1.2126041666752858,12.102603031952189,11.613504795868304
6.092603668391332,0.8516837375005395,2.7573935562978846,1.0592658191489965,18.516323957519198,14.24135304153976
5.093074116900373,0.751900919937825,1.8341284341031017,1.4706464604401934,7.82761562150063,10.621889745159905
4.5295185261112,0.9251884578981444,5.477458076324736,1.1682018395226135,21.26781547027176,17.532267845910535
6.381758362437046,1.403752339518019,7.066139563713104,1.9824458575115735,20.174000105105346,19.070771085250886
4.1220661127340215,0.9326768660938716,2.2827049991635597,1.881788808519981,11.505727391546204,11.37743005739027
4.855103051118936,1.1823926142612768,4.5934576547331725,1.0482289445436077,14.102022947176017,14.492623668249095
5.069888326561892,1.1448608880380031,3.1138631108116135,1.8149839683748448,14.589867160575691,12.558620891759432
6.097103666375083,1.1378821836346886,3.7811366624199425,1.351716985653255,18.17681207805812,17.564029811843554
4.542828336734793,0.9933854518762195,7.010666413653494,1.4913917363361227,16.75890816339389,12.303920061708673
4.545727564010367,1.7413168559620575,5.40593722565022,1.982693236606467,12.020995026505489,9.706854753812834
3.808442081148348,1.4760505666577814,3.3720235154660636,2.6751817580681294,9.7956230909039,15.433724044064885
4.387609083958425,0.9571756611909525,6.230799372394914,1.5244363968774504,5.099221219907918,13.868773456922668
4.433246027152485,0.12054760201697523,8.998571356599403,1.0904160761328037,15.065106067188045,11.822746741569873
5.197009602351199,1.45574098382285,3.8148145784419745,1.9827534574208037,11.607895501356055,16.33178893039556
4.493790979558803,1.1499519328337486,3.1464837837042765,1.0604793489536162,13.665147427844222,13.349871085446201
5.633136479212861,1.1888545467026435,7.819282490563136,2.3446515627351308,20.120454763782035,22.553887202981976
4.903997802724888,1.0969113192304816,6.151188303506569,2.1461145262925405,15.096545444321663,13.501227710653296
4.668544726134866,1.173394739904712,4.68514649090094,0.9053307234829124,15.78525440716665,18.339753546916423
4.480060793646842,0.5082052486470797,4.914535496969442,1.448661286074601,10.843518172420792,13.997212781050974
5.097753132039348,0.5792143870610217,2.7303006523528524,3.3002092636059657,7.311747085049152,8.839122840868997
4.702438046947068,1.7946762278490296,6.965912984683227,1.2209497674195817,16.560667589519973,13.51550160842424
4.983666243104379,1.289318055286957,3.392389312018369,0.4439669066668177,16.134096100342127,15.203659676064586
5.209557779023729,1.5042337396930436,6.20758167552507,1.4265190556183038,14.249582051111695,15.244273752823098
3.5160083130671786,1.0742618010685763,3.9247186256398083,2.990442460970457,10.424314451203951,11.365802952598328
4.895148575693379,1.095232620897877,4.575196494006804,1.6969905418123319,12.245822676543082,10.235201875061328
3.606324958988668,0.8748952806334462,3.7596073929836633,0.24360283646529957,9.124938241618997,9.568705444383657
5.413928411810347,1.4176744242479977,5.915801650280985,1.483740445389095,16.614234094420272,16.01341218361337
4.885112845883958,1.2399209201715722,4.39890433284817,0.9559802702009119,15.26006179986775,14.169492415976519
4.236299346267147,1.259363418293046,2.638896539175202,1.1721965014352644,12.989794691509749,10.144751151737676
4.65,1.198559144472273,3.2087831459046106,0.8626590384752545,15.511272089387536,15.721873310313862
4.245449175472818,1.2119704860767955,4.997732774405423,1.8959986960371575,13.691542355668659,11.786776706217704
4.15098503383871,1.617164809250383,9.2556885120285,0.96565057337521,18.22609480328679,15.530320636267149
5.233330984343906,1.4385542572942993,5.370303448874612,2.183480022686919,13.260285098329092,14.873271711553146
4.508907034356677,1.0551043235839104,3.4741673654586123,0.7757366948281464,21.564875031522853,13.745629796542485
4.251762071821998,0.6820155385233703,7.580085511990916,2.1987178258575186,16.040557931471156,13.136883514878226
5.781714429658433,1.226398563339236,3.527331363742483,1.7649175320807446,19.100160668672174,15.890642486546046
4.2946966798169965,1.281369108382682,6.974394318695171,2.037724784247664,15.652773085897032,12.889102637776888
3.96213504363889,1.2354610375747592,4.54375225774556,1.2248015172035718,11.452976950849106,14.407535899636992
5.360292614622872,1.1641503665685826,6.8117322822845345,1.6161667504394621,20.80734001076972,16.188130452368064
4.8847223315079,1.40669596955184,4.45019979731611,1.6487186489770957,16.835130658628728,11.330424598318737
5.010747983456412,1.5259973993504994,4.918552917847747,2.082049564632159,14.546886425018508,9.769467160585986
3.8647817888985156,2.1915645068611873,1.424972170359522,0.6901888946019895,16.97022171117267,12.997014519147056
4.819938588930187,1.0120562954609276,3.9260384025488904,2.412026938769651,20.786905746792883,12.006316241830929
4.694764813587088,1.240735909940378,3.242419603959146,2.8021430873871545,7.8890938909525445,10.748964811298713
4.702358997947924,1.019589760734088,2.832174271747283,0.7129653460464025,12.620381888703674,12.179205724134134
5.475597876990361,1.0852469714032986,3.1141744212496447,1.6131053344956565,12.923361889608561,12.655509134132506
6.321432254564185,1.3578950034199044,9.926220289273214,-0.5334458836331364,20.392438388890962,22.936202501551463
5.663384124728163,1.4391504964660262,6.65317740880037,1.625342645468272,15.079379550687827,17.515989641271084
3.379040568000384,0.6001555262675161,5.575059533200208,1.5200600041901617,10.28968437884983,10.376101299666662
5.38115605423323,1.2861222275129651,4.819525524221864,2.011411000627468,8.697052722676027,8.665180569355101
3.940463675697473,0.975441927044683,2.4361803396919135,1.7211998239967072,9.651698491232269,10.50957327447019
4.535246827414809,1.0392070248847167,4.118933804115557,1.5082327145749812,12.772235365440128,9.635596915910737
5.163241796964843,1.4366417132501985,7.17924267732525,0.6113433312035804,21.100133442306415,17.823454807363476
4.5371096868915295,1.6318662456313295,4.491575918345697,1.1004184175879188,11.475791937299425,10.47352009240051
4.315222212240694,1.0858418041596805,5.719089115132166,3.16825711669766,10.843720568862098,11.354724413729615
5.107711900871941,1.6859988412675446,4.905894914544408,2.068470297330407,16.489995310536976,16.371462402558997
5.0998739079807285,1.4599840688631134,4.272870704053779,1.3994633758352442,21.692754587550365,17.323630503031822
4.673647775767972,1.949542658849729,3.87741634816555,1.4541738772117374,16.298433463116645,11.714810849732162
3.592841902211875,1.3719098388399478,2.7574388222663027,0.9138908354716089,8.68682198675041,11.539516670112357
4.6,0.3778627550159799,4.62954368691573,1.080166791373411,11.618202399003179,11.123802619356312
4.130952380952382,2.687461648562714,5.199791814524783,3.2929549925925303,11.938046339428597,12.539348179086277
4.825341913873578,1.3968865161653403,4.567393033454935,1.3857260826400237,17.23304000470418,18.77916424189139
4.504220976829468,1.1764908539757721,4.129005273100117,0.9104599053145521,9.678834229328897,11.863894241946207
5.007080171070391,1.021204331011498,3.5521625928403977,0.46864594972809037,16.91586419050833,16.560637147972024
5.007953995440254,0.38287908074584664,3.250310576378948,1.5606854521223414,12.045254462690684,12.367539000589927
4.334366647091295,1.5712092490846956,8.574737039232485,1.0738739243537037,15.159483340412937,12.778338384352432
4.3904667412370015,0.8668345810789765,3.2865147514890416,1.1915050521103572,10.797721229892776,10.967042589892609
4.5005985993938,0.6992205446924067,7.358821848306962,1.8251204302994304,11.90305778151267,13.807753465838713
5.768018696027095,1.518106873668483,6.924104005747277,1.2939496207175647,15.61751183303485,20.393753517034707
5.722093167504651,1.2270684080768106,5.8890861861467165,2.43490376213561,22.987006135976785,22.343943205609058
4.913826319956914,0.8377882644557644,4.580615561163838,0.8119154559253907,17.61557681611076,17.763799909782847
5.166940210504518,1.6612929378332613,4.008472783367236,1.532410287614477,13.461567757781335,12.800417627790548
5.119696317972308,1.4245267250423452,4.386737573569987,0.9213972393209209,15.93871489726456,11.785288224944084
5.850864595171913,1.1444853615207355,9.538875368164025,1.4891298053216644,19.352337635651132,21.66744666657033
4.394795972748712,1.7891967830309508,6.52213531662635,1.4904929620359522,12.169887713380136,9.70738332838466
4.934500832386715,1.1539325641706095,7.801980424348059,0.8584292521390424,16.195359994332712,16.125390112779456
4.379017700322891,0.568244586195844,3.5536978456632675,1.1284673780800891,9.983546369898228,10.574846364759113
4.415149037773357,1.3497845693587973,4.979760304357143,0.5200907669826027,17.737572930045406,16.283926865019474
3.985141542820545,1.5597196972862077,4.902145672691453,1.4179926469152435,10.033792692185157,8.62487134550199
3.7155850652900027,0.8302283108075968,1.8089588962612853,1.010728749259028,12.795401075658555,8.744971301450011
4.233357239448142,0.8404639934614703,3.3046040474577896,2.0936153542430223,9.05578343769109,9.011122156583262
4.654500621741673,0.832587596681142,6.938650519047009,2.1352770190855166,14.287888034279176,11.367839720162458
5.074433330310105,0.7113299999999999,1.6271349807046414,0.9425819954802552,18.34320159674308,14.47439233809308
5.022679168413812,1.2040205620902618,5.332402530573218,1.5093174383993888,12.836319655862598,22.384398558720896
3.8395345051452403,0.7333790361070611,4.4867352024975276,1.5768633780918018,11.599362286449422,12.225517306723185
5.018488607599004,1.490852035234285,4.5032045273226355,2.189714735331523,19.829150110957457,16.9736003779305
4.732090784104239,0.7681950734693095,5.6735483641560585,2.281378834145446,15.629381973622367,13.023048302615694
5.404489760413012,1.3560101967112284,3.124630926942663,0.5078914483395933,20.58966406842325,15.383419410448843
5.66776644379056,1.3767849860977739,4.418921813123437,2.084013140300596,16.10254243761645,16.12101391871341
4.6928586557302046,1.0853135301364467,6.245105507756587,0.8845545813783523,10.632317460138312,12.056863195802013
3.9198699060830253,1.351513251266921,4.983624316630292,0.9250993045875912,9.335248124031724,9.082676928406345
3.3481703474102353,1.5101054351975534,2.6454642037425713,1.5366775011899725,10.724371130640918,8.924822264149096
4.657691359316683,1.379855467137463,6.089805387840042,2.4757932929695077,12.365235451058084,13.398645610897571
4.127859074393768,1.8073453111570374,3.76807740073248,1.3757386394545368,14.677917594204978,10.297357847294633
3.9283456928519556,1.5278638986342608,9.408084520966392,2.300731019637724,8.067739503237783,9.1572807884628
5.661002267380876,1.626403988670197,8.895457199130457,1.1014508077617635,17.991551478693275,16.610737668787074
4.317064628823513,0.25673073374994104,4.062680503722642,0.8749431306136368,8.086717105915435,6.939116876967436
4.626633427918415,1.9706893225766613,5.389019170045032,1.474332278700572,19.696646889827434,16.77757565853772
5.393224760626369,1.5075933715527947,6.502342740079481,1.251909428965498,19.553475098639872,15.306536698665735
3.9117533715938713,1.1622268839131622,5.365279686669027,1.317783946773714,8.848198949420697,8.30688910643094
5.269152046783626,0.5722304642027731,2.810703389028163,1.4405502572674576,17.725085949051966,15.328197105752501
4.550275557446218,1.864278271462334,6.216815429530546,0.3615822265270664,13.129499106396441,14.321471970788814
4.440323853849989,1.2526042929785124,3.7033310163245705,1.3424657690892667,10.697826450430528,8.649181675378353
4.368796752265369,3.631311458448508,3.4151973764464443,1.9017867225826917,17.00790454890141,14.524302171167914
3.6473332530361686,1.4324045735618496,5.567651865084183,1.7564793058563188,14.333786666547798,12.238779046164025
5.364053712597497,1.0645627701241689,4.655365996282936,1.2854007692436689,14.229450059280556,14.477129180813309
5.485074876316571,1.4010900869620746,7.73051172811737,0.949560013276495,22.538924957661465,17.007332939242993
4.40163018049388,1.409174549671118,5.32966699936672,2.0417264934797315,9.811392370650568,10.800382301536443
4.530546891251216,1.2840926984930188,7.268614011614851,2.339229995817785,12.142870964624782,10.986427354548406
5.2645502021440365,1.948602235577691,6.459513523744453,1.5249473580143174,19.499511106520558,17.10120457335826
5.5348575842798216,3.2303497162378907,10.83946587528597,1.775724754727762,26.896715185546093,23.409367731442508
3.7718508870217313,1.3047099131941553,6.078148460694226,1.1955282203278264,12.439373657623204,11.586045537308092
4.9699014054657615,1.9428370692616717,7.0480576713722165,1.092162962331681,15.43635608748132,15.479768414982875
3.741679948464154,1.5013896836972898,3.987692721981829,1.267832632177735,14.1056610233609,13.64693386389091
4.910473881429039,0.9581568377290147,3.8246952965913525,1.096402114793495,15.624932841966253,12.64154654026309
4.4516094853524395,0.9940521070401414,3.556920481202617,1.6763887040824696,14.142843821012852,13.581669671966294
5.3975632546053385,1.049686360065621,6.323026960934989,1.6030722200064391,18.116220965915957,17.541766801609867
4.977706378270234,1.1764523158976234,4.717401948527006,0.7005279344538912,19.247380083473473,15.4356636626914
4.769639639639639,0.9331284175052685,3.607914683912128,0.7802999124106537,16.656528887622542,15.17367405938452
4.7345101318442575,0.860321066920097,2.5286424751617025,2.099761321568625,12.579339565982433,13.68968014312348
3.8447844427853743,2.1436553537599767,8.111720104773863,1.735079896071469,13.217240278624555,6.403418492316897
5.167403323496868,1.450736338923443,5.710796825285416,2.174600917382448,21.258799098668106,16.43983373135753
5.139523620574874,1.2732188920368948,6.952380424881364,1.1639120186730147,23.78350550312717,22.597643643718115
4.385375328521947,1.5928822109999823,5.603012511043416,1.7672255588139885,14.094153846033631,13.532558457504773
5.903365044034388,1.7930890133671467,9.07391343432855,1.8112170518490935,21.85395603972168,22.45476344882109
4.984063137673118,1.2839718435897418,4.029657524145574,1.5107372603803377,17.943218406145846,11.229734825212574
4.507178268620487,1.1046582476534867,2.8778917943181543,1.8272095761549285,13.766104562955089,12.651066417463946
5.0091228982157165,1.3090922930657793,7.060137783483357,1.9542668686316007,18.503625152496685,17.31328499143354
4.0817251673721415,1.2059052138497663,5.1463976658618575,4.263451402176362,11.979937157210061,10.544487297752946
4.119985975065182,1.148746101891138,3.095877241966695,1.875407628939128,7.101692294195944,9.259029196474485
4.322857443688833,1.1475944160263154,2.3022271842816746,1.2241913600398961,9.976301160670959,11.36078905624107
4.264469816796033,1.1980720304196943,3.473661220923489,0.5612478380982348,18.716350828830954,15.004284120502223
5.562478844055279,1.9978691422893045,6.936447103533796,0.8500204624275121,18.717997169209944,13.815953921961825
4.8179740099448,0.7899221071130956,4.732310204374757,1.1288975558271235,8.078954006817753,13.09002772832352
4.991571627448407,0.6730160785606458,6.7746145737577494,2.1357462644549794,13.720989992443473,11.860115699145794
4.0438008638142975,0.9085705060393471,3.8922970752015367,2.0446683150091873,11.884150802234654,10.283323210780026
3.9548244291978754,0.7372788376305632,5.595639743387887,2.3841110067305955,11.890002462856243,9.349858237052523
5.007941148831211,1.2251222876946315,4.658655742736222,2.4004096718962664,18.80366133610763,14.482938926665051
3.998627080652735,0.7669971828254283,5.468820624206639,1.5462723304042565,11.80627266152345,7.207304227614804
4.012904910702916,1.3767130093861426,4.917389518967365,1.4797050336105941,14.701594764995116,11.605652326875177
4.89083414312357,0.6141255423775506,6.71745210557171,1.438122259694019,11.65363178453291,10.66170751997344
3.45223866650102,1.1126801424093002,4.062708570052388,1.8148714419799155,11.882612389283555,10.365846166599468
4.304945393482235,1.1010096586787663,4.92975963830993,1.142447212241409,7.057333055571252,10.758056317594665
5.463762746906517,1.946623159083092,3.1277211009525945,1.8980074857688576,20.50398193821754,12.746247811511749
4.651358614400054,1.057033746113226,5.601736373378435,1.0745996061870897,15.209811086439055,12.921405891278846
6.699253689777691,1.717486189614781,9.746895693521479,1.2850164991546569,25.054671551204528,23.409903555866737
4.290144341581449,1.006126776765548,3.810323852198945,0.6877308274874471,14.175126186107917,18.318957920879548
4.067053746287698,0.7126100385657919,5.559029211051135,1.4262433544421762,13.254698189495437,12.69506454146882
4.72782919177563,1.400846917715438,7.5733782589861205,1.1823252386784442,17.430186247902693,12.85102796057305
4.45772968418873,2.0973091888974955,4.084910673147878,1.261169720803864,12.243234658564873,12.991995146016235
4.205245114353809,1.6583379584058826,2.968357787744085,0.32591262911249175,17.439569143786912,13.256781338312718
3.9974870408321284,0.6347071803066834,-0.20938657299026353,1.3045372470286662,9.257765675428823,7.0696564256373655
4.759975191381871,0.9528249917158594,7.685199579749856,1.7716889631193424,20.472162789994478,17.20066767952772
4.764420653390841,0.7347992527919776,7.2807798230822485,1.4083260463667513,14.723070053625564,16.118872372674794
4.13164848397512,2.170918224074863,4.31052087908346,1.4663738749488637,12.545326132633226,11.282540426777473
4.5691891488756236,1.9215104301607304,10.358318927360198,1.4119816053740308,16.57209599631521,13.982066878837285
4.056157004768951,0.802366740905521,2.4324242081847536,1.7355800723071266,10.424744688007854,10.936442900883693
5.165338798003212,0.6870763843418418,5.052559001621786,1.524039801857234,13.25438537208399,13.430490363273526
4.715531947837267,1.3157789850875965,6.6548611957342105,1.7627009806891965,16.912520748849175,13.609131187305683
5.995972999834802,1.8881702542113945,6.216741276516904,1.515113518808871,21.473368749599093,17.248749916824902
5.585865393209223,1.339879580367571,5.666081716122272,1.4665361164816435,19.18412411728485,16.61999976810553
4.099991921247464,1.8823977547603985,6.532274032032484,1.5507326905852974,9.327215133617246,10.199661867872662
3.220280358669491,1.6233783179395238,5.267488548963188,1.580887676109593,18.5897080194194,13.515437452236846
3.7316149351697274,1.2037426693513538,4.433665221531475,1.3495073130152968,8.502421127352362,16.507919375696044
4.62368721186018,0.6311360399586514,5.380004532942677,0.12962540680924928,14.592739728584759,14.255804780023931
4.195147077121804,2.0036169665888925,4.571587620126789,1.7602600062450475,11.247362029255186,9.179019164092136
5.335363421481489,1.16261979061247,3.3447831644592534,1.136925325523573,15.918455439940864,13.953703906020975
5.352457341940477,2.02180663930297,7.386983181745269,1.2526983590271348,18.30007053482184,16.691579278783514
4.605465595872327,1.650804716921071,10.476870980028234,0.4592044965338442,16.05675333965336,14.14866684175683
4.374592686536533,0.9769761313362489,5.7233900213243345,1.107705750506491,14.904234618240036,11.493827888466338
4.020826717854531,1.1537001413595016,4.506872689395097,0.8030421428942458,17.334836356038483,16.8996753752394
5.631999115294599,1.4250568738973306,5.375588354381252,1.2041829258222139,17.241779025627416,12.660671719304645
4.264721665749325,1.3604739923775222,5.355133671445771,1.4926885334939561,14.993064676016404,12.429077121755128
6.41976286783738,1.3569259375044451,6.146920750084225,2.0630383045608722,25.79859922972734,22.809883388276276
4.0109731936912825,1.264984205160244,2.8911615083236626,1.5002952778584604,15.085533339138191,12.24838895359592
3.9121809258033364,1.0947009645146775,1.9285054146657346,1.1681132738388693,11.762861605930985,13.107055476710778
6.273085091239649,1.7689871110448736,6.2295093421555645,2.0934511668173688,24.386130801847937,20.468301529268608
4.73870557881695,1.5419405313905845,5.803743940800012,2.0615668192196823,14.18006443272857,11.320583090209887
3.880630200214883,1.0316594371745775,3.6992824401202595,1.1284418201640025,11.412714104733903,11.285802417117473
4.571263482966813,0.6518343116544782,5.36714643065446,1.1472917520853856,17.604263171543288,16.15940742638137
5.136534006310088,1.2680149826912568,6.033381332472603,1.8720708421037788,19.29703641971158,19.089524590909384
5.767738533746045,1.3410389359145007,5.00402423618941,1.9945803618356945,19.85888004822166,19.27022700277113
5.313325485907529,1.6488616306982982,4.234228593627273,2.2915497957649498,22.363783156397922,19.559820568301635
2.340741260169018,0.8000705065891551,1.9594176034636477,0.23858567124216346,10.211955075392039,7.887843462418756
6.03310080922397,0.9107538786871288,4.541153805834584,1.2449582211125958,23.415769519300003,23.109985832500257
4.991707192200471,1.4069738764726645,4.421437980699187,3.167397050678602,13.778741716161944,14.346652583079132
3.6152178052740362,1.8345028549460045,5.121355199759774,1.7947441618797788,12.798736911533577,10.32918432665478
4.9349324324324355,1.1701734146974898,4.097036386038197,1.4393083774220978,9.90977443683893,12.453400554072559
4.644541801152576,0.8965151550543797,4.286722680908256,1.5282259348371925,14.867512129174804,11.064246229593186
5.182774386673715,1.2752447123236479,3.0697001309142466,1.244186893486158,17.768591314786523,14.846307086253015
5.923626332248184,1.024365624145224,8.633625557411285,1.2595682291709553,16.838002852747646,21.689610440744424
3.912093835525195,0.4771846687204455,4.072619596247972,1.8564911228772054,8.095247939147587,5.4646025263817055
5.439344055657618,1.7556790153158541,6.9512716200442695,1.7485683869396729,18.72808222512658,19.377510413385252
6.107510993012501,0.9716173711977856,6.45957992021609,1.4159634106426076,21.842964059993655,19.47238967916133
5.261274572671802,1.9407721197224048,3.4360785578202147,1.7782793181173708,14.44084955785229,12.485268165083802
4.450856210915081,1.3894872069177964,3.602600734166627,0.7491897202035943,14.605994037608799,15.070205350138764
5.380495573187565,4.031507060151631,6.200504796887707,0.91957649299037,16.975774623026325,14.509908107710507
4.614314424849503,1.1890954391551452,3.445912971883641,1.305584242971144,16.229152391104993,13.39390892600364
6.222464474509269,1.038977372757694,7.132642765611803,2.723129589899636,21.41079988009411,17.27655637919044
4.601100470644373,0.3911404840832623,6.782603650074877,1.9132738612579083,13.73574242629315,13.842627447368137
5.484790115959177,0.39334755850101455,6.838304110294914,1.3622630825516535,20.58391577813959,18.24583425014413
4.496969696969697,1.7291067888125844,5.868901100770586,1.4744448172316866,16.865389421557488,10.055377643183645
5.122656216707303,0.4980038468056135,4.465926915591684,1.512333106147476,16.10780896847023,14.324135984515525
4.3603259038549105,0.6902390934342659,6.010574185409247,0.38987605429504113,14.24186383400778,11.645074265742695
5.820372950528803,1.0763791110658403,2.8461943997992907,1.6542788428434263,9.1676378339917,9.547976871765828
4.792312710721199,0.9495706595835478,4.116955083364534,1.7079777687837068,12.88445233509472,12.612799627867947
4.9940850220924835,2.179137774701128,5.463666260651252,2.3766542163115014,22.470710814336414,17.934425254344788
6.805281211255373,1.0283475482792968,6.417193257791553,1.3157439727760893,26.28132494888995,23.14132812840924
4.205200196984461,1.179515786365763,6.252317467555718,1.281773089767135,11.83759365966108,11.656704706001198
4.198760061951746,1.378999543691576,5.2542221229884225,2.0016272924433878,17.442156467377714,13.532670795968277
5.278099193809696,0.9949001662860895,4.266271152504325,0.627296924503886,16.804758714558197,14.68491620742498
5.888520230123546,1.3944688146327857,5.799739184093747,0.7968118306193825,19.543767577484644,16.675943891522873
4.829809447315467,1.044276296082666,3.98235201909993,1.8310621621648095,15.649275343997864,12.060379046445217
4.635097008277807,2.2656572764156717,3.329931923340665,2.4873082220121976,16.930576201236875,14.879381256781391
4.4836817687757,1.1068064317029662,4.348464698549414,1.2265168355768048,12.733438734526386,13.102789611121189
4.785549997487218,0.9993625204636201,3.738462982758249,0.6815410124216617,15.177511265551388,15.598310655652448
5.522950417125689,1.9041075918994161,7.597409546603755,1.130142447805615,20.659612615607855,17.784472753308492
4.337784122131002,1.8650013879128007,3.8087433801363306,2.517336152600291,13.85406367440175,10.16973440481468
6.0816571030044155,1.7297717504143149,6.044033968943226,2.965741761740926,23.0157893655339,19.41149024625637
3.9076534738058886,0.900780657373542,5.9500641693228875,1.3898910961515822,11.90089448260249,7.666408696193889
5.908298938802058,1.3926787223420916,1.382342289588033,1.2125117867758,14.30274594162643,14.913180181392448
5.530692116895391,0.9991908928460442,3.6094468510137037,1.4430703361129693,15.511545188313713,13.065782475415535
4.424436081532704,1.9308424912955682,2.809279577705687,1.523334924258217,10.584105090436395,7.747806998871944
4.517499999999998,1.8382280033330314,3.2805186114368547,0.9653950790667911,18.08773743827929,18.821068980527002
5.4012738989921765,1.5529077402677867,6.908042698113356,1.8479512819284305,22.979545152891525,19.55515958484938
6.241989680659326,2.6751746680678075,5.196252073737504,1.4096287633857423,22.027610285841895,19.89348392400767
5.714777624114089,1.7471898506792158,7.166094496568466,1.3244783739799797,19.33436578469422,13.20692672441703
5.403342361337311,1.0837220431574615,4.652584221831301,0.8763706558332689,17.444035638758542,13.43960095070671
5.786038097062113,2.1879710798752887,5.950514326357189,2.208490508215913,20.944634828028722,16.894723187350458
4.370220741686054,1.0261361550392505,2.9292019750115985,1.0465948776801461,11.795848211078754,10.85508678585644
5.900627416003978,0.8039011766292496,5.673084704094913,1.9055888328958366,20.654637862992185,16.904739185145743
5.488851004403727,1.1445152964492098,5.07887390595084,1.3580783734765305,17.690837394469067,14.112616849801343
3.8970491596057224,1.6820412594342626,5.403552359927813,2.3847604737287735,13.825476863920615,11.791794468221104
5.897239750592049,0.9790185378236524,4.243267622682069,1.5557507215998927,21.242899347775346,20.944294908638412
4.809956208221606,1.036396752518972,7.980026940329609,0.9571050058994548,16.531108600310823,16.389118149256987
5.269628504406579,0.8813650106126316,7.761617250683345,1.6936478999413522,17.895385251750824,21.450535961173877
5.1011166300381205,1.0868887974030452,5.359781079018315,0.08987015338498505,17.913133780677654,11.651664220297578
3.467346950014428,0.9577968689059483,4.62690956235797,2.3778852671939714,14.404882461072676,11.822112945239473
5.7726382842543975,0.6447662699974052,7.379671815445274,1.162552550278366,17.55524415078712,22.276088247846047
3.1855998168611395,0.6246825916010343,4.397761899423543,1.3807576420506724,6.6169412889179196,9.409819940170417
4.864560021761607,0.5036242566119626,2.937378108050098,1.8764087568866676,13.453096342023137,11.757631039589432
5.259763719845402,2.1692498816894785,5.993140692287738,1.8648131815863136,20.2319213095221,17.981275663508058
5.962953977387841,1.9946347588530737,4.998576514994124,2.3886516544275116,19.532589734192527,20.100670124480406
5.374583698614053,1.1106176027639754,9.85636402819114,1.962650329653803,17.715518510853347,13.316816203362995
4.415692748642389,2.1922665846689875,1.4024989734695432,0.782411481400216,17.318057758409214,14.51562391318061
9.34180294575873,1.8661306574105503,9.165697928383452,3.8447829790328747,37.126506484315954,33.78294020077714
3.846513504594024,1.1848952493168123,2.3571238188303254,1.845786943366547,9.048527223126923,11.721380208801113
4.507849976902103,1.473597853217841,2.7754907904301622,1.0171625426478048,14.305533417200255,13.392944167655486
5.205467233189103,1.2404454355109125,3.9313872724519294,2.958324313112417,17.479281926476133,15.934989759578835
3.2264467604560907,1.9185927078253,0.806347944184453,1.4073135559851284,11.15002647734135,5.69209875121825
6.513768552991162,0.7749225044525088,8.316812094301184,1.3235101866906178,25.82139832369885,22.199990373952428
3.3501566198710986,1.6974250044210522,7.477010571526705,1.1992694611841646,12.282836644924958,8.367712921325635
4.859608569168637,1.1963921833916484,2.587429295289686,0.999857374045764,16.536573655810876,13.710283391193881
4.678589493320417,0.39840977215820184,4.45542714927806,1.282951051102858,13.02888300786853,7.568950922398477
5.932840099773111,2.41259189355,8.658919770102505,1.6686881265517626,21.939350962025756,19.49043474939484
5.280626971810055,1.1416854046243223,4.087644206158842,1.0026114046890848,19.794415656079636,20.730976630459693
4.951575008295962,2.126831500506068,5.453655624011629,0.7534384714408044,20.27181797267199,19.24992790195063
5.201135171576226,1.6861445103079835,5.256405537609523,1.6776490225113718,20.919316757868007,16.293717448694863
5.341571500842544,1.4139025159744765,4.540188852009479,1.836312663127508,12.945272646251576,13.236597023400778
4.134748265227153,0.6593028976900711,3.1524746763493603,1.6813714361345027,11.742114280333908,9.849135416513045
3.8815664884015786,0.6541815104328688,1.5195603932789723,0.4812130126890193,11.389191380863114,8.545152735017977
4.704916880951311,0.9733518525566994,3.0082260568325903,1.3813920780820277,16.208434694751613,14.37305844419915
4.753898446494858,0.6852000920600703,4.169063304711379,1.8511263795427753,14.774975268577576,7.943589501098716
5.724125493297356,0.8812118966902491,6.988496137864161,2.7008846922266523,25.493521747694352,22.065604283996763
4.932095162547652,1.3468206241196121,13.941559277144767,1.6911902180776257,18.363002975700397,15.580963073807348
3.9572056637086344,0.9297998455734107,4.421800672396207,1.7917427603105862,10.009010076737505,5.6143678296361
4.624912521937331,2.2460650994446105,9.07285410534474,1.1326383875928263,14.68237236689828,14.158593313282385
6.658313242277814,1.86546513168664,9.926074020945862,0.4544577628910993,22.285639910168804,19.68203458926648
4.626914526898537,0.832654698301778,4.560013942510571,0.5971400753270963,15.207604570901077,12.023355674304545
4.639930012701843,1.6080188384168757,3.102877973185018,0.47612367940830824,15.281256138370045,12.700301924516909
4.554315626169187,1.53916351944763,3.1883744786950543,-0.11888418018166147,17.97794917008954,14.640231669004075
4.108392123271805,0.3847930421006933,5.626897538053979,1.1341276095323993,11.80404222178358,10.373854584607457
5.5691684253755875,1.8135979660408672,4.1110315289392485,1.9772930117107426,22.164133843483967,20.359087323443248
4.447462375795633,0.28490969039812175,4.2985288191081565,0.9237325838059365,10.699012916670533,10.495582573189877
5.833698473609353,1.8957592564920391,5.125991285935735,1.284929180598579,17.16857191919803,17.561961572563618
3.952073113186059,1.1380998225460808,5.641245306665157,0.9524172942700062,13.406373367732776,10.8239335256469
4.813374160745978,1.8967692722582414,3.8976860008463645,1.3762884104902082,24.882159865029394,16.762028626552834
4.292941307631572,2.2456018823826476,5.0409529132287645,1.975017325260106,11.153382399761139,13.379522657109364
5.518893784606642,1.0553938688105517,8.980458738438864,1.4258345774973178,19.242688481797472,16.284292770308376
4.362702093440117,1.0335849876606955,4.447982008366063,0.8431106967024681,14.330663104996372,13.074918186479547
4.946656030926027,1.6566835924878338,4.079921260760926,1.430194714520442,19.675583426891276,16.974245056440555
4.518241637562954,1.272492684122362,8.062392063611558,1.7112266572545238,12.550714803332513,17.929114953243545
5.778908552489736,1.9969629862856786,5.818950087247832,1.2955957981123283,19.525193705725304,16.990638070437058
4.301109246782094,1.6770253576540912,0.9166426891347665,1.9735934660643737,13.368856169186921,13.469810531450712
5.028464417445431,1.0432805999499184,7.574457438957293,1.2029383907779354,15.694519462840393,14.982280092121774
5.979262887976494,0.9118223888094351,7.082039397467073,1.2584187185439335,16.751341502707724,21.896772835882082
5.29283656489815,1.1062568025855477,4.097228220343023,1.2866775283319574,18.538132472154476,18.773819318787694
4.640542131283203,0.9551147702833551,5.137881836159561,2.974341630329607,10.086666224074087,9.020481759311444
5.023478839680831,1.7069730642607386,3.870867651018505,2.3707144872890646,15.741465285272906,17.246580199550348
4.986044058029116,1.0188887702600684,4.385234202819201,2.1553877578934375,17.445140604576284,11.002922070530873
4.6914282238333636,0.8671813395856369,6.4742974021745505,2.066117752139935,15.709207184063256,14.958806263522433
5.475000000000002,1.3694653732743223,6.130379092093079,1.8361020767897331,18.0243938678217,17.904401164382335
5.026278661433812,2.1256832240676253,4.054816272964177,2.4141993361085214,17.08416938755149,15.237872491883989
5.922931092588407,2.2731084472261163,6.690363684589858,1.9633045080488245,23.67535405808117,18.16327738328111
5.3827353778958535,1.386625416832624,8.461653905400812,1.0516647641173205,18.867467556094503,20.388004701449162
4.713389030769425,2.1233021468943774,3.0494088296667727,0.5997776982710135,21.96088354849464,15.305923720724303
3.811209203206335,0.8406663521196457,5.857465695804471,1.3335121856246694,10.082838912826231,9.311773084622912
5.232937098542763,1.4160007393782406,6.193486326655564,1.8312960582765847,16.10625168485068,16.997626031345817
4.557493631121035,1.0396812975470962,4.028019447824134,1.908470576355549,12.275052140579536,13.349534005727232
5.716507831949331,1.1455658515164542,5.0248231896662165,1.1888418592618715,24.373597132249262,19.864471765419864
5.236650187781514,0.7062588048598601,4.10534750008511,1.3051287823074158,16.14010522059829,13.485867096529992
3.9541033504054273,1.462499017867319,6.8089995887888755,1.2058362424302376,12.134978521419047,10.629532047866173
5.654987006225367,1.8861578118698359,2.879407350386577,2.1342156703084827,24.51551208451856,21.083769775436508
5.451436558586456,1.0522741843198347,3.628323039124518,1.2478506273509415,19.880663723950327,16.73063110471292
4.67204121747274,2.3161174235058466,7.049436561763565,3.1800156442677574,20.607223684947584,18.056709738180636
5.767991435679321,1.6340032168961867,3.826616575950788,3.4340304719854204,15.777466835057922,20.159978634742966
5.476610169672123,1.2038639640702695,8.654402642109515,1.5709381876125574,20.462569706204167,15.21389063889152
5.897115084539477,2.0378517880018086,5.74040829290163,1.894017215137972,16.697028661416347,16.16758424365467
4.43772551145236,1.0697631543816581,6.771738751238723,2.3153360675143424,14.74242725620116,15.477902473274753
5.375571057841636,1.6685768546705506,5.034758583148708,2.0349203247111407,17.544516622947192,13.304998651701696
4.858698513212264,0.6019709341900713,2.8886740553966646,2.0057294538921986,15.33269950125521,10.810522652313615
4.147395027930922,1.043018027744398,3.3025471560528503,2.0417635463045682,15.286652134131161,14.029461981732236
4.399997790701398,0.87524,3.7657746848243745,1.8919061674255069,11.254084358010749,10.99294069629623
5.447134337702087,0.888956282097645,7.645097185974924,1.5238827009993945,18.310360615698286,14.311411925781382
5.908059342421813,1.0199895462560562,5.310763089749834,0.7813433008506078,17.323690619334165,20.934490425765905
6.785448138498729,1.0609005755416587,5.226566951894842,1.3589095088615994,19.67153088883616,19.32304591936429
4.263144185327771,1.6754876304103392,2.9970698191305503,1.6638000086864482,10.060338646435286,6.934633060966755
4.426124912206689,1.430673260957541,2.927982200252456,1.1065276986553028,6.726194884499811,10.553486344078353
5.193146019275669,1.8111778690381986,4.625424042810383,2.7397664243942703,16.3780573179362,14.147502076874025
3.8410445884257456,0.8068947718700005,2.5094626030534686,0.7184966367956889,9.761571744957159,8.920013915692099
3.6762183778008892,2.191151179852521,5.668354601475865,1.7767220458214885,11.015182640910709,7.933778128875809
4.87455904021471,1.421647273129831,5.264346459842021,0.8883070029973565,15.6682080929696,16.21897701879027
3.841395559466056,2.028830115563764,6.769757445963305,1.065439841492589,11.937981038543635,11.807322022368044
4.252731632796322,1.371193483883249,3.81377329956521,1.531813574210446,10.994708159222311,10.550046511679946
4.098692915960293,0.9990341338166773,3.3015664273405507,1.3025197798057488,16.164122251929825,10.601523147127095
5.122793763785706,0.5774114127149479,4.656861425703113,1.4409871028984687,15.204781300191462,13.751019666775168
4.090659827773887,0.9564487334834555,5.832451173895004,1.1940588411241375,11.331369674998783,11.586906888670748
4.979759449994818,1.2429385327657734,4.147793048193343,1.3470636863991907,14.026233420153272,16.274248902886264
5.307408833662313,1.3614287305669421,4.30640562031194,1.5525694586876095,12.82898,12.435442080110922
6.155207569934546,1.9489881654535883,10.874519926759334,1.528045285611271,21.827188368352527,24.467164669523854
5.617296561774229,1.384726135868949,4.990345730843297,2.2646338935846773,21.69137506195727,23.295038763718814
4.522198636140331,0.9266943130661899,4.975508502631881,1.3749205080510858,12.8002465610497,12.96988258210833
4.887300190198487,0.6070361156644598,1.1607205464973624,1.661713485439835,10.66964330613323,12.798446748677673
4.675553576541973,0.7582381896645358,3.4507661090984576,0.980495710232286,9.838373465292271,11.20767678507342
4.132096876384963,1.187768036520457,3.4333000845756247,1.4790543301045513,8.341700433648871,12.027681326455712
4.6596989319093725,1.7676974001830126,3.2416013594957738,1.864617209411805,13.986605442776375,14.13264604256529
5.086933379757631,1.4234578345895683,3.629010433500108,1.250833847224264,19.26782840728308,14.392613726199754
4.155244266011137,0.37174863462938357,4.324623336471783,2.075159555285042,10.275347958295896,10.01707895274286
5.133342152011524,2.3941772904086887,4.893898473616061,2.014248366152601,22.497825073661602,18.70350024114065
5.531077140171299,1.3935368123532021,5.013485801156748,2.2070548536530716,18.702736539861544,14.501080111109623
4.5295071404972465,2.2909600916923742,7.327126983910754,2.0456573358594983,16.05666224458424,13.611373924521123
4.734376278407359,0.5311009046466124,7.298470179714798,1.2995969627377908,12.997691570582555,11.656031116337624
4.751408355731947,0.7980219407151555,2.5906227931043255,0.7961874979850535,11.874132121602232,11.879393727599112
4.088715712944138,1.005311778589811,4.329503245402246,2.9109893562401394,13.69632968761683,11.727932191797679
4.74559597544661,1.1194503396365767,5.245324685046475,1.4065942989102822,14.619825261474189,14.385981814380314
5.306214239821531,1.4506321983963075,5.455372841847561,0.7772351232766499,17.411379033292988,15.960519997902962
4.753653450058801,1.2089306133344957,4.361638014485773,2.941902774499479,16.81450357848402,14.238942863523254
4.6131741993275295,0.7352768274880851,3.76938732067657,1.3551021448812206,7.330338251743608,10.644517578351543
5.789412406495486,2.685205537971857,5.452214472562371,2.3443165330657973,23.232996658686844,21.54335387755725
4.671126610523878,1.60680937544508,5.740898434528347,1.6194330562753017,10.311076365674012,13.814091440741542
4.192355238311533,0.8000635543209442,3.724331988085572,1.4625649314736815,15.77451814999343,13.068981258496505
4.371331979492096,1.4716147048629378,5.146761685219621,2.835495399827332,14.763843504704706,11.672863698440535
6.427082270410009,1.7798313168515134,9.699581759187788,0.7088126057640836,17.682065928362057,19.3946592835571
2.9628660460483656,1.4107040847703873,5.090443587436499,0.9706756048092124,17.19376243488128,12.95075865924432
5.971980848202462,1.1099623192959356,7.754018898959697,1.652552392201085,17.95244408771699,16.730557151271448
4.179023762658675,1.190469843389506,4.543084581679182,1.546361843153297,13.248363716118671,10.78528721315951
4.499414794204741,1.6552794747262018,5.150595754205519,1.2265168355768048,13.419440806559763,13.138337648002523
5.7785765707059245,1.0213099206885419,6.477261739222325,0.6916829329567034,19.653641652472416,21.329290649388337
5.1076809887340335,1.6665308359881503,4.40754311397248,0.8200880282641789,19.167208506995394,20.57183161942202
4.962876033737702,2.0689600541185698,3.282642395193417,2.20529042711367,13.83782352950931,14.018424702164268
4.950141814765255,0.9925287486941927,3.4991413439421812,1.1655369410453156,17.02911423023544,14.34407536819457
5.134627328732906,1.2026211956926813,6.285166174502229,1.0396255818180464,17.850199132080334,13.845368636691239
4.507716385065481,1.3089354158404118,5.844150276770176,0.6793243602585409,15.484983540875692,13.707107730523704
5.011175504249903,0.8112181328248589,7.996726062531563,0.8290443778985235,19.117255088347786,16.175492811394925
5.194875382780465,1.450786543754894,6.659665647598837,1.623660509619617,18.39033756321374,15.241501650816422
4.279434113814808,2.444226909314302,4.705397244113995,1.8716448737734004,10.309424898752187,8.60996486176035
5.899056143820013,1.0509671514924324,8.564128645879055,1.2544222185049767,22.3580840146016,15.240141478704256
4.671043353146878,1.8022755301281501,3.5201618194254354,1.9825959872702847,15.19373226236354,13.316111604187576
4.6207430030450425,1.00907990110308,3.0911716026437683,1.8057893379713899,16.907582054463646,14.658455783793412
5.389529043283197,0.786325398041923,3.818563546078873,0.633248308261652,18.547243121419825,16.23196191000602
5.892419098551124,1.5048157039563703,3.8333650358580624,0.6793972948188395,20.579012657928416,14.48526619834211
4.839366969174983,0.3514027706995475,4.3441276179714725,1.445556218328271,11.168692493642988,12.675506304651817
5.096200260034986,0.8491705563773195,6.089805387840042,1.8707944210619551,6.468884061277377,15.127976568259472
5.729910747978295,2.0727028116319826,5.733227636957638,1.7038437546021887,19.9257417778093,17.20013196623276
5.676092512662845,1.5427904728472157,4.850756415487433,1.2880777971166082,19.355809342014748,14.088323275441407
4.348030399581396,0.7033579846241417,2.562329919222944,1.2576546320036182,15.967632458505236,11.684411342105609
4.401467810559852,1.2056576117992353,6.340035503560605,2.282092592719132,11.301640472177723,19.417109975592254
5.771919946931051,1.9369194296276024,4.507799537914723,1.774326563919345,21.09651777605908,18.013674667532882
3.5399380037849997,0.9909765667652035,2.259116326090608,1.3894685987638324,10.684690025057918,14.39442291739587
4.519160792080438,1.3787324235164986,7.993541220683769,1.621674447695685,15.314427956402136,17.827818690309215
4.130197911189612,1.194168628008402,7.174481878120419,1.6000558341078277,11.477058328596096,14.206069303039353
3.9467570754081134,1.1908027710202433,4.526601592607278,2.5959764405098387,18.00586897345533,16.250013083116322
5.692000932876935,1.4902789099574703,4.756932682558993,1.5961970925295956,18.427343219119756,17.369019059037747
5.240442536201503,0.9677458370806424,3.833936369171985,0.60016499928383,16.440775851506146,15.430014456742196
4.486382533103263,0.9927799127346331,3.710538322126466,0.6129823852976541,16.44429121846469,12.80969717685576
4.173239360943313,1.3714453843531778,5.61564751295661,1.506374090541135,12.814920507684652,11.55300654394849
6.006862223503955,2.3647631390817514,8.058104077330086,1.5836379020739522,22.962234914216303,19.916007035130043
3.9144024106109043,1.0270403881663714,4.949703577347224,1.284130908499958,14.361579884836297,11.442010924612363
6.180131356596883,1.3807348945960851,4.315302839725027,1.8660869846783381,20.96830450452728,17.695513130228882
5.442640514678679,2.6821028875283637,6.3116001482058115,2.304557276038375,22.092460668636242,22.22486849005113
4.183334162638454,1.7107697005827096,7.7085867223168245,1.947704863581993,12.592151042955415,7.519948392302931
4.123843866862634,0.9037117166430764,7.584938092873065,1.6360222522510433,11.056933369898875,12.837349555183724
3.934223188896654,0.5959000453745135,4.493161865080388,1.8056341958941051,17.506643495573027,12.340030576639082
4.851967520463673,1.1082842891871594,5.784625261984528,1.2365021651656751,18.129373895502518,16.848761376966888
4.59945170502965,0.5568310027519114,7.0893780427982795,1.1424728325128657,12.827088016048126,12.262577383498677
5.292038739813159,1.5236273992616354,6.15680086386668,0.7575557842446392,18.514869562960527,18.76199562748262
4.485229721867732,0.5491388651076208,3.952330658525873,1.6273275726016199,12.334804099003113,10.863931430996542
3.6329894442040507,0.8981733595807533,1.661837007858876,1.0767820486119675,11.485747692134014,11.121116250402599
4.295613487245913,0.6302203375489857,2.6964704278907594,1.4888139555978555,8.714974364824133,12.963987731997378
5.039806256350038,1.3117538763443015,7.06357343078345,1.6302269045135223,18.149624782938453,16.773268775724762
4.9291976803571345,1.3546303684951608,5.408462037173063,1.2953305162911386,17.369376335583063,13.336552564474731
5.860852538510571,1.6303811831574775,4.738917264056507,2.465349028508986,20.398757862539185,16.9696463246783
4.965334965536716,1.8938541469154828,4.183661792518976,1.0069598184749113,17.469801647013547,18.1473341457256
5.251425311682742,1.3726643182043876,4.470568135877254,2.2138526048393166,16.15446394772376,17.21260289739678
5.835148306454366,1.2293568858823762,5.611436880123877,2.141310757129333,15.580352515838808,17.397953519135477
4.580415932795615,0.5893469195863839,4.407573281887761,0.09665562272577222,17.013080051309693,16.11788778155404
5.318989712583656,1.3317539806001395,8.318747128413012,0.7289697419074396,17.166160079260877,21.261107350402945
5.1231889133627,1.1004731394454539,4.650567628558313,1.9339206582088777,13.48917027945334,18.113393986510584
5.7498159645756175,1.840696851051061,3.634764356915152,1.696659418635544,17.897660789055195,19.100218772701258
5.165983140382054,1.8188153603687462,6.464016086305903,2.5908180165981602,16.71092995441895,15.5954060674608
6.107175449896938,1.9745692002729964,5.1956693498141115,1.4493481103701655,18.681376971451648,17.950192355133375
4.585422180652667,0.9580389643689609,8.936590364298517,0.990243112784617,18.770631334047714,11.586127868399517
5.68347247565625,0.7401428822219482,5.787526192414851,3.0606533561787583,22.90578888801241,24.804993194188256
4.344872819595871,2.0144367176356432,7.933500585874917,2.0214144961565967,16.990317887537092,13.736450707754905
3.717876774928826,1.2727272892880828,4.3493081792762425,2.0507674980428874,11.148511103514709,8.485580566043478
5.551073053127954,2.0495897552345683,4.849416415663852,1.3161364799859063,17.919017693852247,12.897999074585282
5.935727990664689,1.854247843699607,2.5485081615208003,0.8808483441832344,16.973997283720504,19.533107345496127
4.510416242599536,0.9912239812757107,4.071704227195054,2.268364775421995,22.87854245651008,20.72790002117553
4.438356759111692,1.9432015103763076,8.836217895702054,1.0146092993614098,10.38597635405093,9.91491718521972
5.756177615882033,1.4614730023454552,6.502527358720262,2.101150000426693,20.742800178327045,17.435233972486955
4.405610840119189,1.7292451134389197,5.569513488551996,1.6010049202136718,14.520576567848693,14.729515361162337
4.06160870315642,1.095095120909643,1.8248424491188482,0.23476782957974462,17.296989729123585,14.517982041044323
4.83899592253771,1.0298765419557931,3.98651790701744,1.9037769349088092,11.499584768859634,11.587309444037192
5.070506383438058,1.7976191825012928,4.155609351706746,1.5400754285214355,19.54471508619385,14.953915088253476
5.0350186589561,0.8415793228734547,4.767515145832985,1.4423965752639236,8.758802068969034,13.893932542886896
4.686643451418782,0.33296861949874834,2.1590310320274697,0.23435067099539153,7.962277551181501,9.229270614444754
4.452994843186865,0.8634920154655028,1.8387012662253852,1.548637504055286,15.731413390084093,13.787037857406602
5.436447963236221,1.1037200466936943,3.4351945798558305,1.322515315236736,19.065981068023106,17.03717817436265
4.755683275671228,0.5811856328597987,7.530421365196822,1.5322496199469435,18.239531301521613,13.68953625851087
5.831410715598599,1.39879048906017,5.207373530276653,2.1075022653028688,15.618071166266459,18.664122580140766
3.8955370930524404,0.9668769140256644,1.8156548960473984,1.7778067800453483,12.675633995931618,10.667994083533145
5.576841786956492,1.343110036837261,5.332874381495168,0.9797810748200898,21.915557288655226,16.722833813699786
3.537603530477285,0.8933537365596212,3.3491801122369735,1.188909161919138,11.9569061261739,11.076225882875606
5.840125079287158,1.3692284037090077,6.106916026637752,1.516376819077819,19.480028246323474,17.241312548494584
4.516785210474691,1.0805319745276245,5.303872911668059,1.9970560013601821,13.824083577735465,7.608818156452874
4.555633660061372,0.5228083566686709,0.9967625782888954,1.4405213148539815,13.34209660514433,11.417122247942912
3.9578387150351144,1.2100569066988718,4.394244162676966,0.8561804471438774,16.238201940310297,15.606499443581123
4.760950520377342,1.3806084536268068,5.06688558549604,1.8316291030282936,19.8291899975723,17.723001857931678
5.207845334223501,0.5234307956740557,8.926945423929004,1.6694808407547548,18.56481690900732,17.868212703685153
5.391322570079245,2.5055829636503777,5.352190255783608,1.991435562024133,17.628783496667932,19.41696430635332
6.690963174152048,1.286595449736945,8.182077583083716,1.4772329141094624,24.46133429717657,19.1106002781965
4.202564212431309,0.826719925766359,4.33914084196702,2.84075410610364,14.23923257273744,17.356728489916897
4.3621052631578925,0.7380997521504857,1.2233820209416733,1.1420682850637847,7.6208681706119865,7.781822585363901
4.536302570339767,1.2721002885215769,9.398039429860493,1.4798819941432424,14.97128692677885,12.450583792293461
4.42746304085156,1.3947890337724145,0.5261365378213498,1.1560114277803943,14.080700242088517,13.73459992340522
4.015131319259312,0.6949682590230755,4.271797694963988,1.1976482304630698,13.886012044760857,10.384135669135947
4.455069314240802,1.8545939299664536,2.9487737184042877,1.4050977427044615,6.892864051604953,9.426093443825447
5.342306569895679,1.440076268083581,3.2245777203761135,1.6276036351790657,13.344756310397775,13.11257496959319
4.167725592194959,1.9273930794516232,2.4361027708669964,0.41500630588709764,20.253502139428097,16.489456966557952
4.802102934929853,1.4600918576911401,3.6544106482206544,1.834020979577669,13.10925418874401,13.261391698097675
5.292208665196289,0.8977939176831763,8.068674030155144,1.89063397763253,11.578990939227603,13.818648411005737
4.20157220205327,0.9974813881524506,2.7088299474428297,0.9691478012489394,10.657309464719498,8.890293288998727
5.223667725731769,1.6286651424114607,10.220497600705764,1.5938125004479526,22.604025333439566,17.923609719276918
3.6306515560853527,0.9303748555155551,2.712129183368157,1.3707884390581104,13.344794808622341,11.298260291715273
4.89039099490972,1.3968927531374142,5.643646569924781,1.084527649857517,18.1090134034687,19.930022033374268
3.9412412091199713,0.5905029534181021,5.575048247672424,0.7682388675252914,9.822819654546105,9.17818013743795
5.5421177654824545,1.9075689136102878,6.689668887577815,1.305605232010897,20.406375357027095,14.1261379298915
4.345912058488683,0.9367563826464498,4.41985,1.673643486978926,10.344683876217275,13.770438328492885
5.821309974792056,1.6808161897761338,5.422587962745024,2.173361640469093,24.975465366017175,16.414886444415323
3.760549465342069,0.6265279293702533,4.141554946747311,1.2641186321855398,12.438238978871693,11.273226910977359
4.208011390720596,1.714791543690354,5.323670052479864,0.7047675203345519,13.114165062523009,14.635859495530381
4.984203378457641,1.7206718670196752,4.666066048588214,1.7336628276991353,18.388663764114458,22.48149739985812
6.323754955584703,1.068163364368166,11.121253568222494,0.3996649773491391,33.063782906832586,26.6327712709555
4.361006126119092,2.0596743235728425,6.5271053651855215,2.262845864236439,12.77905690645418,11.441892533359118
3.9038120283046505,0.8454804035658274,3.2903563638244515,1.1567231806719207,12.618349910824675,10.913436388466566
6.996976412374953,1.0827905891130705,7.716302336173463,1.38484532579986,25.11158388310272,22.850704764416186
3.9500100379710728,1.914000482484158,4.987506699099229,1.8457442328965743,15.597034318333025,17.181505272009197
4.96535748145815,2.0030520634900197,5.344538928195283,2.0024264357612096,16.611462658206918,16.555460730638174
7.973549881668132,2.444139075990778,8.439530199607168,3.727766474056642,35.6742839583646,31.556098012237257
4.828032029622996,0.5259278898215252,4.309109538061194,0.6002800671497449,14.341490909606362,14.57874630868393
4.476355919887515,0.6987775145411208,3.2313180897030787,1.2378337157206476,8.462408840297819,10.653359838494852
6.996731139099316,1.1517600748205112,9.318056433466474,1.5605166223768863,20.148338843203014,19.77875466958745
6.235617708745194,2.2234154597532174,8.23303857453103,1.20905015738246,27.210180295407078,25.963237671246947
3.714905183574791,1.324312021302274,4.23799504984034,1.9045422836646682,15.771074543160905,12.840989789083842
5.841389357965878,1.3994672281555909,6.387960660092038,2.9941370286521236,17.990729881469356,16.88821973651627
5.71205003649122,0.6231854700352122,4.9920909074436945,1.3172326134472552,18.43198110565931,18.302651908087952
5.425634134792784,1.2711431134959434,6.72624311851837,2.227137257316902,11.84155349266448,13.945665701427385
5.071646820298106,2.2494375873960886,2.0853804584887294,0.8440793395334008,13.431704945400112,13.72397380717058
4.170694633286349,0.07819576998643685,8.015874373759948,1.609344162451225,8.501821183596213,12.054254733342889
4.691609625494963,1.348529091985618,5.034370371379298,1.9358780284191026,10.330963215543257,9.617002382705662
4.881099066419229,1.3193446857737572,5.681752349402986,1.3661573997311227,16.691037908280453,13.487881468873603
4.8325643636092925,2.0472410709813844,4.156473372861533,1.9715761937404066,14.158470496155843,11.691040057546575
4.121633386639632,0.9439549060179843,2.925202707946051,0.9385517149157541,10.099237006769984,12.190694286567624
4.427544379363346,1.5166052714053533,4.499464741857433,2.967369965847687,15.259738516593375,12.671389612739226
5.270061778800779,1.0425743057907293,6.1678296839767475,1.235791600719046,18.198144608793097,19.212840056796306
3.9303496285209416,0.7656937308763743,6.628497106033364,1.1268465048664027,12.402480128103727,10.747798345701852
4.429903508171089,0.8390805817895783,2.6429366339363667,1.2677191419179938,10.20159013848475,9.977835874331765
4.67683000425002,0.453455591196278,3.291064891873727,0.5403555813703502,14.806876120615552,8.451750865993146
5.848835873094985,1.6092041845485985,7.435378816984676,0.6306186225743076,22.02933200739823,17.665186773413748
4.344991017002925,1.432877135638777,8.373293761017907,2.1889759528367088,19.54518992218884,16.93448570284678
4.341285833882247,0.815558933943084,4.2412261774951485,3.2987943294188753,9.490934912967298,10.01014634089997
6.178483105528755,1.39528333019446,6.837520134125189,1.232342355466229,23.79223394023041,21.550746685063714
4.280392614266652,1.0228637984816769,2.8097791353612918,1.5774866921456796,16.369930821634153,13.56929468408413
4.534687785844159,2.3243457157222043,6.212818633508233,1.9160744881110703,10.391439082356687,7.615188319245422
5.387895280547635,1.1408202252601634,4.979135407942965,2.9544080106266533,14.351992979382329,12.349773837029911
4.349921372311874,0.9600219261662382,8.129356121328273,1.4161517535059316,15.58323855409849,16.298496047938848
4.32861474010452,0.9659002649083189,7.1251600860840645,1.7202917917629394,14.910430872213478,14.172715432457753
3.971202531261401,1.5148800034250005,4.720056192595623,1.1819436633076417,13.963582055275747,8.859661183907896
4.521722150350244,0.4636118884875574,4.507702189639287,1.6170175690291668,16.42433134367905,21.167833842678604
5.751600473573439,0.645312963182399,8.060531725994103,0.7672956136897563,26.48877272962957,22.109285453010493
5.825356576389336,0.7912670937646187,2.172004070702647,1.27261658625422,22.896609825862274,16.274567415298083
5.348080559801202,1.526962930384325,5.632405855167814,2.162040035981823,19.335024250925976,16.019930309172103
4.9544406189973795,1.6782549016252393,4.937905264360696,1.378657677276149,16.91199089626984,14.922042601846174
3.8116309026121824,0.4714275339228796,3.5162001302126207,1.2807462946065757,12.593292613244053,10.059682636925297
4.646039078342595,1.3303126428654237,3.4629878888192964,1.189131040981601,9.689593026953341,8.281267900285918
4.6499306732270504,1.757591446488441,5.149144748453754,1.0557795054130588,15.455144226701226,13.84229470509513
4.450856210915081,0.9016971616453773,4.982087269062381,0.9001992078158967,15.760910756693875,16.601109128123145
4.937437632641532,0.3359128923860841,6.595092151062766,0.6880740007164838,14.167315937235545,15.313555952549434
5.777462875442106,2.004196782545302,6.59537772752944,2.4308520691889326,19.389692425099742,17.294076822510164
5.447770764041871,1.7963084067950987,7.44206791014791,2.362923396447721,15.64710889634228,14.248445769981451
5.780303889666263,1.7687285393561802,7.837677289544702,2.638461404044558,22.97945420135096,21.862895440215894
4.655368238665915,0.8010492902484783,4.575196494006804,1.286580878374173,12.310493642357802,11.352948325616563
4.579307093435543,1.3887023600517834,4.528775860696539,2.4647525480296966,10.587924843174742,10.849612691201921
5.226864471609615,0.6202620526645779,3.6266837288364604,0.8202193289570944,14.928448902546334,12.733989411834251
4.859232339082975,2.033154486258689,7.965512898888145,1.2685481480662626,14.848807879352192,9.291017548038829
4.640894394539396,0.8594456154284102,4.147382655974607,2.255815475583674,11.236543789729684,11.541272442725132
4.294276778554406,1.4123110416772977,2.5351580106063003,0.6674980438327002,16.612817200048365,15.170632541405496
4.368796752265369,2.0932980426146637,4.559808702939516,1.4750344199131589,15.125507137218053,12.294518640184569
4.760589785444257,1.8786899846204934,9.934448505149746,1.9191854097128662,12.27046958997579,10.686475696912227
5.981762728852089,0.8968369331832479,7.640740848244008,1.4304292266123295,24.23041067380767,19.83591245810431
5.798991090204643,1.939758000966856,4.852208764034314,1.8035282221244822,16.879517707946142,17.56497465653036
5.995271268304066,1.8223235631861883,6.381343135803209,2.0351349712582216,17.581990924681396,18.232270105719486
4.055997330399714,1.6022221268489716,4.582072843272979,1.783548760728692,11.662485789198447,7.853982270982577
4.938330088698781,1.564993723787271,9.408338924359738,0.9025735608100444,16.741823178417246,21.05117367191793
4.065720279640028,0.7595809512033255,3.967524455883425,2.06289866958901,10.119169277076406,8.591840084344728
5.879150598874878,1.0209430239514656,6.796373392530274,1.3508178036181542,18.23986381513244,18.350403542861475
4.343904843951789,2.083902074760784,1.3640180316975665,1.8323786622907767,10.567311080803512,16.420725161193793
4.531636135876335,1.185234704349283,2.5048739623848197,2.8885286484497392,14.636337219250253,13.642836815079168
3.555461632397039,0.22958659872306664,3.3940710722068,0.5427581196506549,10.167236822061449,11.914048567261432
4.212626538270839,1.6135024348063982,6.288260988105384,1.2954356771617273,16.878184338839404,13.268645551831822
4.2324953615209955,1.4738321852003784,7.327294333332442,2.1480932198640854,13.988044684564692,11.52134119878907
3.146426890812531,1.508367465802112,5.17688343398464,1.5193609922128788,8.379312487654564,9.217038238270732
5.709490676203314,1.4862839502798517,4.837983716782855,2.2355301686565534,23.711229114292905,21.472397533185166
3.860944589126311,2.4560288246810886,6.303756025164961,1.8500371531378714,11.327664341656746,8.45135341482712
4.145949666278552,0.6521843171391044,3.8497801384720365,2.285436326091247,10.95017914219555,13.5549187015773
5.084124950864703,1.6649649657678083,5.003332930365872,1.1214483700258469,21.095255384408322,20.434720357464386
4.349421221896857,0.6954329303490872,8.921630671765811,1.4689454413323726,13.404871101297283,12.278115662410459
5.452391524134721,1.6920888001327241,6.089048258836569,2.218503413734707,18.612392410522755,12.792732376322553
5.183571634609317,1.001694033741644,6.110844861857013,1.4856907052090929,16.94866777205141,16.103168196761857
5.858539036452643,1.1325736297343707,7.710224665902569,1.3153378984521016,24.847512479959644,23.005389791120578
4.7771163714524,1.7876071684887658,6.198767999433999,1.986543303964235,16.784464465691457,16.522137590991356
3.661278522899694,0.7203259813908621,4.790857924935409,1.5611171524779954,12.371284372063542,11.543725431003208
4.1736499824403515,1.1774291323464547,6.158213785505692,1.1791992407467098,11.626278156287077,9.828358337958687
5.053401763264521,1.3114496399191626,5.449480158505803,1.8864114239637286,16.94119482049838,19.12533123097974
6.00874366527645,1.7200336350038834,7.218714349782668,1.2031960007983336,18.33613429001091,14.835668448916522
5.300000000000002,1.1334139195606814,4.15459063223574,2.6892264535678954,18.982814898167863,12.660440179096152
4.172216569272793,2.0798387402703815,6.882765215798086,1.8207032918722017,14.21397650728119,12.463939083047222
4.2787224185288215,1.5660436866162577,4.1021329995743745,1.6584528620691201,9.993818673448061,12.692499774287109
5.743254965800335,1.4656383690025023,6.153570888221348,1.8715501872977687,19.343728744627896,18.52861860815748
4.0529466494286135,1.361277227457838,5.617328406931343,1.8135692706414321,9.567943400117459,12.803782998846268
4.675239091383955,1.186745833814254,9.905028511291844,2.430988599194679,11.90670798979287,14.052195900952611
4.016744589029884,1.424249715418578,1.3559973709787045,1.7906680321599269,16.455803882302284,11.062130957650863
4.909963783580752,1.7985227658902665,6.967375535623663,0.5620339872053266,18.71712544459213,16.132079317263546
4.697452334248629,1.1509020520426694,5.5194433773301075,1.3568017975866944,16.98946769696281,14.759012817816817
5.796136222709135,1.586702521290375,5.912394349903959,2.9975960528237064,20.455680440744707,18.576830022626666
4.772570162842762,1.1917513253085876,4.397477486895478,0.9588291022956449,14.232057828855101,16.264981483042163
6.901408891090744,1.0589755906396643,5.167495644697038,1.4584714495974143,20.226623778077638,16.370456929317363
3.360426042297725,0.8764554270122253,2.638065529184388,1.3548979057073325,13.874411356805043,10.036895592423747
3.844412738988349,0.4212508102202409,0.3936721223308002,0.6294467699814656,12.195121758195846,10.889170193854858
4.890882944290277,0.9319349466974686,4.7717588613299124,1.41236121550492,13.205707093056777,13.801173992090392
4.585083160321265,1.3574732420738795,5.6802616944907385,2.259695183443985,16.9321653432881,16.18997330186838
4.373693742724202,1.4865237554210604,4.6582681045770755,1.0524454924804116,15.874780520594829,15.183093852606584
4.6163752547265435,1.1517240695392443,4.221924382665515,2.5690914040022603,11.71567101712769,12.787075415683546
4.656056807165176,-0.16880296995677968,5.406904630378428,1.3208799256233854,12.505284314568575,13.394852717459736
5.042979686450444,1.719549116880905,5.515570584234476,2.495234690532455,11.415154969166538,6.974276435601686
4.606880354401986,0.5864410531271563,3.7263208032628277,1.5189996952597542,11.843973399096962,15.706004744526634
5.114130834418585,0.9457020091106146,7.97335006568758,2.095415087303122,18.995046484390762,18.65256187468453
4.884734099519612,1.4277115134715437,2.934154287663611,1.7388311909687253,16.134498568178174,11.272314460440924
4.739451465526537,1.3558580760015257,5.783330418703953,0.510300698188111,19.5729721180616,20.39034687717807
5.878533966377132,1.4414806027073384,6.950252392880952,1.2189301198139255,19.015250952058842,15.874932628490093
5.624926091272991,1.1093058922523726,6.674776436353911,2.440386874398402,19.463896150806278,12.207267078694745
5.221648678039379,1.02680526511767,3.671889912780312,1.3422973816572834,12.807247782529252,13.390416672875116
5.828220470833142,1.5291630366050657,7.1492992854967445,1.9812633782058007,18.201699032720622,16.072292318287424
6.617918659593356,0.5646886039477605,5.8879694733642545,0.43669775298541613,18.66729235145485,17.39684357483894
5.1324662162162165,1.2889280823277383,1.6582378688724506,1.4533211912132222,11.661346285757974,13.498540224658942
3.910172185588288,1.1305480993072414,1.5516865874857064,1.133238873460299,10.371973629668123,9.94716340641952
4.737349121343646,3.1494060846822096,3.804376320890134,3.393843047510741,13.000288481340721,11.500853622885684
5.3885391689952655,1.4003975252310688,3.2092382920801894,1.2130755018689303,17.55309884016651,14.86452721693222
4.305621245244467,1.512073353862688,2.038492069119935,2.3446147179803623,14.728894711142118,13.121527183430322
5.044276740926541,1.5637369239039143,8.828123844773462,0.3165813935801476,21.059264929522204,23.087721838492904
4.363521483398445,0.5775269522250086,8.073754970568057,0.3719701607625622,18.650103609639114,12.070442579156198
3.7666508204294606,1.3472948293526605,4.2299364216609385,1.4013506862800242,12.308395107555382,12.72201131997138
6.200473937024756,0.9616079643087332,7.8034820487470435,1.4650757261865586,24.446479502249183,21.187950086631623
4.382738448347623,1.1569108591679764,3.990668825799453,1.0691011330678744,15.708553121450876,13.604990149000695
4.98311190686398,1.2431206298083566,3.597710621828468,1.910135048851069,17.114274627869932,15.591355057393148
5.024605494195443,1.0921404810490953,7.583298317079139,1.0833647624390925,11.611964780536209,11.74045002023222
6.116089445686646,1.259341457169374,6.962039163484546,0.7925475400718488,17.612484248917838,21.51972673461511
4.811771956357699,0.46570324705021793,4.748910257280935,1.3583845098068106,15.76922621015846,11.757139759711468
4.8043979641100725,1.4292196350604502,7.399076186827397,1.4829834600286174,17.074044135993205,14.938894252070327
4.054925282607581,0.751685998020899,6.271618424953206,1.3771888588776984,12.908499947365808,12.45029645706757
4.322154716425816,2.2073974767210593,5.585748526036628,1.390106213310433,12.982757010120581,10.592333936426236
5.652686050272636,1.0663669406475742,7.9445189412092905,1.4296630800797245,19.915320357424772,21.65047192638401
4.824887387387387,1.0661803818276594,3.158137902848466,1.8487766880552199,11.203865680803672,12.596567229455005
4.211275064871694,1.498882621362092,6.860750195329002,2.6491160114271315,19.132318513898532,18.258733458808805
4.10718390777478,1.5704327882261462,4.496280970272117,1.9816682127761687,11.517851965480787,13.106590500203689
5.611823167995556,1.4625087637891023,6.945110706937541,1.7449734258493579,20.00198388171346,18.046125362374873
4.711700447304691,1.1492575293359084,7.283445681879023,1.3017498114130097,13.624648327373606,14.383503918608636
3.7771177806920386,1.5256664523377759,2.312687660758085,2.0969865325658974,13.998382091185677,11.338739650570561
6.734550462753035,2.350495164355895,7.1364459592819385,4.531130124389605,36.391453045459784,28.404386496251142
4.414192204735555,0.8432829393317722,1.4682226522267876,0.6248092378486476,6.811987460910288,9.818707621565034
4.148256974370904,1.3155331073805523,3.6977557321757666,1.7952488706531449,13.541406965243723,13.6769881635344
4.2894315101495835,1.4985795637255905,4.280682535962999,1.8051630286010256,11.469253352525465,10.90815416329033
4.994208494208494,0.7365586538273204,4.157665413184613,1.9186942491321697,12.983813575101204,13.032451985428654
4.680153178767494,1.584600399350799,10.581675829617023,1.0818771698246592,17.89027508923749,15.021583245158865
5.511685540281614,0.9128277122748616,8.000431027468913,1.2031868226483742,18.215876558326993,16.395505481966104
3.834882845365029,0.8547429105501594,3.0739342236452556,1.2582271184470637,12.92518316916803,10.932699508689078
3.411822029399496,0.8171829598604424,3.601935794043006,1.600603114638007,13.7234498251789,12.683981671930875
6.039540532673189,1.6143775909137354,7.088426748769843,1.9240078314395146,22.18983790435557,20.18469566395784
3.8525604998833956,0.7151710410045311,3.786397334163091,1.300126906892374,12.456412540233025,9.760407190500445
3.5867350028501206,1.3652337328137607,4.166586297229589,0.8750615060210694,10.084936816627565,12.227585310034312
5.020290431740761,1.2486915173694384,5.064209918831047,1.4827601970509652,11.94759799248072,13.663735906579163
5.510679098170455,1.0246447214027,5.180466970134372,2.102767956638326,18.326800143943505,16.93499495430723
5.837272065825137,1.6789991648890092,6.011779092512478,0.9848210511790658,20.866228305287702,15.604291522769337
4.912538613274744,0.45708205368752886,3.4862494062536826,1.49748608287927,4.779099145740378,10.327714064549715
4.710760324039596,1.482349093499457,3.5413057898906644,0.1838087343614354,12.60586753601626,14.598683615335132
4.090269197429158,1.0363529438108436,4.673786206600236,0.8023171492503431,16.758520599234647,16.256338250058967
4.194565826832557,1.4204819515886467,2.9458004277890457,2.352605777050133,13.484299624796982,10.501837787744835
5.623948351837289,0.917080648996433,7.043039074420797,2.479605752274307,25.639266688981063,22.27972151318146
4.739078176143923,0.15813428334326995,4.447021384162362,1.135248182170551,14.407072464640425,8.633628836607969
7.235043886696765,1.339771604016369,8.73633747928016,0.5855462654237278,23.420579654039926,23.974311205660804
5.152316419760377,1.2397514667970988,7.135611590230813,1.3234354752305726,14.151736313599887,16.374415430870165
4.5790565798745355,1.7844897924167604,6.6555819561455305,1.9024507980074277,16.081609135497082,15.413217296220107
4.016554947668222,2.0204725484358934,7.150733995334118,1.2883531028123953,9.431949324844439,7.6854033722720025
5.600459727745337,1.2746763844261726,6.897445202673369,1.686137935716064,18.51624324114415,13.496894909640623
5.331866183644868,1.5204645116885211,4.156799723215967,1.4183149984714645,14.98993653774838,13.566959230346106
6.0257248561693215,1.3722026343232419,4.306295712687206,2.840491368016255,21.761529916885518,22.18941145246278
6.9487612902865505,1.137707983964107,7.6762417975394275,1.0341605094620487,24.879298395166284,22.528211522311736
4.652752489277431,1.2435257220899247,8.70714248764838,0.5104539249905008,17.34946131058821,10.380289317111806
5.44855021164409,1.3690967172887036,8.100990154464952,0.9487646125024509,17.232199469051096,16.922180010371513
3.897368421052632,0.8342017868166771,3.40141709757641,0.909562474565561,13.24054659867463,10.618295999788907
5.061034487598917,1.0021376043238948,7.38485469596492,1.4636931947625513,21.612071460659408,16.03843791580757
5.031992213404903,1.1140057136471648,6.594470987109572,0.6709842078567005,11.948864172032854,10.417898602444653
5.036666666666664,1.8157174438577859,5.144217470040824,0.5833070934115714,19.994937063729136,16.681218552111524
4.034667560243175,0.928480495364708,3.9304068284894726,1.9342581219948016,9.51509547043225,11.641953239554521
5.981486188481955,1.5007027767524896,7.08052194839083,2.0111042467559472,20.663830635500855,25.385577844948344
4.3826564269261326,1.0773760113438684,3.1675891678248083,1.0697302274196563,10.66567991124885,8.84263183915486
5.065350162503311,1.1336083653521332,5.556013851763343,1.8713529825097037,20.490080645214935,15.882225794563663
4.767941428762729,1.3971044306779725,8.387095741972438,0.42073389271956396,17.463591309336582,8.363620612149475
4.361471602098278,1.391848664024546,3.45663532530843,1.274292229373439,9.881991937301862,11.612444904937055
4.351358470065897,0.9550345117780851,4.121303490767018,0.6346603842624496,11.75444298477845,10.24618865897824
5.271030013689145,1.1764478015012105,4.09337518820642,1.4290876913870343,18.977644931247305,20.683160213047355
4.967396471006451,0.8476127228719841,2.5372717583122752,1.5968482525572358,16.40288080556622,15.368633485938036
3.982579944321455,0.865838366647306,1.996094262359415,0.7954361819983431,13.6138722722359,11.721862714263198
4.6835483451602125,1.7607208407193298,4.233499927728237,0.48487674114575907,20.623210164692587,19.172706470743826
5.907401882336601,1.1676201661013295,9.544810113822326,1.7212024792368132,26.630125114673806,22.646885325676095
4.85014795081309,0.9033368777008355,6.377380579324992,1.602694685810851,19.869084497269498,16.66146813777091
4.777967754033839,2.8901027706062057,4.112387247746586,0.8413172324601097,16.779934515736066,12.27240244246697
3.950096976969019,1.5804022723656126,5.963384419081682,0.12097268770994773,17.897947654899024,16.617398018152887
3.88629018918762,0.16684667956680432,2.94250253366594,1.1493921197663317,12.118263580929233,8.516512849524764
4.694151908043633,0.20713924859505128,4.705139176070103,1.0488671302843313,15.234805325982048,14.124872700361074
4.762412648510976,1.9136461380091432,6.38547568632317,1.9937617591676087,16.244181086202833,14.834828897602282
4.036285553991407,1.259363418293046,4.205366761199827,1.3851833625109269,12.171079694486655,11.552704725821041
3.8556444718839167,0.6912245097999862,5.019488180241782,2.261365223881563,10.51089183188146,7.732560947854063
9.104823059886503,1.7362438494036336,6.340212375455603,4.063482504883903,36.530142672477396,37.629579334612984
4.718266925200796,1.4339270812559186,10.325439071880009,0.6154709471963002,16.52353137285737,14.887573547828067
5.1149087320234115,1.928772367265721,2.114323894636619,0.9123553141672365,14.270806271710647,16.393603145413188
4.676088552662482,1.853142977929046,2.2463496892813595,0.5346837302402615,17.73201650066644,16.216645468019053
5.381870207936307,1.730219094084323,6.036104897916736,1.5727357456121083,23.27669911481557,21.68382188142392
4.704196563048324,1.086470718071361,3.307460317423976,0.9790513468678164,11.039386992758264,12.56913699324966
4.768763876887175,0.9795615806247358,4.9061103665355965,1.5533360204789797,12.872725369304554,9.157135284769645
5.672035419311134,1.7862884324696988,3.1090820994237096,1.7873402786349553,16.945228305846918,14.337132919684683
5.252988482274074,1.2975203569971814,7.341803669655054,2.480663546994479,23.42246189887367,19.0875492061026
3.8063793664262917,1.8385209851256428,4.2260946062213804,1.1783381466306262,7.643612924117569,11.816638706181978
4.168485834625153,0.6715897904929259,3.8047003254683625,2.3390984582600804,12.710833641616983,11.178145772356162
4.7682593712747785,1.1285390409591636,1.6985606738130095,0.7048264023161787,16.00030792901442,14.192659971366934
3.8799616048868435,1.687142039131776,5.922919864556235,2.077582820235264,14.612701595584117,15.41936231175497
7.271899829712453,1.3885347596209716,6.2269821528255695,0.6157663740168183,20.8111622060498,21.000374080370634
5.018741077484921,0.7243963178381964,4.064310962467386,2.2652394777935427,12.393348196907978,13.193381170002594
4.619547305357834,1.0065186386559648,5.600669173461924,2.202916111258591,17.769257541232054,14.258167154968689
4.862516742451634,0.9443747111168405,7.7485592835328,1.914787143441604,12.501290228487967,13.193126264492866
5.231838659562296,1.0136670656733715,4.640461137092255,0.4180287411824639,15.844668326588316,13.638745393353737
4.298512553484394,0.9829317299869907,4.392834129689674,2.355457480332115,14.419030591709793,11.273395611915564
6.0962672999869625,1.6422755876236923,6.711694230188103,2.29295943091811,18.493944499338234,16.8731296693494
4.911332923189936,1.6571339473951598,5.854261967213381,1.473323350092386,16.16523630004727,13.507488685999093
5.17718263197831,1.164795658189057,1.9761816666318404,1.6749472835964387,12.32788824108859,10.107218977280034
3.9533819186187333,0.6044822163216563,4.616700066494894,2.816971512752179,12.394206571286775,11.772045393615945
3.643690161267628,1.3886088405827013,2.6694281356225344,1.4525346693413952,12.98156095425016,11.241547032946754
5.383997477974742,1.154150326267935,4.062657899904055,1.8709557427933061,12.988956708065125,15.027169180998307
5.903244039907982,1.669755233747693,6.9640284035588,2.082852335197663,19.258987658730632,21.64427749946199
3.8807043429198655,0.8242605651736405,3.0861229878005285,1.5556262298481671,10.680831257154303,10.663062666709866
4.308627430071233,1.6128101906479084,4.327589407129762,1.7871738645838295,13.307111644837143,12.933818154577803
6.516170586159349,1.6661018687699536,8.983597207122994,0.8209960197125901,31.993199469545125,24.54813791594323
4.001479963186579,1.606247156713435,6.537737353111197,1.9712475700686485,17.186524727710573,12.415407101917017
4.91400880866408,1.64997624879861,5.534566987512607,1.987426626818888,12.219715100227562,8.725112496861001
5.061054405419808,1.5434703681774937,7.546574760341254,2.0711235426106125,17.395929719485952,15.054754422178185
4.319236501246644,1.3625680243742269,5.215557828155189,0.7698815623409979,9.626747635956036,8.264230176151772
4.488979096953442,1.2610266283681222,3.166322677493428,1.1248229373808822,14.030561107520613,8.404205035403836
5.113634364939515,1.1654535326652196,6.806449572203057,2.180016416252868,15.216853708141388,13.826779747929635
5.380533364838452,1.255801208666079,5.14526590662452,0.9816941710947226,15.14418987465422,14.214539392637075
5.4745445505232455,1.5107114253837637,5.971505922254685,1.7268329108606189,16.96252211533182,16.000438819523364
5.291587654103475,1.3387005511602446,3.0492965066718836,1.7115971481991452,20.607495637221618,18.310464942755456
5.132851661233963,1.9491958364356177,10.17855964364809,2.0153231478923646,18.908074988314826,11.862130154072723
6.12524694883363,1.7967940371462325,8.077412604278841,0.8472055583041296,20.345870885624862,19.417464176364238
4.545775085253228,1.034937376332558,3.288551735035021,1.4915848391101116,14.699057441153174,12.618726952554198
5.397033465567816,1.775432380309967,8.62838167409835,1.6966581989116445,11.389673500930023,15.952301299776037
4.601680425640532,1.3097576409189209,5.208283404969783,1.1728236448419627,13.63223463328646,9.534580297095099
5.107343681187724,0.8794527099743774,2.547126230000232,0.9579745708533443,9.277757642537187,10.840890677930826
3.6663541348353395,1.083135776914721,2.7832562893877895,1.6684785279227292,13.626185169533583,15.213019733266156
5.805175610191249,1.0347751337503799,0.7171498386441311,1.7087553493707075,18.873342589858535,20.962000172024222
5.9099377647039795,1.3075613801621,8.848159349336285,1.5677864069456,22.90306927182635,22.29528844056374
5.651344591563904,2.08580285777731,6.342372571464566,2.188983666450243,24.7103102092745,19.95212544342734
5.056884454255755,2.0262097174087064,6.871042857585549,1.6511202469899806,18.286420612919073,14.731798923868219
5.321936042682032,1.6975901543096665,5.736425916391103,2.1018447727273033,16.311097927224466,18.61072432868271
3.719447759275125,0.868980951249628,3.7357969485424345,2.9031403157503624,7.654630499536054,7.806373665857121
4.430889657710091,1.6985364256925137,5.394582391712047,0.899660630405527,10.31510342858268,12.14740243841093
4.593396486070537,1.3635896296990584,7.7282595360502775,1.8968028958108354,14.008542884243518,12.548578516051549
5.265818118781574,1.4150193277450624,5.518820992452139,1.2714217955513618,15.759967376650597,15.630145762017962
5.234138411302349,1.2168205469904876,3.462308817916927,1.77309735130245,11.621328009356935,10.483742350947377
4.269320530574266,1.6300869126347,5.029923525008321,1.8653263892440888,20.022303049227133,15.547018745815242
5.393475965784187,0.8226561017916892,5.332591954563931,2.3694874538121624,16.921008096778056,17.966913346782366
3.7158845358400887,1.363852065822518,2.7235329213022235,2.666787934147212,10.78553672518064,7.887843462418756
4.524722991623589,0.6095813849243408,4.184393057912229,1.0839261821110622,16.09080485199466,11.354321223762426
6.670098925585823,3.9702367716326705,8.076183252833573,0.7282212711268079,24.633702238301343,20.35797671214428
3.801039426525538,0.7706771644420726,3.192472289070927,2.093820388310343,13.014923837044249,13.80723015901838
4.156713331730947,0.6607536814676062,2.4705184481170734,1.3582787760199535,14.663999919297918,14.776970122706487
4.304444190813562,0.9089867307233757,3.3295628890327422,2.448928764327702,15.91326196278785,11.119119274302005
4.707895092169918,1.5955173143117964,8.057441498319456,1.8497705056801514,12.864506945794714,13.456337446208344
6.456812024764081,1.2973145333826097,6.425473613121262,0.07218406107800068,21.423096161425732,20.853417374143774
5.6913271468610604,1.1014121187473616,3.92968718502851,0.7270246759030214,21.773028070861688,15.539641550393167
5.150005993925745,1.3431580262212726,4.316869312882119,1.9689115742562318,16.347194682525462,17.82698585853045
3.8112057201718086,1.3012256069143346,6.143873819551051,1.8390476270038534,13.682337200715642,10.925533283517343
4.708318645976681,0.9826016287015371,3.6826398205798343,1.2939087794747717,15.311253161677032,15.7530153442809
4.74236653633785,1.4227305043740035,6.360081993729278,2.008410613546296,16.614103774908575,14.883193843018178
4.106957818696495,1.3843964281444894,3.842789786482201,1.2012841895096131,12.448649963853432,11.76848087386733
3.0917204159047347,1.4154228952003236,3.8398732686946184,1.8975208404334873,13.231236517841085,9.685369493073638
5.922027833872551,1.7004170177652878,3.316846492232344,2.205411783443366,20.88966126041018,18.88460614473936
5.095270292788529,1.3082193518985576,5.46281456374227,1.9357166200883977,16.2931551744423,16.378698905349168
3.190823812508038,1.1142055179787236,2.499976506460567,1.0239867237415685,12.397141370313038,9.556101155396696
4.057538712027817,1.8504483340507045,6.155741755256507,1.6591502472118274,14.09946031493646,11.262328764649906
3.58111048453693,1.2096459696036477,4.176316024766111,2.6809157344263763,11.846026474031932,10.811952179789735
4.021778611807633,0.9004716215162654,2.99323107618011,0.7114753040394293,13.115923583358706,15.628576807373284
4.987834193587203,1.5058659859922712,7.645409125980281,1.243957266225835,17.675366773343868,17.091931751502983
4.8094865475616535,2.003474194654083,3.251268326100408,1.0762884003502031,17.423211360699817,14.336811769193964
3.5536647925506837,1.0993546862566201,3.6913195294413885,1.7718372108959248,15.1770114890013,18.266885476943056
4.185346445186942,0.5419984744853906,5.805936659266923,1.341188607838634,12.00120971218658,9.826108968184851
5.6041795339674385,1.2485776868098295,3.7419139678721147,1.2469767862862768,16.7622729331946,17.622649036303585
5.311524741465874,1.4912710373296703,3.0674523274671595,1.6782594862477436,14.346958838158262,14.167208938907358
4.7957076962822365,1.0283410101960753,3.921148321836671,1.2335552497019107,16.098240015697115,16.36854835599391
4.308024989059417,0.6472515164799459,7.7414616772324365,1.7059857359894082,16.867475623426465,15.412981890528377
4.675994399374637,1.753579135483287,4.387797420054595,0.9108239914710177,15.303403564875971,16.04855418796717
5.951575547032147,1.6730401819240028,5.317517898545266,1.9484456266657362,22.532122692313177,21.306334360911073
4.754202030852658,2.3533367222945136,3.7990958220594973,1.91745221119676,13.806171893336742,10.8279651361663
3.635466772076288,1.7558065889458225,3.7445417439365833,0.7692416241282561,20.558571137147254,16.35664558566822
4.29998809783979,1.4275453012637458,3.504942892278688,1.624332240470286,15.113218781499196,10.522917700351838
4.369043853950255,1.2668744105835041,7.748612367382263,1.271841761407538,16.374941051026717,14.203327842736805
5.461296391208524,1.3093079467127404,6.32287644128691,2.7370208990462026,18.256592430383243,17.93984698037949
4.60869585296996,1.3616174661676903,5.36879471391434,1.270206764674816,15.894763000821062,15.376989747222769
4.534485832726056,1.1650312965232426,6.98409088212532,2.1232873214916834,13.110797370911495,16.157425692053298
4.037737357886723,1.2248505514727874,3.882434050913079,0.9366408027255484,17.007816275322625,14.33468365157002
4.627302702908918,1.4334182492952365,8.249175559393748,1.7960383048329622,14.529106088485598,12.47163605141617
3.3511754864032457,0.5274402673077923,4.640377111221336,1.257073600007872,14.272761641655736,11.245052236486274
4.272773401549428,0.7497509728657605,3.0103380132769306,2.3327653208008146,13.165166477596818,11.981235852394256
5.173973081449791,0.9610779523728813,4.325926240368338,1.5610978126819652,18.896281746270457,15.036694100840123
5.391695393428392,2.012220313812774,7.194646037901677,1.1612825480575555,16.05033473124762,17.3363090786302
4.117007178890603,0.6944855322014625,4.636960723889541,1.778855407135568,13.803481275660756,14.13159930411884
4.1711631695397635,0.5996067907454682,4.6810849470616684,0.7583339442180956,16.12418702633039,14.736966935826056
6.302297536082643,1.0826099457691367,7.252062090755292,1.5347138404495873,21.519867017742317,15.870207718324906
4.458362420673232,0.3552083193960536,5.5192682067052665,2.219107538990455,11.450284953061253,11.30015610756923
4.843962843693431,1.8216530743421135,8.165442790800883,1.8474980010673638,18.738116751524032,19.35761914818565
5.958597739181253,1.9981561715404592,4.675814693011083,1.6825272453402826,16.441264949321347,18.058257984670497
4.785739949244151,1.334553650754488,4.358804092923768,1.5778999418407518,14.338352903050422,14.552561045158457
3.8131805300443076,1.2146315476222216,2.142758419096235,1.8083135431692194,7.954251355089793,11.784149613096753
5.487771310358346,1.5914135871779467,7.925104097365109,1.4882383261018044,18.277226330991024,17.12279382663948
4.114091646232081,1.049821748275559,4.062954224640735,1.7545048847723275,11.01660159851871,12.753743968679357
4.738558699490961,0.524153232252923,2.203866079299279,0.41215031551791137,11.98791535073337,9.231459780155204
5.098285228353509,1.7383914169563384,4.487885279433289,2.017518396537807,17.37438500509556,17.94474917783991
4.383905143784033,2.1534014405808777,3.441185153389653,1.104202117134839,9.54796934793478,9.753071117625812
5.345620425062469,0.6642737490730646,5.315819523514498,2.4768973377025283,16.249365214217793,21.093759830763886
6.404589263815796,1.818464846830649,11.415887464681573,2.4968852331085225,23.188548667243225,26.049695404352498
4.186118223683673,0.67584914626344,3.6215528210318144,1.706840420199077,12.686909864260123,9.310656024051715
4.612219975276716,1.6839870211471573,5.974701072698693,1.6511755590258377,12.09443022769786,16.96508944154881
4.075240204996939,0.9152988122094958,2.1476745742112917,0.8141673380121546,7.41742448180066,10.46926105517586
4.312531670781861,1.7713637819701158,5.4463636655274055,2.0004631316710397,10.330833227213569,15.215395152552308
5.249320182223416,1.8198643987189453,4.692791508797949,1.8415793436152308,13.725924225589033,17.374842405181134
5.015947113704957,1.8511376902296381,5.699500214867408,1.0071618219396201,21.712412396148594,14.227356757373174
4.2097926719981995,2.351659552443804,4.117728313176242,1.0224473710681856,16.374091373770824,13.411531549962113
4.067142435058601,1.602826071374486,8.206903263551574,2.1952595594973094,11.070184009951936,13.514904919040191
4.802702337904691,1.1813501930912655,4.809493103853906,1.688115744483246,7.51504148637537,9.276635731009916
4.619052307380818,1.1425370116990445,3.368008380921817,0.395367057288902,16.581915148612506,16.105853289690227
4.351692870934678,1.0857352102326905,3.093943364194798,1.0269186445613072,17.566675806477132,16.872055881448055
4.345609071943284,1.3133331023903283,5.6722789719133,0.2565051958127489,18.435027750890818,13.551868624870304
4.210208715010012,1.036370742957679,2.4553599520737426,0.6524102122514814,11.806422564686537,10.022510409432204
4.695258005884427,0.7388834909398486,5.146355587694944,1.736626142407092,9.272781203759726,10.278063814546966
4.229978354978356,0.8035919736156213,6.528248661482461,1.8423672979467622,11.825657474408347,15.779713734695228
4.827483225854889,1.4637291757829523,5.027571647365713,2.4391589312519857,21.59918937575685,17.192570213820456
4.055036468861271,1.5201766014411753,3.7715533198659967,0.9046630375837958,8.530917440573191,6.465521843083929
3.927942966837196,0.402150766245139,3.8474307722886696,1.1530339514727177,13.396459428938895,11.567465990171165
4.104548392529461,1.1249104376184151,6.6045997371884795,1.087754576958724,11.204416300668708,10.053348451353454
6.396876519032055,0.9199452190688686,6.397395213114545,1.2145879155959622,29.489764011155664,22.041965351333733
4.52553423226047,1.6038977213665182,8.482860360709381,1.1622780249567246,11.992064865933207,13.385605975215862
3.418948236574813,0.7963540900609078,5.165046237926747,2.20187099818732,10.393459840385137,9.180029506282255
4.805753391090892,1.1416436772215062,5.73935657282645,1.3516838157628197,14.854789541650288,15.720189021492718
3.5032490064607495,1.653075484288892,7.397158054095576,0.799541982089824,10.927844353628938,10.642381384044064
5.036644945994673,0.8604465083556201,5.3470936232683695,1.403293236109999,18.268352647275584,15.399554463197779
4.652392361332289,1.0853135301364467,6.4219074564553225,2.3346885970181543,12.550277288209662,10.38091943760115
4.904148230558869,1.4951096728999091,6.816839819533587,1.3824310994734341,14.092779140753018,17.871725861628224
4.714948514618122,1.5409309033898275,10.922647657183028,1.219132124490198,19.844619473783375,19.432520648681813
5.559509265498174,1.0760573206849589,4.0138810154727835,1.039515110414205,17.04137061642472,16.864444901131392
4.925172993979971,0.7820689897093714,5.567459824027269,1.0433633300325973,17.67463382625415,19.107245915592323
4.586841292077423,0.9343713751952742,4.414598664352027,1.6505836020816163,16.054251539768774,13.240762589105426
4.249645767913991,1.3102138553469107,3.616614847046546,1.4298774030487673,16.383595866329927,13.005958874111503
5.25407451569207,1.1379790915542864,6.011032720819493,1.0107204021093987,14.888703784699015,15.217448087518907
4.173246258789611,1.657023588723547,3.72993899533485,2.3532520514443815,11.57251305420227,11.611382478462794
4.196483546654155,0.9958895472840581,4.912072860872302,0.7619214624006289,16.649229255292987,13.9047729786818
4.869679910500921,1.0213993440069005,2.9158423513172247,1.1616346204337875,12.817571314636865,6.225907715146098
4.100810598665238,0.8182626613644013,8.877560016007894,1.2770953506832765,14.33310243118056,13.2910411816253
4.882812500000001,1.1523178887168877,2.382721338196204,1.5406541117093238,14.353639069409022,14.063882061668657
5.114227894825512,1.6973656785763196,6.212982488941088,2.316600948584736,22.598619541856728,21.290453977950417
5.934863548850283,0.9041220757911168,7.789449401891445,1.6355160113652882,16.05796280400576,22.18774239553215
5.494832638605343,1.4379731716275852,4.2903061234956255,1.0607105476150414,15.12328624923246,16.098077687638426
4.613364140109649,0.4908424099044998,5.051077365093011,1.0795080011475253,16.12420571029437,13.828792520279224
5.525797169391781,1.3760143608267141,7.508729006341322,2.975572822425425,20.16417986924531,21.572473354197772
4.391978309344766,1.1537589358084013,10.317516488373176,0.8163762471089154,15.924662783605118,12.93992339828868
3.410921727075534,0.6855951181927304,4.142706449830035,1.4325010308743993,10.004870828521188,14.419820592691531
5.969260836925601,1.753434292194542,5.366748619378063,1.956597378796591,18.705929453971095,17.637072403845718
5.170848296203329,0.7589830665035613,5.2221315257896395,1.6347416653318578,17.718912030821215,16.090246522560484
5.007938051952418,1.066155572475409,4.895902678967492,0.9562820648223278,16.290644526742177,12.764588138857507
4.839691257145273,1.3545682071867917,5.876998137623194,1.6588662863527568,18.353505362485514,17.285608271967757
5.633731116934289,1.7844701012679665,6.7022384967901845,1.4784489613479486,19.64391677608544,17.344507854390457
4.234712904361094,1.4769925837180036,4.437149677318812,1.939414280231779,17.376329225895546,14.947670601525479
