Brix,TA,Firmness,DryMatter,K,Ca,Mg,P
14.0,12.55,3.5,16.4,745.1587562938844,30.82995058786531,47.5,82.32817198296425
16.5,21.255847648704727,4.093848044955719,18.56058475490918,1034.0,15.105542509826533,39.2,47.2330494109328
12.5,12.43192494915143,4.15,15.5,1295.7532530711,43.00000895501401,67.03638115995896,93.84104643758495
14.0,10.617765331973187,1.8823525040007225,16.11155365553806,1429.2193256287505,41.95750704975189,64.54384324192952,80.04846483987612
14.0,12.558412497721077,3.8,14.712547306699847,1206.2483630662646,32.38722157584322,55.054091505724266,52.033292781121446
13.0,7.116847222509082,3.663316196542586,15.491180043775183,1342.5073971509307,23.0021057436854,71.56967378205454,134.81989990725407
17.0,12.523248328515976,3.6,18.52025891767746,1555.926443903491,16.54462960023145,53.386869621322,98.6
13.0,13.542352481514852,4.000470632129411,13.7,660.0,60.73191129170468,38.8,35.7530221836633
15.0,8.455375835923848,3.2,14.6,767.5223289301758,31.1,39.1771175693814,48.62572499041271
16.35290893576449,18.07560558561735,6.219385625760412,15.1,734.9970797409453,40.92514380465575,41.055240848748305,51.10695725471869
16.0,15.041115422439603,4.253439878192728,13.9,1148.565619198786,17.37182973514736,52.2,56.007939586637285
11.0,6.055718938934596,1.65,13.4,939.2757069907226,244.42755892462498,64.68790133009358,59.40883624591372
12.381687429982847,12.55,4.4,12.332787620872569,624.6377584843699,28.783482226144777,29.129698826142015,41.57426319479831
10.0,8.1375,1.35,12.5,634.9807727051392,43.28959730565069,36.699639950268576,40.534300079575
11.5,11.3010714193619,3.3406899431127868,13.182740450211195,745.9037985498051,32.0,43.446397011150204,50.903356298292394
13.0,11.52417308417257,2.7532237511029463,13.529547661895926,724.9482488724587,16.557639285579956,37.88363172265196,47.2
15.0,7.65412168558924,1.75,15.40407091079325,733.6966385203132,27.65677808181257,34.709426931425,40.1105912690185
12.5,7.559924301303415,1.5,13.948123424506056,1006.454587226103,25.55003092802006,50.8,55.4
15.0,10.213842233713953,1.75,14.3,1146.9247630208506,35.09492204313323,51.3,103.65458235156677
12.5,11.97,1.9,17.831020212486102,1564.1792273667288,46.5,72.59091738948409,110.71376160098944
13.5,10.256850373079859,2.983119224167296,14.6,882.4736897968473,31.077264246541638,39.3,49.50776398173943
11.5,6.4942093841294675,1.6,11.037181400186691,614.8140948743886,42.82562700788081,37.54830702549453,40.64600516473376
11.5,7.0875,1.65,14.3,1121.0315423317195,66.14135283701714,51.782302547065406,74.73021782914867
15.5,11.417424537780608,3.3926965626546632,17.5783348056702,732.4380380550647,31.6,37.0,41.5
13.0,7.245,2.1,16.2,695.7480639014822,28.366820012302526,37.51265276381227,42.31490969351965
12.0,7.664926696436561,2.75,12.1,759.291314747324,32.5,39.2,53.466039109825296
14.55403741318817,14.85494756876335,4.2,13.87331804259229,870.0,42.94083089770301,56.09540546306221,64.42462898521535
13.0,8.155836069320474,3.2,14.6,838.679745450668,40.5,39.3,57.74241494951527
11.5,7.712944135530546,1.3888107383190853,15.0,1169.7263443241072,38.225133278092024,59.44317209814276,70.25370244346874
15.0,15.467674986241747,4.6174344362439905,14.2,1516.4418102929485,35.98803457771211,72.7049264637257,98.98036602861126
15.0,13.780465069566743,5.284723591042263,17.38803428433135,906.8692760114224,35.86988519780604,46.47112213979401,64.17536739493929
12.0,7.023255745232611,1.45,14.4,777.9811979524097,41.6402866154465,40.3,48.60728504446077
11.0,8.927583301856709,3.8,14.226435926369822,643.0701405158039,53.77759108844464,39.19427133185961,35.333811536349046
11.5,6.2358455630478,1.505466213433125,13.35537674470161,735.4527696228167,42.75713134086299,35.386540116833736,49.81693327799492
15.0,12.460259787697204,1.75,18.124947059854847,679.7714760473023,30.0,38.55563376876698,47.358224568256226
15.5,11.641918437816784,4.544680583376256,18.362686526041372,1130.6977804097448,32.0,56.7340863431318,80.26620800166576
15.0,15.54128085639057,3.6,15.4,1214.8709351965683,49.5214755995899,65.21978638390095,92.12652313031572
12.0,9.675103736238276,2.8038910436055122,12.9,1617.6627302996749,48.0,94.94535752154033,98.7561689446291
15.0,14.695746238103254,4.7169558373720974,18.65479035398551,1497.1877654977397,29.040345988757203,94.45070716937848,106.23309678206707
14.0,7.665,1.5,16.6,1153.3391161861691,46.336423311855356,55.04362582276825,65.1
12.0,9.559280411386428,1.4,14.4,900.1412695945244,51.60968207746273,52.09603590743236,50.4
10.0,7.194282841016262,1.718808256366443,12.162686659624509,656.3633505970932,38.18834083653206,39.71591159542287,36.148405899030664
11.5,9.295073720162124,2.9354064494954373,15.0,592.0337926082997,39.021469791920104,34.23461345474849,47.2012539421105
12.0,6.7725,3.6,13.8,612.103202476126,30.0,29.843649311571724,40.52419887378968
12.0,6.1425,1.8084365410420458,14.595674427070984,646.051701972627,33.7,34.812422184308645,37.04549745399133
11.0,11.504888727388918,2.2278861686376943,15.4,622.838186576141,32.94550948128398,29.403180087187312,33.89900988605331
12.0,13.55,2.75,13.2,671.5793855807481,35.83696343096925,37.778313012503716,37.58147635423827
12.5,7.824448743989505,3.4,15.3,836.0,17.9237439786831,42.08036508934776,50.32412868240199
12.0,14.5,1.55,14.1,1077.6107143141837,32.5,51.727808369607494,53.399550912727435
11.5,7.182472335091682,3.477632336017593,14.8,1162.4313132989755,54.13289827422853,50.8,82.97459652394852
12.0,9.43172500059267,1.45,14.2,729.764316836746,33.7,37.7,32.74639586226706
13.0,7.0875,1.4,13.9,683.1242751372336,8.742230226827461,29.582287533222942,44.60625794185583
10.0,5.686816078523339,1.6,12.9,1019.0,46.43841156596586,55.296924603209966,50.43755304737127
16.0,14.5,3.6,20.046251554245373,1163.6398254503324,45.43820419330968,67.76546575673508,92.85112929377483
11.5,7.508125571132798,1.35,13.4,836.0,24.804822687386395,37.785840267955024,47.63287876772196
10.0,6.002194274181859,1.35,10.586911860789096,588.7328312352653,34.96702255505047,29.4,36.341808408324994
11.0,9.621697614998144,1.55,13.7,620.1798366424371,44.72957305098034,35.72574326409301,40.00289587442198
15.0,11.43866172902894,4.09820069641755,13.124915834323344,702.0646706486402,39.9445536138378,42.20810599866239,49.754578648937176
15.0,11.36860457776216,2.1,18.139017125541248,1138.9903584700705,31.08648880335328,47.32696997633452,89.26793028257045
15.0,13.062997913973975,4.0,15.707349578774803,1232.7939241238716,28.835997290291317,53.51112326679653,82.1242226228839
13.5,8.542211151450218,1.7055941923962101,13.7,1382.500837306882,25.6,66.98557804272433,105.7540854834181
15.0,10.690174596309106,1.65,14.4,1161.3532107541955,26.14249507857168,49.63788476685037,83.43130015826947
16.0,12.55,3.2,15.71882658347269,878.8644737866389,32.94305144006823,45.555831380384035,50.057285194992765
13.0,14.464315008984517,1.75,14.762343581795756,1222.3713327311125,31.18254251169691,54.067205563216085,89.12937031924255
14.0,13.385973545117087,3.8813054062442376,13.6,1229.0856029494523,49.465462832893856,71.39670881629726,93.51620070265473
15.0,14.258528392787154,3.2,17.20062630025006,1315.8176566677853,23.6,60.893080741936,72.26208452649814
16.0,14.071505613671555,1.65,16.091580656312246,1550.2782259825144,14.932943457282024,72.89323026504356,107.0865803013945
14.818937938169043,7.4315815407191925,4.067982015881361,14.6,677.0428678012945,34.0231705175146,47.17108385815463,56.04729764738523
11.5,7.0875,2.127973727627201,12.9,1128.709854425619,63.92688242370498,67.06324667377388,47.7
14.0,12.485994393604068,2.214146957158062,15.779987789679494,1215.0,25.560324744665458,44.099455476326696,73.5473342857465
16.0,18.15,2.878781163059089,17.1,699.0142234113432,10.733022140124314,35.77198565294018,53.2627490249167
14.0,15.863980421485932,3.0,15.59055846510346,1215.0,33.7,56.58897848542237,68.9
13.0,7.969844238234786,1.55,15.619257365485286,1034.0,26.480491529954012,49.4,98.25312267056154
17.0,12.21490748000031,5.934512649353425,18.303521365619886,1126.4133744975106,42.9893142171097,64.98454136553266,82.15622049521146
16.481354854270478,22.366856587971878,3.6,19.341012810966532,1089.6621293377195,10.582411483853848,42.48718823720034,54.71963162005286
16.0,18.133342498875077,3.6,15.914905067722225,883.2331896877756,24.33630844025552,42.31774406068622,48.74355698610242
13.0,11.983603559326061,3.8,13.2,681.9462421592914,38.773030806523835,40.3,59.81424101922262
13.0,11.979020071476064,3.6775415625179053,14.15406624803227,1083.1455183480293,59.42531680710074,53.06982645211436,89.60646053319738
11.0,4.958520388105838,1.45,12.9,760.682463110127,38.52499386421478,44.8,59.346428638286696
12.5,10.6,3.6,13.2,870.0,49.417930130915416,44.8,82.0123529379569
16.0,9.88555787231931,3.2,16.1,1130.7277492736512,24.08937900383561,52.2,47.697469936585556
15.0,12.541553407363502,4.2,16.5,941.1952768214076,36.543798210984484,52.58706304309454,55.235178710860886
12.0,7.348890149373689,1.4,12.6,897.9602416216499,40.21398327354706,46.42240584800144,47.23359692024245
11.0,11.199504277383669,2.95,17.9,784.966177820022,34.33739291388982,48.8,47.85395436635661
11.0,8.591492216146401,1.45,16.3,582.0,39.62405184114551,29.4,32.15414396622604
14.0,11.29144915456749,3.186951339295351,16.22823648232575,701.3409716092847,45.4,43.63977788404268,50.80551376594438
12.0,12.826987545356404,4.795924457338078,13.9,896.8507271879888,33.67689903940882,49.4,45.6392231613965
13.601348831848242,9.930004504138036,1.75,16.2,990.2893103123843,39.3,44.3073459924189,59.52064534539356
12.5,11.97,3.3,15.0,761.848517094188,24.032201910096692,41.12567388945944,46.95455332922624
11.5,10.072151950363647,3.352510748582604,12.50109781206603,651.1440279190087,24.83013158218322,40.87542040921158,49.47739375237334
15.0,8.914752522077215,1.5,14.966642020733907,767.3318377877438,25.460094855640833,37.7,52.49778520348753
15.0,10.28258477572159,4.1,14.7,1351.6441953765384,22.60908083980698,60.80383496180797,103.63727193038517
13.0,6.51,1.55,14.4,1140.7562626559845,38.1,50.8,48.434624571602015
13.842299031779852,9.43050674151898,3.2,18.355606139583934,1353.8601277500422,46.073254294582604,69.77181882092076,101.39439925361232
16.44625020918953,25.279587678197796,5.3,17.425668693263447,1215.6682397786637,52.90224786776235,72.62975663311293,82.18010760609916
14.0,11.65,3.2,14.8,1124.9070770956857,33.0,47.5,97.44527139248459
13.0,9.07908354765914,1.9390668054606137,12.769202645425016,857.2017501487009,37.81294838124323,38.3,46.915795331599654
14.0,14.347428953553003,4.686579309560344,12.659860007239779,677.9119559189688,32.77208577915619,38.3,35.14528737597295
11.5,6.3895327968259155,1.55,11.532047415810279,661.8797757468204,68.28114562805625,38.3,37.33455331932648
15.0,15.35372810069231,4.109061005040471,17.71669724357592,779.7757924500868,39.772271369589646,38.54246238377037,47.7
12.5,7.019973431693448,1.6,13.9,1021.561956058927,33.169467633985704,48.8,54.52022960281371
12.5,12.46187857335887,1.4148544919452823,12.9,1029.414963648597,45.069529121054494,46.57392938648963,52.29538786195356
15.689933268894947,17.199415678465158,5.3,16.2,1302.5673629124994,40.71540773336452,75.60177131891653,79.18295630387479
12.0,12.639761924274884,2.1360844830382426,13.2,917.3754187902551,49.95618421457009,48.8,48.90744043130507
14.0,9.891227087293892,4.465569031088265,14.2,880.0,34.45539169978765,51.812591367751565,55.65714747506557
13.0,6.9945651956715995,1.686734219790233,15.3,779.3860111567546,28.892454649149226,39.3,48.92606673542051
15.0,9.728682220152441,1.6,16.3,682.377642934569,25.6,29.4,41.5
10.0,9.932643173391666,1.5247646272351492,11.216210156015437,712.3919750570085,32.963330240147044,35.651790919728995,46.80577418547257
12.0,9.988919504659572,3.932831016269398,14.4,1128.1586372399959,47.4,63.261887870396755,69.79136944015573
11.5,7.997122407000267,3.8,13.012698136242257,1047.0847562434706,222.64391909842436,71.55543948289292,80.15599564538051
13.754572417698803,10.647979119729362,1.5632274635463457,17.64054094479836,1354.2584367107925,41.139560791194576,70.95920915040544,92.19249888063788
14.0,13.11125837781681,3.5,15.51079356386567,1167.9272494226054,22.346299060143608,50.27196215782826,80.1401959496892
12.0,6.015760879143838,1.4,14.1,899.5561338445664,44.35717920111731,48.5723088412398,74.3858976902569
11.0,6.405,1.5,14.1,726.5946092434981,37.988279772319345,48.68851557222248,78.99203780199505
10.0,7.6281901568683725,1.65,12.913019748427898,819.5743653354301,47.22278544127202,39.0268377109492,55.58721636271003
13.0,11.375481262622525,2.592183062388416,15.0,633.2598719299399,27.684868775260288,38.62451243788716,41.64045254558437
12.0,7.0875,1.45,13.9,614.0,50.15393867581176,33.084888226900986,35.19388370295463
13.0,9.999413776671064,4.0,11.271403390766414,582.0,22.8,29.028247726249774,33.30638538211906
11.5,5.748975544489671,1.35,14.3,765.1939405500032,15.899899147558939,41.025192701492095,41.856615037965476
11.0,6.1425,1.4,15.0,1060.892504192227,30.0,53.38239380463902,64.40891786854145
16.0,11.419802434178944,3.8,13.399138925202696,1263.0,31.1,58.181597510851454,92.10098377550419
11.0,10.528896109809716,3.1947190948868824,11.658686596226076,779.5112268128888,64.1757756637114,52.1628810994733,57.76905128263955
14.0,8.64285247679535,1.6,14.085543140453252,1333.0641803338112,23.977547442211034,55.50890580461082,104.29471320214391
17.0,10.320571314045381,4.1,17.6,871.420858679234,47.39871352977002,45.7,57.41276534193497
13.0,6.51,1.5,13.4,1062.6469212680772,41.12903244881398,44.046852306029365,69.63732347005461
12.0,9.492127807915413,1.75,14.8,768.4245391019466,39.8,48.75798556709655,59.97035083081735
16.5,9.84376596947101,1.85,15.535117921717418,873.9462130375261,20.228928678807176,41.551921921104395,73.42244870748982
12.5,13.55,1.6,17.564985162842287,868.2058116182394,35.426859016119494,45.7,50.05949953668298
15.0,6.88001087075854,1.65,13.9,784.9404386223289,28.69746681445148,51.3,63.80565003716076
12.0,7.819167759577881,1.75,14.1,677.5833127062106,40.094664217804784,38.8,55.4
13.5,9.216117140711413,1.65,17.360966555632903,895.8747062747863,15.02627874688065,42.81103228563722,77.96054073745275
11.0,6.308733460296571,1.35,12.592553412108005,889.5822199564639,41.656564445259264,48.15315293451796,55.50429275193661
15.0,7.402860649779541,3.1,17.341964400707347,637.3383640608968,42.38971030769075,27.568093256222337,32.3
13.0,7.741562445636391,2.6587394973118954,12.9,614.0,48.0,36.506383339604376,35.411980590533986
10.0,5.053818315562225,1.3207144873903456,13.2,637.2044866568046,32.0,31.001115478825852,37.49495162814973
12.0,9.985311944434875,1.380574793531057,14.8,1079.1761923472873,33.850442315394204,57.0284544610461,83.15635996498946
11.5,6.58162363460963,1.4,12.7,1425.0119095322166,41.1890724972889,68.91532447337893,101.80220043072784
14.0,11.97,4.186390813594231,15.29034443254458,1383.9527179265626,40.00241431447231,76.82252159674593,99.44107717518312
15.0,13.442904702740073,2.639601981955552,16.3,1071.1314627806357,31.1,55.59889910914863,82.10361766404309
16.0,13.279299815032436,2.9601724734052706,14.9,876.736082012106,29.873453491826602,40.82694042546205,39.929876761878134
12.0,9.951868155419833,4.189232834360533,13.7,702.0,32.0,36.70052131010462,47.03919695712408
15.792738916466249,7.0875,2.666822431250826,14.207086448754822,750.042147889324,22.951461523506232,37.63399738748076,48.866825296986114
12.0,7.067259595702898,1.65,19.141649299708128,840.0235581611468,32.00057303664609,39.3,68.9
16.0,11.311825218411448,4.15,14.34331322901144,898.3569035187202,17.64955889924793,38.32282869552358,90.6975755182422
13.0,13.971215816518594,3.8040754374138244,16.4,682.4642806440884,47.784024857079444,39.2,47.2
13.0,15.320500662444568,3.8,14.8,678.975637129423,30.0,38.37465014784366,40.88092846299176
15.0,13.937341735310625,4.3,14.6,683.9551654230478,28.8,37.54818496431115,44.23596847123106
15.0,7.972597199234494,1.8955475211289843,14.313997404209443,729.1818515350667,45.79595911436509,38.8,43.86284385808196
10.0,5.67417079340333,1.5,11.96129767408433,728.6467430799138,32.0,37.091113238623564,40.511827266690744
13.0,6.51,3.6,15.0,1302.8921873296304,20.153172255652667,59.3091941761496,93.84753563119281
14.0,12.831201372194235,1.9281885352357713,18.34812486090462,782.381487940068,32.92311285133653,38.3,55.4
16.5,12.704755465634028,2.95,16.1,687.1534613651331,30.2,39.3,41.5
9.703921242032733,6.032104567839618,1.5,10.186315110059375,636.1467496396283,59.08760090213253,38.47526307693483,38.8583695964127
10.0,4.894202567730302,1.45,12.043778938286238,677.4014117482927,39.8385370074046,29.95153194765034,47.7
12.0,8.104231327383584,1.6,13.927849726712356,612.1325501305182,39.3,34.15056220900325,33.94215783884463
12.0,8.089878157678017,2.171865658199023,13.7,761.3356756049903,18.340345488863278,45.0,68.00707127935388
14.0,7.035730199530339,3.660016797000215,13.9,1205.1493116091126,68.49183317107472,70.72453767314623,58.835492915213806
12.0,8.773340195326634,1.6,13.290665905774803,679.4231211363884,37.54974858127072,38.62284648108665,40.31476725515689
12.5,8.519771237492206,3.8,14.041827428822058,664.6179529461122,25.4,34.32335603373613,47.29388882891037
13.0,14.231793497313625,3.6,15.515585958682532,788.580696970641,53.83559956171074,41.218869707618076,47.2
12.0,9.756493696262782,1.65,15.0,593.7229972168312,48.11807074165567,35.36015651342457,47.7
12.0,6.329221027511509,1.55,12.108422794019235,744.6918854244714,47.235154885494296,38.7,47.62586731861642
10.0,5.651880409587261,1.45,10.129132416665986,635.0,49.1,37.0,39.28733381823281
11.0,6.1425,1.835774545852711,12.421589935510475,544.0589903894778,35.18698652513569,28.47651855887642,32.093182117688976
10.0,5.1492725205314205,1.35,12.917938697972225,538.8721372946643,28.750898484298773,27.258573429670328,33.63143476579407
11.5,6.1774585151513,1.3696307835110486,14.3,616.2008752375264,23.52609318742525,29.229353263707186,36.19164545771847
11.0,6.1425,1.4,14.4,594.1253303679454,39.8,36.48963948586173,39.94179201499429
11.5,6.104374402212512,1.55,14.0,547.2846484687827,34.81913049082468,34.73691662966747,36.07189835803331
11.0,8.294286256071498,1.55,13.8,538.5320197774928,37.37813712567125,26.883203261951156,32.3
12.0,7.117633184016878,1.8,12.6,582.0,63.9998753680603,30.110720096964663,32.3
9.588631554475972,4.364346833052433,1.35,10.812680153666813,539.0911600570938,38.1,27.571217747222036,31.84806748819775
10.0,5.5125,1.4,10.767056958717545,573.5716663874817,39.3,29.4,32.3
11.5,8.157427093761882,1.65,13.00375085612232,586.4710784204607,17.780330908271694,29.4,39.536203253524704
12.5,9.524617361371961,1.6,13.2,1081.0939610583355,37.50264310556171,52.2,72.95846084589563
12.5,8.19,4.15,11.374008829387174,1026.3389259282676,32.0,53.92941930841503,87.4916802587149
11.0,7.420367536372087,1.75,11.223519790209425,1031.6954697660035,43.13408035314142,54.036835448937,59.752395879371065
10.37685662585584,6.3,1.45,12.564158998077017,917.6116731994289,50.31956384322211,39.05736166860656,53.19164129657457
14.0,9.7797941020516,1.833759082640994,15.1,729.6183463951113,37.532765996438535,38.04929594303614,48.39276046753235
13.5,10.25980141765199,1.9,14.4,673.6181726241309,34.089279795018705,29.89153915478088,34.45208325474673
11.588366246768594,9.525300250518937,3.1,13.8,671.6532521169171,33.0,33.091531322261154,34.77978761677912
11.0,7.0875,3.8,10.776426091762945,735.566261480814,37.06836027956311,50.43862310024333,59.48638045885239
14.0,8.19,3.6205154674075457,15.1,1189.923833576983,54.29972345240929,71.05110506320798,89.5322437670591
16.0,10.154558080023605,3.8050262279356444,16.29498370123579,1549.4382463547302,34.95001069772924,85.75074288067742,134.52181426103087
15.0,9.484983639578823,3.5,17.104477777254502,1688.0745396269049,52.7550930521764,102.42526440831399,132.81096995401012
17.37225641132531,22.827897261580794,5.199959004911585,20.06333493777548,1395.326812938396,45.14136364490974,72.54254248641134,97.73453525312193
11.5,7.667701862144641,1.5,16.2,835.5945791624928,40.5,50.71435090436848,49.7
14.0,10.628190876170354,1.45,13.66370598691771,814.4195333339414,30.907613556341865,39.97401296988525,66.15546266825372
11.0,7.0875,2.797267164731455,12.919728243486107,677.8189336681043,30.0,33.02294232906875,47.2
12.0,11.45,3.6,13.4,670.1578541824956,30.304464252392957,33.22054271262961,37.13239212879273
11.0,6.1425,1.5,13.2,596.7657427461554,42.82020192259825,29.4,36.13143748550914
12.0,13.54653703491926,3.8028515427570877,16.6,728.1616782651929,31.908935421781273,35.254197480618785,38.054386100160656
12.0,6.51,3.9180240009674407,12.005373191818265,758.998070901118,39.39782833995498,38.38957019843096,47.7
10.63133669294399,8.1375,1.2719440746937722,12.100966384204236,713.3252188651074,52.79475571311351,39.39952010039764,37.99736032053418
12.0,6.1425,1.6,13.2,590.4028753024381,27.269532115952032,27.770328674404066,32.14378067043125
11.0,6.51,1.397130781043743,12.556199980609692,555.7499851196652,43.488276527678316,29.107533923712936,39.25795627262167
12.0,11.372901983222008,4.1,13.7,612.7595589818462,42.761084233852785,34.006837777365185,43.406257835207626
11.0,5.812940908816571,1.3321875139637303,13.4,727.9237382844988,36.68120540395295,38.8,36.7603448649787
10.0,4.051425418066421,1.2060961589607244,14.2,726.5820351433781,45.563464156098846,33.890420210975435,37.822830243914986
12.0,5.67,3.283714813143193,13.2,584.9286468821799,24.40020279610432,29.585535667828676,35.79415204256205
15.0,23.741974057401958,6.157636606995356,18.02409853068082,651.2877280491529,39.82241052619098,37.273043947905805,33.93677225846016
14.0,10.111548664662248,3.8,14.8,596.2920203633372,45.4,34.87692220189677,37.102524520775894
12.0,9.926357159519238,1.6,12.434372493500208,564.5894263501616,55.650954121673315,29.57620939286931,32.3
14.0,10.069712834102114,1.85,15.0,733.4466589511406,17.836408041971357,37.07927343544097,52.40047107387306
11.0,8.469403230485174,3.8,12.7,742.8622944528529,47.72435797337978,45.6395797882128,45.08219335879833
11.0,11.8,1.5957018827344631,13.4,1147.940016467865,45.0552598987495,59.36269511224367,105.21137981880143
12.0,9.643747941073348,4.1333426458345945,13.603989855147796,1178.620367927341,41.04194237420377,66.85052297573554,87.43049878130003
13.0,11.99559216168741,4.1,14.2,1349.4659674052998,40.5,61.28844827966025,56.62965758461809
11.5,11.491877645243065,1.641328020440506,13.9,1206.7654283676484,62.21885975168752,58.79574466601614,53.85529221123777
12.0,7.76605406699117,1.45,14.6,766.045805534815,64.2,48.519679045712486,49.205014497869804
15.0,7.0875,3.1,16.45940128887699,783.7108003784459,39.85446616149778,39.09135456528329,72.91434223267903
13.0,9.45,2.77971231332097,10.96801161653738,870.0,38.4,50.02276099427577,68.9
16.233174739587525,12.287530701973738,2.55,17.9,1322.0289028843908,22.8,56.2,114.86259453666676
14.0,18.098545585982333,2.55,15.982458611710683,1163.6573710702833,71.5736659047019,59.383741976093155,93.32293718474378
16.53305784478735,10.61878105017739,2.75,16.5,1297.1422227749206,25.95681764510605,65.4177676878248,104.21319422902548
17.0,13.896274018733479,3.6,18.3,1485.7512997980548,43.26589970941624,70.99341171598745,93.48865449608844
15.0,21.533546084750622,6.211215775344266,15.01928136519724,683.5991691814554,37.82470745669582,45.0,39.98660807006484
12.5,11.65,1.8325563877193114,14.3,895.0,17.99288338001771,42.81522755613291,54.36700565190492
15.0,12.492102844942739,1.6689201052236724,13.2,1034.0,30.941538551963518,42.7105441729067,57.516134929996454
12.816646862520976,9.420769161931329,1.4,15.0,1006.5852333001606,29.275570333275255,44.8,55.6036727638323
11.0,5.916638564076343,1.4659610894290567,11.591794596585345,873.0862638154779,51.350019913338954,50.920314938744504,79.48806172468372
14.0,10.515263421257679,1.85,17.96983872504564,768.6891998649352,30.402020677127872,43.624030598909826,71.08009513194199
16.0,10.13724593615556,3.1652451770863568,16.6,1122.412660508123,28.858683063254645,48.55653546785393,64.32670989242266
11.5,5.770154423972626,3.2,14.1,1474.3187752531771,44.13728635474979,72.83806967893595,87.45101762607682
14.9722432595497,7.597636033613609,3.2,15.385308147175285,1263.0,52.92819873595926,54.07848067681908,64.39227631968025
17.0,12.226431807095167,4.2,16.14229693386023,857.685594416783,25.52539331480105,41.28962920740281,59.463442579790225
12.5,10.351220660691496,1.8,17.814547386991574,1084.6177407372647,39.84492623695238,43.27798373531343,55.4
11.5,5.67,1.6,13.2,1039.4624759246067,38.68202272059497,58.86016029754512,60.81266371582258
11.5,7.601276623533827,1.5,15.335463033684674,729.7262190302268,55.3495944396169,40.35136629540115,51.256935936994424
14.623971239442781,8.74850358966069,3.2,14.9,643.1136421596449,38.272917609024475,35.63601306850538,46.674716218401656
11.0,8.097164269212874,2.099314556511542,11.893721692679755,681.1655694879256,27.8,38.7,47.2
13.0,8.971761971623796,3.893372729117263,13.3370602645585,1019.0,28.9,38.9938014492973,59.64220466365176
15.0,7.479300037755393,1.920603309681982,15.0,634.9248792925682,33.22197734243469,38.3,47.74959034701779
12.0,5.787777665241848,1.6,13.078247381478148,620.7491498901612,32.0,34.75540290754218,40.18766621444531
14.0,6.8775,3.6,13.427598047311829,605.8739551083578,35.1,33.29488351339899,40.21632076136302
10.0,6.562065385340504,1.5,12.4,648.4722416381097,50.90652529072602,38.3,44.42047531049213
14.62801693925769,12.268168696255122,3.1,16.4,1034.0,49.488598839980554,63.42400888802255,93.99137325952705
15.0,11.249275181464222,1.970064987179036,16.3,860.0,42.106845018940845,53.55805424425965,52.58530033021578
12.5,6.980443797793997,2.495861293123353,15.0,1145.209762146917,42.1,63.49356763179072,113.82798765350566
13.5,5.519349423284364,1.45,14.6,897.1139488909656,36.3,47.5,48.95382148543024
16.5,11.65,3.5,19.298722863259567,1151.9355246512926,35.5,55.28065124885502,77.43659153627054
13.737386278163015,8.19,3.3,16.113705238638147,870.0,30.607675420633242,46.01615017557263,46.19689293218091
13.0,8.997643994438995,2.131976664379662,16.833176967701075,1084.257127935297,34.09753764728039,42.41397637154409,55.4
12.0,7.324897215191108,1.6299485567527576,15.0,762.5703532402289,64.91588247687548,48.89922158552113,54.963895887235935
14.0,12.885263143931718,3.2,14.7,724.9904509801331,24.397124995032467,37.0,51.60714963741946
11.0,7.245,1.65,12.0,674.0,48.0,38.32060921311225,39.19468560609104
15.0,10.018362952777135,1.8,16.6,761.6939510826489,15.2893882410212,30.019669137327124,44.3821624813972
13.0,15.36117926081288,2.75,15.0,870.0,30.072041547601444,45.53036862623192,59.740057974106534
13.0,6.090425793682671,1.45,13.651171179555341,635.0,23.16470278980319,29.928405354483978,37.84262606905794
11.0,10.994587741745681,1.45,17.9,656.237931473198,49.672427556123615,44.96806296463322,47.2
15.5,7.625279324214145,3.8878340781996696,15.565022994273816,755.1921904914312,46.413734219920954,40.3,52.382738507149895
12.5,11.65007862427712,1.95,14.2,759.2147398261445,30.0,37.0178336491304,64.11742138161108
10.0,5.847358506383893,1.35,11.038999944327434,871.3841378787766,42.367293601617845,48.8,70.89642793595402
11.902478521249627,7.535053492293422,1.45,13.2,1020.1701195934488,38.006024677514475,49.00014897255464,68.9
13.0,6.1425,1.6247854587944324,12.760249587187824,1153.8468377171234,140.97870149635168,55.01548797938163,93.91865411529965
13.112100605769115,12.389850774139445,2.55,14.071212561892573,963.4603769587745,49.885952615226984,41.63579087547718,47.2
11.5,8.295,1.75,12.0,701.539276490887,36.3,39.21238204401219,39.17058445119275
10.155063663754408,6.1425,1.35,13.4,610.8632933931602,34.07355121861906,36.25024062931957,43.37796965714212
11.0,6.1425,1.5,14.7,601.498251933552,30.0,29.4,35.26790058063566
11.0,10.682776255874684,2.1943722174413693,13.23658850887256,616.0507452076735,48.52230820821087,31.06806532381147,34.69309046972372
14.0,10.612558974766863,3.6,15.1,733.3941486444219,24.11564571696931,35.31367886244454,40.1082823938509
13.0,6.8775,1.55,13.9,739.3055643915615,28.6,37.02135395752896,41.5
17.0,15.028348943905401,6.33339885329601,17.22507533282228,736.4728121579191,28.8,37.0,39.5869980482075
13.0,5.748358461907821,1.4,12.5,727.8556115402146,17.61251107811311,35.49249043284974,55.87992096604725
11.5,6.1425,2.0015135697543194,13.451973746089402,643.7485060388384,38.53776128288171,37.06584511609439,45.47982456639076
13.0,6.51,1.35,13.7,663.9990646462397,49.1,37.56935893625252,47.2
10.0,6.7725,3.2,10.80094571615805,685.1077957865018,30.0,35.71825246924721,44.18188299754978
10.0,4.880090478263168,1.4,13.8,582.0,67.5777242044892,29.4,34.35972775161403
11.0,6.51,1.35,15.0,603.2745302267573,22.53556045052814,29.4,34.09457518250295
11.0,5.5125,1.3044507692862197,13.6,676.5403199326303,31.6,38.3,41.570594682846114
12.5,13.55,1.683078052652297,14.8,966.7439898919354,22.330819102194308,46.21478511057536,84.20697043588186
15.0,18.15,5.3,18.149092143485216,1196.9513963264617,16.679392572185563,43.54519728976234,57.6297751965043
16.0,18.14896749040627,4.9,18.750336949717507,870.0,14.38795663536326,39.74445410643698,36.216136516509415
12.5,13.925049767133846,2.75,14.9,822.6812711925544,31.020356607503675,46.13466717410986,49.9588437146091
15.0,7.245,1.75,16.385896003418367,1006.8094803845438,33.73702266269582,48.48058613179768,88.41094723369541
14.0,14.031419517980412,3.2,17.1,1034.0,30.44440771083898,50.45332713576917,82.71454540005513
13.8036013099224,11.652948906822152,3.1,12.49493413549077,1288.0460084793922,32.22501365831201,69.59761480073573,89.44704652392748
11.0,7.514142199085065,1.5,13.8,804.7936136116423,58.67915082088941,52.2,56.09907299657183
12.0,5.5125,1.35,14.0,926.1450411740796,34.12631261021265,48.48033827900467,46.60407727984514
12.0,12.147836753482506,2.55,13.079612994227512,596.8711930164789,28.63458449787345,29.4,32.3
10.0,6.1425,1.35,10.74772846571389,594.5857045983578,26.10471385921783,28.159863093454053,36.206257602928424
9.859775693607762,5.9711825830339285,1.5,10.967341796602332,538.4052833043581,30.0,27.17315241389619,32.096276140645934
10.0,7.080116063317023,1.55,13.2,582.0,47.35728716272965,29.833166973574485,34.03521212001568
11.0,6.915887066153541,4.190181621179818,12.4,596.5266862019618,71.50074033024119,41.822878146627616,36.21656281695272
10.0,4.735448039541892,1.215375628543404,12.9,603.8033252475196,16.6885872211933,29.4,39.5412139744844
13.0,9.495064965043804,1.65,15.009113435225373,860.7516085476379,23.6,37.52444827093288,45.981450999909995
14.0,7.664014461110026,4.888359923107487,15.3,880.3999061908364,32.0,47.5,66.81968348015226
14.0,17.8160274897607,3.2,16.98660056556968,1475.2539787326984,27.385880322194218,70.8443221071177,79.68928393576576
13.5,13.41901626963551,3.8041774733039744,12.4,1129.891944787836,26.22794910701106,58.68223027300185,59.53354866128417
11.5,7.972492622313811,1.4,16.6,870.0,41.01744112858795,47.72896938160387,53.263530949496904
10.0,6.825,1.6,13.685383812496527,790.158575342056,34.70777320933054,38.3,48.530028094550474
11.0,5.594684183311708,1.3599435854640045,13.299841511467537,600.6809346464922,30.0,29.974283179079677,38.50624223032138
14.405384018152304,11.325228892198158,3.2,12.497676321450827,680.4668017850814,31.079151820369233,38.3,39.14011209144507
11.5,6.580941664621441,1.5,15.0,736.8372803256354,18.407837124683763,34.0565324640786,37.42862960856458
14.0,10.185,3.1676413629062825,13.911441217908886,1285.9734247347556,15.811571234840773,56.745379973806514,89.52608052513308
11.0,11.130158378454183,3.2,11.133706243227902,780.5790989102065,60.440339397463056,49.016282770487535,41.61951057160638
11.5,8.295,1.65,13.090955308416877,884.6112109593962,42.18303770063502,44.8,41.5
11.5,10.6,2.55,14.8,716.8527263032626,49.939580924890876,50.8,55.43643956215327
13.0,10.6,3.6464475164192733,12.0,870.0,46.42406163684143,47.5,59.98460804132325
11.0,10.185,1.45,13.4,673.6655234785575,31.033392780360526,38.8,34.06463022537333
12.0,11.873365560386091,1.9093225805135392,13.9,1194.8083136564305,35.63662486116252,52.10403501987407,89.96260187093182
13.0,15.6114039816917,4.839843230122449,14.4,1341.2866507538909,49.16521001068658,63.41220033316653,84.5331141925242
11.0,4.9539463012214,1.6,12.7,871.9639147281138,51.909481063108196,51.3,47.89656732893101
12.0,8.295,2.55,17.59674796057402,880.0,46.4243549593695,45.7,56.9
12.5,16.77282279394032,4.451466908120182,15.3,737.5659762127754,40.0,44.8,44.49003995721022
13.5,9.45,1.7311360984696378,14.4,942.9709646017046,38.4,41.3,92.10722774218303
11.0,16.02019656395292,4.2,13.011003973931013,900.091732432066,50.104123412855444,50.8,56.21884507677302
12.0,7.0875,1.45,14.0,1036.0618496451252,46.401959202340386,43.988925345806315,77.96761286210256
15.0,13.556317134413534,4.215601425600641,15.0,1295.5167940173014,30.0,54.16031377057737,102.41878447715682
12.5,7.830530569223544,1.55,16.245012119003366,931.9992327032114,244.64693237548855,66.2328599634625,59.84420539133012
16.5,21.333450241512768,4.143897144374306,20.255949805691564,1288.6992622438188,33.7,59.2,103.64740518656001
16.0,15.504751165677218,4.946283016082305,20.03839387003722,1551.5447230179996,41.74821237321271,85.70034728001025,105.50273232874294
13.0,11.716352876330264,1.4,19.729394147506305,1558.160526535107,59.79811233825074,73.74380738942975,112.05218395885191
15.0,10.703898067193016,3.2,14.6,1654.6725114842795,38.56333639873513,83.1445464455014,107.05167562905669
11.274218150816653,5.975952740163712,1.5,13.313516931619224,1436.673510888465,68.7,80.38560776542532,104.80378576757963
13.0,7.938986023979085,1.7899675055385573,16.237608286467864,1544.621523649396,52.796132047621775,94.86702208918531,134.2318779125916
12.0,9.885375908649806,1.5,13.7,1468.8889152659372,55.12131893774451,83.19943147212643,98.6
15.0,11.589634556131644,1.6,15.0,1353.1591022723069,69.00751150002294,72.83171977857617,83.99082691083518
13.0,12.484343455380962,5.510098423967238,14.0,735.0533413490175,28.8,36.4198716432999,34.7035116976711
12.0,5.731608893950746,1.55,13.9,556.8830486409217,30.2,27.36144201937237,31.945919649950245
11.5,6.453172328138029,2.944926476601612,13.1,553.8165046373409,28.6,29.4,31.930830357597866
11.5,6.685700446630813,2.1,12.710691572067,605.005122855207,32.149344107933224,31.746851971780984,44.16759729972854
10.0,7.236955462027937,1.65,11.604821453626911,701.4593737363708,46.41470129109967,39.78527451651496,68.9
15.0,11.694161230328573,4.18223683765435,13.9,773.0725381704294,23.632956718694302,46.69487984160078,36.48344913079629
12.0,5.67,1.3527604918485352,13.1,880.0,43.71543109402835,45.287172252749016,65.1
13.0,8.1375,1.8,13.6,777.7213520362437,29.727837877624598,42.90345702729659,54.00241368275356
13.0,7.245,1.75,14.754773691849268,1214.569419353168,31.42713326630989,62.790438978920264,90.19256055379051
13.0,12.630196404770164,1.65,18.446531521350085,1359.4304459808113,31.82137584439821,65.4743944411967,74.39092416040103
12.0,7.0875,1.65,12.541781928154771,1214.283055766853,53.761249233194704,52.60441435669183,78.86320673393791
10.0,5.870200190583476,1.65,11.278113827953264,900.4486518242607,49.1,46.09444960959103,50.003139032250495
12.0,9.216662336270973,1.55,15.3,1354.4255936825728,64.2,85.68663435064721,92.15415350063002
12.0,13.509984488391641,2.55,16.3,1006.9199540589034,49.39389311343527,51.863536079007886,72.67450895899425
15.0,15.94854902039752,3.2545097764814472,18.3,1071.2147246659295,23.073292431515817,43.763120843580225,71.88782612980675
11.0,9.610584969542106,3.425765047987445,13.2,766.28557638104,64.31986087197848,41.195948202701224,49.45172028384469
14.0,7.0882012435214845,3.8,13.7,729.8747048673163,41.68019432131336,35.70200294840985,41.5
12.0,5.966791247518673,1.423034006375385,14.903765570317164,1029.3252798777714,39.09124564278434,47.47809199832143,88.97546479967669
11.5,7.855007601784117,1.9,13.2,1032.89208641315,55.37335074619303,68.43156979898784,52.4064529578492
14.0,13.55,4.5,14.673295788801603,1357.1570273808777,31.1,69.6808043860138,105.75029308035296
14.0,15.01389118880567,3.970297014186227,13.605375023009941,1212.1416530647573,38.867437283108536,48.8,55.42542848281407
11.570236514112484,12.288269632570163,1.65,13.403697857391288,918.9067483651055,20.62602305180023,38.8,41.5986947884604
12.0,9.009470414841365,3.0,15.3,1164.2057529422195,41.03892494984167,51.67083660139436,69.01331214077621
15.0,6.51,1.3359342443550961,15.3,1212.4106848280371,30.0,50.8,50.21648153393762
12.0,5.5125,1.65,14.6,703.6220780068609,30.913286468282752,37.0,40.62953536097915
12.0,10.090247211814335,1.4,17.478285931373556,1126.5729908736052,37.19370220081226,51.3,79.07974446774489
14.0,9.66,3.8,15.4,731.9770369202372,29.38994564298256,36.67291252349988,47.22165413846538
13.507694042459093,13.431477552009621,3.052067363722994,18.089706164334455,901.6266914620501,32.5,47.88252193639598,59.77872972290961
10.29650308862061,10.063894562416003,1.45,13.625220227621963,820.4587515992282,45.4,44.8,50.4
10.57418576249961,7.447615206849692,3.5,13.4,702.0,51.65314490557601,44.991763107492794,41.74891522013556
13.089545776167888,16.65,5.868932937786661,15.0,746.578694152902,23.6,36.62830368609993,44.66293666209794
12.5,7.0875,2.6481135327918337,14.571778981543007,906.422402604642,34.02269178326599,45.615314421963696,52.877446600063514
12.0,14.056362096841125,4.2,12.847318491627698,928.3889812210992,31.78227996800092,51.3,59.4107602944044
11.0,12.55,1.65,12.14719336585448,729.1175100621474,25.44652204421684,35.385660972636785,41.5
12.0,10.078688689411118,2.767510756133373,13.713749680898339,759.1229251275848,32.5,37.70300980221736,39.0694176875589
11.0,6.825,1.45,12.6,635.0,33.0,31.28700976414096,44.49115571476722
10.0,6.566596902817749,1.5,12.169872009583711,634.3933979153596,42.1,41.01425019889455,48.862498962013476
11.0,6.825,1.35,15.0,732.9889416724825,47.714043238928454,41.16272803289746,50.4
11.0,10.323199719826068,2.3010789696265186,13.4,1089.5742247454396,42.76715777172457,64.71504148418771,55.4975077328163
13.0,12.804373049435693,1.3773697444716606,12.202187564259724,682.3871396274862,25.4,29.4,39.57658063484337
11.0,6.040871631507539,1.55,12.903541705392469,540.5212861600681,46.37385073316377,27.984976501173286,33.47293823619968
13.0,10.6,4.110473478705424,14.7,752.5046731966613,23.6,37.0,47.5949336919357
12.0,6.825,1.6,14.116050461575421,620.0400746371065,23.37117868661262,28.855880194580596,36.23408032582087
9.556060391804344,5.0676613909867765,1.55,10.465681721607005,540.1159269645818,68.7,29.4,32.3
10.0,3.8891810750262588,1.35,10.732663342595401,634.5733035219547,34.01546409276927,29.4,35.676066580490925
9.58463102065461,5.357323144379183,1.55,9.958161374028718,539.2746855822335,64.08992368946629,29.382014709110646,32.56892402242429
13.0,6.5110501676115184,3.443680874867785,11.957203665295507,592.1950671353195,40.5,34.69465430464705,32.3
12.0,8.295,1.75,14.3,594.9143469521721,45.4,30.296875143353077,37.78139636316532
15.0,13.026781851187456,3.432697128404059,15.4,777.8240577385374,22.436638401579643,40.47640566104612,41.019713311082626
11.0,13.082646810852808,3.4,13.055605216428182,706.4625346106235,35.1,38.28500199222518,40.43001634008894
12.0,8.19,1.5135812773096287,13.875021448711315,736.1042102679071,37.903161422812396,35.53124794183046,50.4
12.0,6.807794856235507,3.2,12.4,638.2404632407943,46.287512072926596,33.81905585826944,35.36260435564696
12.0,7.0875,1.9400594330471737,15.6,670.6650569078745,25.6,37.8707972622847,39.6492866925351
13.0,9.447443670249829,1.55,14.9,1150.9555861373256,32.850714863852566,46.442491802825806,52.54646101720509
12.0,15.613135420900415,2.0,16.4,1009.4287966629373,42.14334614897947,52.2,50.518987394824975
16.5,10.185,3.2,16.6,1455.5228402612079,16.541923995706693,58.413918460881476,105.31188490248341
14.0,13.186175052737177,3.2,17.1,1376.4910710478189,68.7,85.78726233399442,98.16078096490214
14.0,16.022732536668407,1.75,16.2,1188.0169073220327,32.0,51.54507304843346,64.36786730419287
15.0,15.717054313774549,1.6,17.581639989985206,898.0,32.6577272666083,42.8256348841633,43.85540610816731
13.0,8.1375,3.8,15.1,836.0,40.636109104994546,47.41011556078291,47.7
11.5,5.749166918786128,1.289506902364263,14.9,783.9365406524039,24.549712124754585,38.3,69.64277568586942
13.0,8.043261626691189,1.65,17.743836469012386,1362.122933156073,34.39413732056082,61.181083241540726,105.01223408994468
12.5,13.55,3.087233494243958,11.834028704004062,1300.2638562005934,46.13213225905815,69.61985433166413,54.67789210015684
14.0,8.194998876721153,1.35,13.7,1215.0,35.44844590476798,59.2,73.09624914696772
13.0,12.937356392172168,2.1928972063682703,14.1,1368.148940165827,31.6,67.68961977200357,103.92676070932826
15.0,11.65,1.85,15.881851009888914,1605.6847540618037,9.566156057530032,71.15207318846225,134.75015026180967
13.0,12.503085165403146,2.75,20.00848507360386,1160.2870572579513,48.338466862816766,53.39984236717783,55.41475013436691
14.0,13.818295351383007,4.047964739311261,14.0,876.3550259607957,65.32666381771779,52.16190653140041,64.167726483816
12.0,6.825,1.65,14.4,1163.0,50.94733157882413,61.236300803690675,104.6533149928154
10.0,6.443075213550105,1.6,13.2,1001.6827217997308,46.34720766285512,45.746600513840235,89.88229188796463
12.0,6.151340375171852,1.45,14.90912138983981,895.0,68.7,54.06595923726592,55.4
15.0,15.061342871654139,2.7830129556915573,17.035613900802844,733.8257148061718,22.608163769205934,38.3,53.16451772584887
11.141622059924282,10.698220832242939,3.1,15.67900965017446,1372.5967958793476,28.75745713408733,72.99464287552365,98.98081929342727
16.0,16.80428557570262,4.3,16.6,1524.477917153927,56.69600761298316,71.698501439897,104.89455707393033
16.5,21.263048657925378,3.6,18.0016088399752,1226.096320354394,31.1,50.99576859764877,96.73153492770744
12.0,7.0875,1.45,12.9,1374.32314047409,29.776506638494954,67.62296229549524,103.41503943507317
13.5,11.44699000547763,6.634376902036886,14.236356319164807,752.1308239669504,43.35279697459263,46.53608358761122,41.51772717490194
15.0,8.574578771820192,2.1723430356290656,13.6,633.0465286845182,31.286244271987417,29.12296931199495,37.138952701953926
10.0,7.236153678645214,1.35,15.6,665.5498934935447,45.08469779281955,45.32076355888255,45.01871229824352
10.0,5.6813894985986035,1.4,12.0,701.0174636134383,65.42507280561546,38.8,40.34239171595572
10.0,6.3,1.6,11.372685794091469,597.2223015168715,34.64360146529651,35.811796425734656,34.1253548157006
12.0,6.825,1.5,12.492684705629033,761.00536314033,46.713627033548306,42.381361241900684,48.96676785769074
11.0,5.974094964874924,1.65,13.7,582.0,54.784722362646086,33.655554271746325,34.34851129749923
11.914990440849145,7.665,1.4,14.68594310305054,635.0,23.6,36.81803027076664,40.67272854137007
10.0,5.9885498018947665,1.4890805832008458,12.4,727.7567580786125,47.4,41.79499323856058,57.7028582676302
10.0,5.132828730280665,1.3865772857246368,10.477139448725415,768.1657681618361,53.69999877704,39.25707268892391,47.09262100703161
10.160650085608696,5.681008410531387,1.45,12.020407388756649,540.7679166362774,48.84254894401089,29.410860228956217,33.31251711814681
11.0,11.682399788652251,4.581319096701438,11.463337767470435,595.0022232231739,49.7892143565187,30.22765240867697,32.3
12.0,6.1425,1.45,13.9,603.2930513469702,24.37447422696608,29.648264552758537,36.277233341833885
11.0,5.401483570322631,1.2793703168592658,10.710796159105584,595.76540541006,15.19104715604259,29.4,38.59590749635469
10.205411263259972,5.5125,1.5,13.2,734.2916276447756,32.0,39.35826356338314,79.19044460029961
12.0,10.6,3.4741113202053526,13.342855148409928,729.541265655863,17.977497031709774,29.648416150758525,40.22242225263236
14.0,9.995374907613352,1.75,15.0,848.4497874514924,33.0,47.64752992574216,54.53118923475561
12.0,5.057979184788874,1.5684194918840468,14.4,753.0669358042871,65.79720519595648,39.73277912531271,46.92593683070785
14.0,6.897267686695609,2.0129980140384873,15.981638523569654,872.2100650075372,58.12562763979344,51.86034007566001,57.80899639129145
12.5,15.069988022096155,3.2,17.6,1006.183512699067,40.75193663297645,52.75677707783492,69.12605336750394
11.5,6.578514845302471,1.598838788943242,14.5,880.0,40.71964519445448,50.0,74.50617869968772
15.838293942943366,13.9,3.3,15.0,1024.7211084516857,39.623470656405324,44.95742824822991,51.90843215312497
12.5,9.905503813178626,1.6,18.11642769814607,1405.890741487133,54.7,94.3259827900767,104.56406717179375
14.0,7.665,3.0,17.6,1019.0,71.51226386626864,56.87989185590247,60.15506664288573
15.0,13.55,1.75,18.3404618013951,831.5889187214702,23.50788989762953,40.99956367761484,48.58895356610098
11.5,4.767900021369711,1.35,13.2,920.1415996884301,40.0,54.09646599470073,102.95891567136196
11.5,7.816316580680204,1.4,13.125748206224392,819.1030960759233,78.35524445270234,45.6087051994916,45.443534343567705
10.0,5.5125,1.35,12.1211080053494,646.9072188681375,42.50101986470559,40.3,36.39436334812887
10.0,6.825,1.5,13.6,878.222688899578,22.485884240972613,40.05287422368857,51.0236691522295
12.0,11.970946976830575,3.1,17.4,1049.2593429127298,22.8,39.3,51.035741566813705
12.0,8.606024622939831,1.81380379296724,13.9,1322.6279998524014,42.81315414401296,65.49475368172318,87.72380924853854
11.5,7.059467689942982,1.45,14.257767723534611,1288.0657364077936,64.3688951079389,55.047747027066556,72.86763161956182
12.5,6.710460329813352,1.65,12.9,768.0293107649762,34.26781547065159,45.02609507838975,48.874026480347496
15.0,11.249296621881765,2.025669249943197,16.6,764.4483530047821,17.688011414425578,39.985977950842155,68.9
12.0,7.655888348998598,1.4,15.02222391858112,898.0,29.257156828711356,46.777948956864364,61.773244629364044
11.5,5.94185293801074,1.55,12.6,900.5679957320053,40.47054340966058,52.235189009944925,53.579890116602556
12.0,6.51,1.4,17.1,777.1005858176409,69.45602762291564,51.34913452094557,44.1551432851492
12.0,6.390422465117283,1.75,14.3,743.7533970701934,43.10944878502239,47.03559646294073,55.97674973916397
12.0,5.071700831477212,1.45,11.549443468735912,1307.0210439766256,47.4,70.70593913217999,104.14012811338736
13.0,7.0875,1.4,15.48322214758618,1478.5823113472784,32.0,97.31696672728684,87.90567811522638
12.0,11.402148254203889,3.45,13.645795856225401,1131.1988650454869,38.4,51.462618213265024,54.16682837495883
13.0,7.102771883316978,1.55,14.1,1145.7432780225267,39.971252204926536,49.8654075775818,55.036372885797235
12.0,10.292846856950865,1.5,14.4,674.7566025741628,22.330596455540277,34.52715494431177,39.551023088748245
13.0,6.8775,3.59753262642561,14.8,624.2977298256002,33.7,35.40211308772253,37.18533572889785
12.0,12.881997405123881,2.0,12.4,846.3428285333263,15.082236763715706,38.7569934674617,52.005686709006845
11.5,6.978956264023526,1.45,15.330506447744822,729.5231584487315,31.1,40.3,40.45187580135754
14.0,14.52604427877749,3.4,13.55769647773912,685.6254444000554,33.7,42.2995056308642,49.24061275200233
12.5,6.1425,1.65,16.50849625777791,1000.3138401402405,28.8,59.27953550147756,89.39128859903725
12.0,14.060430253178,3.1145533731187443,12.7,1211.8485831161056,38.1,52.89045241638221,87.99600255830504
10.0,5.054239971093848,1.258297927768483,13.6,1472.4469645278803,53.054367742501796,66.24366675786567,93.14172915678972
13.0,8.729664609008605,1.4,14.5,1188.7040089311217,40.36384130185174,51.3,59.505190925038825
16.0,13.459896748323958,3.8,19.00072823333246,1128.5474937244696,32.0,48.8,59.72620140880046
15.0,18.849125488889438,2.9670988971101195,14.7,1214.3794700453127,31.412060912333327,60.819151994649275,92.34807746397364
16.0,15.055688303687301,2.025560541539189,16.6,1308.221727966258,64.2,53.88072572248217,106.7761668517874
13.0,6.494552252189285,1.55,13.942024657409691,1295.0116865035923,28.751380377782205,55.540406476035805,49.93922188731772
12.0,14.302121022854033,1.8535101196226926,14.3,880.0,32.0,44.052291152146736,48.567397385185174
11.5,7.847975984198929,1.6,14.9,859.770858754378,32.321203849206825,39.29752497988382,56.9
13.0,11.8,3.989761943091838,13.9,1083.5700841656765,36.41198466468166,52.346369581142675,80.73180840783432
15.334045577378447,18.15,4.3,14.6,924.0163135927424,32.9262341837465,40.339261511836916,41.87257878161263
12.0,10.6,4.864666955899037,11.25887246219906,899.968170872307,34.096130110634206,51.3,52.435253470747384
15.0,8.254252542192733,1.65,15.4,1031.1091090956497,26.908225855403064,51.790262064897675,87.43251662434896
17.954153743139585,25.559489534340965,6.136942591978593,20.222942464515558,1479.0541467291134,20.17219915319822,59.27288526974087,93.82653922663512
12.0,12.23866263175088,1.55,14.6,1427.0732488487477,23.6,56.23326165697192,92.79831498496668
12.5,7.161424403323907,2.95,12.560323593627153,782.8812775621303,53.668891150225186,48.881105048968486,73.16692057350137
13.5,10.267896353291297,3.5,17.49271229346747,1597.6118024190393,34.98072794401601,75.43979870828622,93.60451713471512
15.0,10.69381367892451,3.2169072325924333,15.1,1471.8046877539298,29.72268494444769,72.3796491472742,65.1
16.0,15.806771722707078,4.357023756563706,15.0,918.924054557877,25.534840314102055,48.8,78.9829879648149
14.0,12.469784900589682,3.2,18.295170125628296,1223.9463533354506,54.7,51.10891383253162,64.87361825401366
15.0,21.32109205165418,4.663868708935283,18.095494039985727,825.3233889949763,71.55891177299696,72.2916802451083,80.19506884721146
16.0,12.56428207059399,4.0,16.474200797366134,1194.4812253832488,28.975285443489586,41.221166990010154,45.7041528186389
17.0,21.29994511803904,6.141710662155606,19.325880242282317,1552.3548062364093,31.34998429452266,75.22476703918005,80.34042956977598
16.0,12.612836558060668,1.4,18.387587369349863,1581.704809124214,35.1,85.64804409376563,106.51292912002218
14.0,9.805209944666364,3.2,17.6,870.0,30.0,51.3,48.97481049265863
15.5,18.249121838024145,6.395251810129503,16.3,733.5221585331867,32.93583343512381,43.67065934303259,48.32694712584814
12.0,7.568487190603385,1.9137880675443206,14.7,870.0,34.00572953551164,44.14886143943805,55.57163056692905
12.0,11.452990113438675,1.45,15.0,1148.711486596693,33.0,44.8,68.9
11.588937490420257,8.26528826222122,4.15,14.4,1286.6184003542535,31.01671436109901,52.2,56.9
12.5,8.19,3.8,12.4,729.9750415573742,40.909715313889826,51.08978635100905,55.45563016569104
15.0,13.424730569391873,2.75,16.6,1017.748557654123,16.583672692073556,42.325305196371744,49.321356869981095
12.5,9.876310041865622,1.5,14.5,1163.0,47.28918899191593,51.3,53.303207617774426
12.0,11.442801677214558,3.5,15.0,875.2632835854936,45.4,52.30548611000898,87.65437610973065
15.0,6.3,1.45,16.962078703643357,763.2381441782155,49.38837633782579,44.42437760171743,59.61684052953813
11.5,6.1425,2.3316458695932902,10.861050958965789,873.4377638573214,31.448205045351955,44.261606253813504,53.22415672072893
13.5,17.02091828811569,3.8,16.6373516646434,1263.837895058896,16.508429057480658,51.88814419467732,68.15374008554278
16.0,10.6,3.0871812345831735,16.520898400212968,1428.5811674897168,28.8,66.91994691665357,101.44038566749181
12.5,15.033575634777636,3.6,14.9,1263.0,30.916654838506343,70.03432730122707,92.7991725988096
15.0,18.15,4.1,15.1,1326.4613983793847,49.1,61.01073816480904,103.61312315032399
12.0,12.273576722587693,3.8,13.675853417092265,1325.8798992002328,27.784618583536222,57.812280007430374,84.17068679988509
12.5,7.245,1.4,14.439785009260723,1478.6144826274679,33.67205256971135,64.5436927035493,92.36712356211702
10.0,7.548197683162103,1.35,13.4,1310.9786957269946,53.03952677650561,56.56076246933215,47.27247917039275
13.0,5.934280108749963,1.35,15.0,1288.9714823973113,52.532534582795854,56.2,62.385653689916424
15.0,15.6345240723659,4.085295951764193,15.61263521941528,1048.1821195659181,35.1,49.40752075045904,68.9
15.33202692131583,16.801603408442183,3.5,17.65910646274313,1214.6213929821624,48.0,41.940047570651636,52.46653772097332
12.5,8.004641653958156,1.6,14.2,726.2915307901675,31.1,37.42667634135933,47.56772677327878
12.0,10.6,3.4,13.2,1127.464151799615,34.83548659784272,51.3,90.13454320753404
13.0,10.845904497138406,4.0,12.303312364153351,701.856856085385,38.357467950971696,38.41924384558807,40.68524539076309
12.0,6.608758487172971,1.4,15.0,941.7834352843604,35.5,43.398058851814405,59.35024507028956
11.0,7.982852216264691,1.55,11.397288408885304,768.2552352999164,25.94493885948208,41.150685390045105,80.31284922670773
11.0,6.1425,1.271879753061165,13.1,1024.8124215539908,26.01095907490659,45.644233432533746,64.23325018303252
11.5,5.003944685406971,1.4,13.4,660.0,38.1,32.0972243580361,44.46145566588774
11.5,7.76141414616518,2.0469193712724447,10.789980057705085,736.8741245592404,136.25825860752275,55.20179235117708,82.12572360240334
10.0,4.8439895168356815,1.223037917434026,11.228246945212998,635.0,14.113334408723823,30.121111932541922,41.51418673384864
13.0,9.995632804372356,3.8,14.5,621.1553347166832,30.012789519106505,36.6499841102649,35.737258714828094
13.0,6.151570935599433,1.4,12.6,736.8936371565117,20.064631325812456,37.0,49.954847097984896
10.0,5.022159066980361,1.35,15.059318564279819,639.4776566367154,81.321081533389,39.94979205073352,36.52868173010411
11.0,9.406285578438984,1.35,15.769288272691595,739.0940661214656,45.3506327806604,38.3,44.35362206265859
11.0,6.654312265473635,1.35,13.164954623470543,940.7739549108514,34.86210909771959,51.97182624289782,82.32775058342665
16.0,13.475361152006007,4.3,16.4,1215.0,54.718881454121586,50.650129293401626,56.89446562389732
13.0,10.08,4.9,13.9,1042.5209562583168,30.97812040276858,45.7,47.2
12.0,6.599361015992475,1.45,13.7,604.1510805028762,31.818587828428292,30.18251596567819,33.493224431198996
13.0,9.619533362525848,3.0,13.83898375535081,592.8882752342649,32.082154611517865,28.563609843982245,32.3
10.0,7.2534025620939655,1.5,13.787421923232454,674.0736342592288,35.534557112924304,34.9962742600411,41.566499279081405
10.0,7.245,1.3787850486432263,12.076757884942236,666.8251442500033,60.498368723352485,40.33232392041687,72.89462746711332
13.0,13.306134409681073,2.1,13.7,804.1761559115436,46.46974814812089,42.01022087094289,39.456143236087726
11.0,9.313602978268126,3.6,10.72180215386473,605.5917558552393,33.21908749362862,29.680930471018826,32.3
15.0,7.663253422079805,1.65,16.1,601.0569863158794,18.170514561799354,29.4,39.25664965579787
12.0,8.564130057836753,1.35,17.677110012621988,768.9652908836505,35.1,42.31843914388524,41.833052140703124
12.5,6.015558488884154,1.45,11.817064089638642,605.9236107473498,23.6,30.831316705901575,48.580933955941504
12.5,8.610938501522066,1.4,13.2,728.5829276374418,25.495756081609436,39.2,40.96204875825767
10.5,9.575020052522689,3.603209265548681,13.9,733.2544308700295,36.57860669354177,41.52001338989295,50.4
13.5,15.095485880733628,3.431044765292826,15.0,750.8856299315373,34.104642988237906,40.575792767812665,45.26877726572828
12.0,8.572179824591267,1.4,14.8,734.3294422589039,31.1,40.367444827624325,51.763526539382774
11.0,5.846113884455088,1.5,15.883419122432187,734.6503004071427,29.127736351254978,39.51965388028926,40.50690552246989
13.0,6.51,1.45,13.000003573538226,1163.2474229280028,51.14631108680553,49.58640238778896,59.616071042821716
14.0,10.734244096925211,1.75,14.8,1185.6128862741978,34.05616029758912,59.30114117564639,88.54944197966901
11.0,7.0875,1.65,12.885918960458229,886.2859988594042,55.754607856427235,47.5,53.26200592786747
15.222844138119513,13.81939181345492,4.0,14.6,815.3918002332798,40.0,41.030809208379765,41.59296727057757
14.0,8.036081026541847,3.5,14.8,1453.7476116295516,38.35521396679481,85.70437194114447,133.97051154405315
12.0,15.015533657876196,1.9189651507828756,14.5,1538.913722483184,41.12375065188534,93.61805070377473,84.11632760311706
17.051975554124738,10.061077014679643,4.2,19.85128379230368,1631.5303556907072,46.48319581135617,99.93488201242059,131.5576762645375
14.0,12.738764732990902,1.65,15.8,870.0,49.1,52.68657256610703,50.4
12.0,10.261904172291809,1.6,16.723569779724595,612.2015198690258,36.3,29.4,34.92553257875495
10.0,4.8893812675070825,1.5175026402662468,10.681510506834305,645.7861534996964,45.4,33.84431250590617,34.979304977057765
14.0,10.6,2.697643930131357,17.8,745.7412169058687,33.465318618746025,36.280984963802595,47.2
14.0,7.765514250643263,1.5,17.794265994641105,1055.901028266238,37.646809817216116,59.3,65.1
16.901042233901805,11.99895117428171,4.236184660227195,17.7,1477.7458865793524,33.7,82.84372464712378,108.09935101927381
16.0,11.43771208082816,3.5,14.4,895.5142148862606,23.015754193985586,44.99508752064103,54.10236730182159
14.0,18.081088002685245,4.641106310027612,15.0,816.8359185590879,42.58393643018002,38.49547135582621,47.210900025729956
15.0,7.452693321260632,3.8,12.242934675500042,726.7156231032973,41.08501256354844,40.97473747171665,49.66088158667654
12.831363118504605,9.702033111773211,1.6,13.9,1025.3177210919753,28.275417368491915,48.141667295642,65.1
13.0,6.4187215860321,2.1,12.7,646.5548722548853,46.5,39.79004076845816,39.28941068151692
13.0,11.410743287511284,2.630479040877711,13.9,936.7458425969481,26.937447031514644,42.52109170524131,54.94648108191749
15.0,15.089907622037888,3.2,14.901344655743502,755.6000697350529,38.4,48.8,40.47849284649029
15.0,14.5,2.7488464414747553,15.707005406084832,940.4768512903295,30.076811698921954,48.63383881324421,51.15161079978851
14.0,11.653722203774052,3.1,14.4,1019.0,36.76317198762266,53.27495248504039,59.64260945240317
15.0,18.015170481713835,3.2,12.9,1146.5813205033865,30.0,46.3430127677762,52.5
11.0,8.30114977058383,1.4,13.4,685.7422574028163,36.232934173138304,35.36082234399154,36.792495404677375
11.0,6.405,1.45,17.665126869443007,733.3472827705341,29.33140474975228,38.3,52.206104204603996
17.0,15.0097007613053,3.8,19.330207972873414,1164.5788850992176,25.4,53.38256722993263,82.07387445264415
17.0,15.479952547147098,3.2,20.09754381393277,1644.4353050267246,30.0,79.50450429708354,132.228464121679
16.5,11.319092795830203,4.385314911103456,16.94232105487124,1289.276166966401,42.55948668791167,50.923400601979,52.69659766875115
14.0,14.822842052447243,6.5884936635648135,15.3,769.8588494188227,40.05519820420906,47.5,47.718678529255165
15.0,6.51,1.45,13.956873502315919,1162.557664960393,29.691930505857815,51.78083344480567,93.59148625662388
15.0,7.621088644050588,2.55,16.52029002274103,741.6917210969876,25.785538560997228,38.7296590940166,52.444199007451964
13.0,9.910637357647966,1.65,13.2,782.9466430379576,36.183518807509955,47.5,45.335390923732305
13.402878960768064,13.9,4.098376560741967,14.257094805273812,755.8768821236948,41.328695965224554,38.3,46.16922850269233
13.0,9.56961075137363,4.11382014662738,14.797141263379167,1286.5858065945063,28.662047934289557,51.59013740392245,68.9
13.5,15.84841170159093,2.75,14.960882502019611,1297.076443455675,32.28030549491846,72.71097431475934,104.83735642436295
15.0,17.466909599813967,2.55,18.415689459541767,1571.2791947752346,31.1,82.54915198603236,80.10781080238894
13.5,15.082614703541255,4.3,13.96598413957092,1256.6832498914118,48.591549693668625,65.58155771124841,73.08518226443843
15.0,6.9965741466106275,3.8,14.6,897.5183683519714,30.91934882371758,34.885403384691664,44.70588559045619
16.0,21.258395552714095,6.642196907721143,14.1,870.0,50.49311572670224,51.3,52.5
17.0,15.800561887665092,6.522766008191198,17.68038257795769,986.6556050954407,46.37402440980774,49.57819681334988,59.32708133086922
15.0,16.46533314257814,4.9,14.9,1034.0,22.8,45.0,41.5
12.5,9.449434105410615,3.8,13.4,858.623608890488,70.33518956391511,59.3,50.350641365412386
14.0,14.573035226441547,3.0,17.6,1163.3684304443736,40.688853957127776,50.450351487826815,68.9
13.0,11.65,3.5,14.6,1005.1246172826387,32.5,49.26781286016768,85.22391402583773
15.0,12.114010913191922,1.4,17.1,836.1593164027611,38.418838607013925,43.902139023048576,69.7892968671381
14.0,8.257683314567977,3.6,17.6244848691957,915.4379417569874,45.087961957787584,45.2406711983625,56.99398961352892
10.0,9.882031333050973,1.8288077430099172,15.0,764.2450331200348,23.834719209592077,44.15809608959977,44.39046617176173
12.0,9.81845240917538,2.55,13.260955498148508,708.4544975372913,45.4,37.7,40.30352810561369
10.0,6.9365411270791295,1.4,14.1,606.4326941251003,32.0,30.044605177151166,47.470368045474004
10.0,7.792645485002802,1.3471234270165988,13.1,836.0,68.7,46.98639740417748,53.31482107350286
12.5,6.381103826170175,1.8,13.7,614.0,23.6,36.70854251080945,57.014100852005804
12.0,9.034776524253887,3.6,11.124259218253927,731.7389605798307,24.37975543411923,38.7,49.407147631652464
11.5,7.0875,3.2,11.727747470002607,855.6536969476426,42.55013183460785,47.05974964144024,68.9
10.0,6.1425,1.4,11.891435910549896,726.433409871142,47.34567729194564,40.38770078235943,54.555294903230326
10.0,6.88438291148659,1.2174882094187034,12.957531283757584,763.1523066412151,45.4,45.16102971780314,53.364742161360525
11.5,6.809646217398058,1.6,13.7,875.2272137653646,41.88880131759655,39.3,49.90637204744036
13.0,7.665,1.45,13.7,1130.1519844993372,22.8,56.812414197673306,66.35428464938224
15.0,9.82446331011529,3.6797191894865935,15.091176862959783,918.6143131437703,30.0,50.0,53.38672324885775
11.0,5.67,1.4,11.217960744747208,880.7037765812636,27.323731326215217,43.36482739723974,56.838261694912596
11.5,11.737693521321221,4.3,15.1,664.5182691538082,68.69384351701876,48.4975869946793,45.75293018974065
13.0,10.372297637471025,1.65,17.72699261661933,895.3020078135642,34.20021916008624,51.3,88.47129439116199
16.0,18.135563473404567,3.8,17.6,820.7970457199243,49.47322054167743,53.12248058941314,66.77864544472155
13.0,7.060673795185255,1.4160613904005013,14.1,1059.0518433432583,55.38195145891307,64.15334664440574,93.43990928126645
12.0,6.850397090737598,2.75,13.954840840733024,898.5453242513796,52.73223401831633,49.28777780037765,59.70848833557361
12.0,7.015763084909932,1.45,14.5,1127.7302500136195,41.097930416197826,60.84312308133508,92.96444715977215
11.0,6.51,1.4,13.96783898435429,755.8462910625803,66.76059720523541,38.47517618693819,58.177133644251974
10.0,6.1288591513185535,1.6,11.762908163224228,634.1672954976481,71.22768273327162,38.622967259903874,35.50018076322952
10.5,6.7061360567116735,1.8,10.143818366257738,603.9169260719577,28.9,32.55087651595395,39.561967699091454
10.0,7.0875,1.6,12.920457390273906,660.0192038041613,63.99968223550746,37.10790161898316,40.156281329949735
11.5,5.825349773530967,1.5163867675979823,15.736212087307964,656.0368336975421,37.94581023228743,33.84704251538535,39.09673610202182
12.0,6.0334935860259264,1.4,13.824662767432432,595.1280851282563,49.1,33.21044071042524,35.72202722992173
11.0,5.584833607616861,2.55,14.2,677.2107777916706,53.63664248875871,38.691206438272204,40.33438057025014
15.132771890955524,7.775797592647006,4.0,17.9,730.7463626569531,42.93062037523455,42.642770059076575,47.49736988196836
15.0,15.34516797207547,4.656753220622656,15.664049702284636,870.0,23.194523917452585,50.99971204346945,88.54230194296728
11.0,6.813004053119447,1.65,12.5,860.0,70.17611185984035,50.68403694522519,56.58938392945056
14.271511947274675,18.10648685781747,3.8,13.881998701853028,673.2598622798375,31.467381311183825,37.09883372161117,50.156377043079786
10.0,6.251786488661723,1.6,11.160613012266959,1138.7189829241659,64.18663311070773,49.67745190043975,65.1
12.5,6.8775,2.4697403924630668,14.66801718655483,687.450863864526,38.60450656620593,35.1681764921777,50.4
11.5,7.742106208998786,1.945841733534488,13.2,1034.0,37.869044676816685,55.625190380765694,53.24602574388965
12.0,9.66,3.2,14.648374736648634,1292.7543650824998,46.5,70.93734873637156,98.6
16.0,16.28705819849479,3.1,17.8,1692.4666337016988,68.7,102.84174654110731,134.7189986989733
15.0,6.917110065381462,1.9,17.6,1530.0747179249538,31.82399611061921,68.37839060797279,131.28303741258438
13.5,8.19,2.55,14.43433203925574,1215.0,71.54227554694299,56.6451486612323,51.88846789451243
12.0,6.9825,3.2,13.224854229024439,1048.921035731512,26.852363852621604,45.0,47.965862383652066
12.0,10.336662219180996,3.1,14.034893061644016,604.906765422325,38.223015289065586,29.767237008485537,38.137417386237026
12.0,11.410320253366102,1.4,14.6,871.9680315932519,35.82432436778587,42.57967249139929,53.342001310866436
16.0,14.338854618035468,4.2,17.674262751894908,1220.416702701042,38.93942839841227,52.59072662088291,59.82542228384934
14.0,11.350901260258128,1.4,17.669985937692157,1204.3025029924256,38.59759661164448,57.4023031515268,72.89732578477309
12.5,6.500004802571906,1.8411884202020616,15.3,922.9302384307994,50.396825201243985,59.01206212781725,82.16914325881277
13.5,18.078142983820975,3.5,16.09464405449612,1623.6000787794555,48.0,100.17503782698995,138.29147816415008
13.0,5.892876513943622,1.45,13.644757442564924,1474.5531329021628,64.32119694924201,89.54358858983406,133.1704936511476
13.0,9.507779572888063,1.65,15.5,1215.0,55.283879029044066,69.10295143215738,98.33889416809662
12.0,7.857985981434814,1.4,15.0,1475.6907898172294,30.832699236482853,72.55967623606234,93.9698287197557
12.5,6.480141169743024,1.65,16.09074871602845,1203.835704844817,245.10122483987954,72.60509404368578,91.82128947862168
16.5,18.054070981039988,3.3211306931638997,17.99263237569425,1052.2252418098276,29.049945319740452,38.7,54.00962903288814
13.0,8.357953151075439,1.8728843292670398,14.284145056600808,1153.5447323432736,19.958245933719116,48.435976151555316,80.2759632391343
14.0,12.486866223080254,1.65,16.4227977779213,1008.0287230767382,16.686195680392988,43.269163106635176,53.27944037422761
12.0,11.880066980648193,3.8379863964059098,14.6,672.875995656614,61.95759730503653,41.3,44.18135015686208
14.0,6.51,1.75,13.2,654.6519487633444,32.0,29.546231143227402,39.12987635460626
12.0,9.890002985774782,1.45,15.009845789547288,635.0,28.64520593019682,35.366923613367355,40.26849542941437
12.5,7.040430313453885,1.55,12.9,1215.0,64.43461983141334,60.91074967459313,94.25324491271891
11.5,6.8775,1.6,14.2,618.9732317129589,71.54850250934234,35.174007761416576,35.094023135246736
11.5,9.70924605563516,1.4,13.6,677.366599696404,65.35313526452897,38.631978088007116,37.41376900678423
10.0,4.77531584740767,1.95,11.682842451078084,678.4830221404882,45.4,40.202383622747305,36.23842181459085
13.0,12.628446107074836,3.852698026855806,16.74166330007755,882.021349258349,30.0,51.3,51.72354332801378
13.0,6.51,3.8,14.7,672.1305804223076,30.15770946273667,40.3,45.694555220790605
12.0,6.204771308216941,1.4,17.1,643.1430701562836,46.53272285991268,34.82357520273535,39.24396621346804
13.0,15.822397311315834,3.768901466354228,13.9,981.8235056152964,27.07650681858035,56.85566788937358,71.68509466927651
12.0,9.90110426008209,3.5,15.438835959147422,733.006760807822,38.1,38.756255334105774,64.24171595755374
12.5,9.075950765769173,1.4,14.6,745.850152823647,45.4,39.86737548309667,52.25381921649241
10.0,8.556057136013111,1.35,12.609307193841163,701.4043021865828,42.64202460834327,36.23292605098936,39.29413799964672
12.0,8.22623308103327,1.7121604755364976,16.445291600272476,766.0451857276825,29.262335417325428,45.64327528005815,48.68111227209425
14.0,12.738686673477776,3.5,15.313051975606575,1228.3126951151098,23.25955932746979,44.842419263159734,59.22760798979935
12.0,8.25764953299131,2.650727938022134,16.1,1234.7213083353745,64.2,59.82925150907408,57.592460221479385
15.0,8.19,1.8,14.153231749225663,748.0520397475558,16.54932910515173,40.7279196116343,59.80175926921335
13.0,13.238905152149522,3.9281078116874992,13.7,1478.342269605338,40.0,95.73486224266102,93.56099504703339
12.0,8.165397096655358,1.9,17.8,1153.484166298049,31.1,48.49373335374387,38.98490679244056
10.0,5.633378327669814,1.2780863939975793,10.781584220610123,796.0242736427797,51.39190205918893,40.81645265212963,40.10239258487619
12.0,7.79878809187659,1.55,14.157918300967065,757.6468296680044,18.108705326056413,42.54165496151886,65.1
11.0,5.526907202079306,1.45,12.943671984993946,828.05326403602,14.428804797692996,35.542741709903225,40.18408843902005
12.0,13.12085735797431,1.55,11.815240035292172,919.8548204409562,28.81957762404111,45.47468749721681,49.50299539729245
13.0,15.027651820114679,1.75,15.0,898.0,40.616168773154946,51.99087772232177,69.57059655928155
10.0,5.5125,1.45,10.682538163736844,841.4384908689542,47.202002431505484,45.29174710422341,44.840176414908434
12.0,7.494851152008372,1.65,13.256608029070618,892.3785193850896,48.0,41.284197428180114,52.758744090906546
12.0,6.7725,1.55,15.3,643.6464768156749,35.56012155543711,36.81791874919388,40.640642551989046
11.5,6.1425,1.5,14.3,668.6145821196842,43.02125593131386,38.8,51.27813763112895
15.0,7.964292401042323,1.4682885334180862,13.7,737.6770961182586,41.040657896595576,44.97035115477489,49.7
15.0,11.972370188989512,4.3,15.3,870.0,31.289069349885853,44.8,57.39330356456851
12.0,5.622284511703964,1.7343675415583584,17.163373979942126,1128.3104991050127,35.5,48.8,53.887182303976
12.0,9.45,3.1,14.0,1188.650824672564,42.00172720926655,64.59960724164915,74.26302226620686
12.0,7.6195404073447,1.920930979721838,11.856465117418377,778.7485791363735,30.0,42.385477294813384,55.359143250885126
10.0,4.7353072542491175,1.3379911757563112,15.0,727.8340648944811,47.18590461761715,43.72170887536338,44.261840056188035
12.5,15.215192481716059,3.8,13.4,1031.6759526605003,26.113149312730055,46.815484785420225,56.259802227542586
12.0,6.898246909072959,1.5,16.2,760.2136590175207,30.0,38.77072533096034,53.21069341274641
11.5,8.180253325040002,3.6,12.9,814.8135206165803,66.44449851712649,47.53627428631795,49.71430679312804
12.0,7.025778017133872,1.6,14.5,666.8005651264199,38.046013657644416,36.866852596097786,49.84844017550177
12.0,10.185,1.6,13.7,667.6650439470856,45.4,33.647289059087136,39.686310934124926
13.0,6.3,1.6,13.4,707.0085880764011,24.395913056739783,35.47945996677151,41.5
11.0,11.798077083499377,1.5,13.1,805.6065934993653,41.182637822436874,47.17016695665075,50.4
9.875286737393642,4.775594184692943,1.2572299363588277,10.488334907474119,731.5260188893583,64.42504992268049,43.73313633782544,48.90263307609102
15.0,12.393248921769223,3.7190221849050604,18.740925847322774,768.7714322458244,31.1,41.355888611751475,74.2202713155245
11.0,6.586171987337346,1.5,13.1,737.9902865889159,44.13303801366503,38.93237669724229,64.29494322405078
11.0,4.8606201218711425,1.6,12.489742399397544,820.171404548027,40.77638674712883,40.35527146938464,52.43797596634093
14.0,8.295,1.55,14.12210718773394,1001.4695527122218,33.537332041259596,47.5,70.36694448006261
14.0,16.105337550733484,4.3,16.62940718276994,1034.0,54.70059848918833,54.00122347981878,50.72751525095379
14.0,8.137807520711155,3.4324507351856006,13.8,702.0,24.887422559079205,44.871817530420536,53.31478887692867
11.5,7.955742604053654,2.95,12.05342658315277,711.4054808010173,42.34175807588052,38.71615639478918,48.939246307594054
13.0,15.239840094180783,3.6,15.4,1426.3498311501653,18.84571646506466,53.523130056137205,130.17335129974936
15.0,15.253835277018437,3.1,16.5,1667.0911739773208,17.845720771110777,95.0744361113507,103.41538693192446
16.0,21.33189593840807,3.9986869386877886,16.39115490905357,1689.8348076998795,36.48645075252654,94.99741372940731,135.28516628062633
15.0,11.467073201894207,1.5,17.1,1678.519414900312,28.9,85.73893083138347,133.7520177616604
14.0,18.102462548072086,5.011901632341943,15.1,1558.1538569945128,40.925201629045986,83.08944439372424,89.71994051339566
15.0,11.968689187306286,3.0983824403737517,20.208831732040775,1225.120476316501,39.8,49.651043961892526,96.6102787852394
14.0,11.8,4.1,15.5,1164.9299243747207,28.8,57.411934782377294,115.32339887390303
12.0,14.05307462748096,4.0,13.650026958987894,1428.211864478137,43.08747911703009,76.24229806100671,82.37844231169933
12.5,12.852464446542037,1.8666466992376833,15.0,1260.6099693452777,41.64993544934415,57.70262358118863,55.072782199607865
9.694747930908836,5.80887123375629,1.65,12.7,724.7554365702072,62.5961728650808,47.5,50.4
15.0,18.07682168991902,3.4304393937549222,18.29600484289948,1129.9231588310847,31.16405268873427,59.2,78.75914301332104
12.0,13.808374206440426,4.181176082693651,14.6,840.0608638931809,30.0,47.5,38.67493968366512
16.0,7.287387651776835,1.65,15.8,1019.3506021023904,35.1,48.44449056976939,57.79721705622879
14.0,8.539285364803073,1.9,14.065472966147935,857.5734548552541,39.92987975271142,42.744391473539864,56.9
15.0,8.000717885925289,3.1,14.626331210856703,796.4263795277477,104.64112853865133,47.091330987030254,47.60331240236392
15.0,13.466294415615312,1.65,16.403959804917008,1283.0940243417115,30.094419957956383,57.713193668232016,90.06811274913318
13.93781328968874,16.65,2.1288554229925287,15.704372078197174,767.9227145470988,16.901023452100876,38.79280846168045,39.57322102942244
14.0,13.548602450085863,4.128509745938752,13.7,743.5288832604616,30.0,37.82676874079136,38.91460708121495
13.0,12.523400271419712,1.6,14.4,1151.7859886883803,10.39062446559044,56.57558672331905,69.3676433149135
12.0,10.176200632636768,1.4,13.9,895.0,23.646155710084493,44.99914243333319,50.903748383616396
16.22176038695082,15.89182195738585,4.643642357929897,18.319948392369902,780.2519900957288,41.76043918484842,44.637401535819656,47.44212600554726
14.0,11.48727331229535,1.6,14.1,883.1937329780326,31.025069143323464,46.85469805967412,55.4
12.0,10.696950904928485,2.0446873280576225,12.410647851097629,1126.1909582617154,26.382297117525948,48.29069318225252,87.65459139984681
12.0,12.287707442700631,1.922710176418001,13.524643254875924,1325.8927590763599,37.84362299439229,65.34029875800563,84.8
16.50086295936562,13.891750722361007,4.0277853019800895,20.041590062308195,1163.191006260953,46.498028075138606,58.7098209096095,73.98514981818695
14.0,13.25171717417104,4.5,17.1482774173256,1219.532312504245,32.20256978163738,47.843260594348905,74.69289140991397
12.5,6.08644772170733,1.65,15.4,1034.0,34.1571862514288,49.4,72.88314586486811
15.0,21.214072369037456,2.5754846444146016,15.0,1557.9956930069334,59.25186624341521,99.11788689079692,135.75940872239684
16.0,8.660883352631522,4.1,15.4,1128.8636522619774,33.03216079440445,55.09656518147312,79.00659222151594
16.0,15.853224865065407,3.5,17.1,1348.2631468654338,38.17477472089698,59.3,88.98306415859783
15.810218987145277,13.781789254268922,3.272991067510706,16.5,1070.3066250593884,36.032467330296804,50.74307992964728,80.30934299618218
16.5,15.319763717807632,4.1,15.0,729.3134787192636,19.438166589473706,41.3,47.25125181130896
13.0,13.9,4.2,14.6,996.3438849072436,53.58127310749732,54.008936909871046,53.19012808072805
13.0,11.97,1.6,17.083968232969504,1343.747286217959,35.24768805091459,65.79474147673005,59.862736294264145
12.0,6.844575950621835,3.1,13.4,1295.89316714909,65.19793383930161,59.21106771910515,82.49980845819124
14.0,11.578041337567436,3.0763474821331434,15.721450463136097,1216.771193728812,30.07338283574314,50.0,84.30167178743756
12.31651798677052,7.533646603143269,1.5,14.6,1215.0,37.72295487905412,52.421980494371944,91.86614227658752
11.723195641006313,10.08,1.75,14.3,819.1529781958609,45.4,39.000922893203644,40.004971954959785
12.0,6.830208143428274,1.75,14.858377294957762,679.3520047938224,37.67378281850637,37.61475586315424,44.369136755973535
12.0,7.064935743232303,1.6,13.1,1025.752092342558,23.6,51.56979542905596,90.88428646532851
11.5,7.662666326863835,1.4,14.2,1079.303557832702,36.9671947245793,47.010200017170135,80.35556444224943
14.0,8.295,3.3,17.9,1228.3179671208015,27.29101614492952,51.755269817037494,51.31212912996345
12.0,6.563803658503848,1.5,13.7,837.1952135726215,32.35629202734778,40.92554891799813,47.89035935180215
13.0,7.0875,3.5,14.1,830.9669470178952,68.7,46.77330624130053,83.3231958273202
12.0,5.5125,1.4338087010224707,14.1,674.1367443031402,23.87720081402487,43.207572383037615,40.1732348844166
14.0,11.654956252347809,1.9,12.7,677.1920119130184,32.99055892009592,42.51904256774867,39.57850123141433
13.0,9.66,1.65,14.6,582.0,33.7,29.4,36.73536542168726
12.0,9.45,1.9960181597907833,15.1,633.464715876096,30.0,29.942964426419902,43.915574851641175
11.5,7.916247570176908,1.8,13.9,593.1874220266778,47.52325158024636,34.66488435482211,39.38146457841218
11.5,8.022271750412665,1.4,13.9,857.3808160381185,39.8,51.04553760737681,52.653628325991534
12.0,12.222529019278474,1.45,12.4,880.0,23.6,44.8,47.471531763877316
15.531934721180306,18.101948702263517,3.45,18.237799567980154,1068.7643060424962,14.706059213063847,40.58434613297123,46.3098081981516
16.0,15.887848854795767,3.2,14.109461757366597,1058.466291906189,32.20934512225476,59.2,52.565908855201215
15.98505879447913,13.278572426744404,1.8304608081800027,18.13352523314465,1163.0,39.3,53.725788881080035,55.4566887741666
16.0,22.80342597047876,4.0,18.493978312723947,1218.0482407150546,51.380010968172044,84.77735734313107,98.6
11.0,4.984553604335704,1.5090660541397685,13.2,660.0,117.30273938432188,37.62462959427581,35.790250812916035
12.0,5.884131682061886,1.55,11.177715838358592,582.0,14.687988941671934,28.063079597864853,33.92935057175373
10.0,7.439455131600304,1.6,10.756206929694985,738.5634425045798,41.38974784570083,41.08530750976249,65.1
11.5,7.822381791205384,3.0,12.4,727.7107958187473,49.25925744500097,40.870640516852035,37.186282162470896
15.0,14.036241626359459,3.1,17.8,1296.777144598589,33.01457893928693,56.03903475362111,57.769423889827536
13.0,9.864736228656382,1.6,16.429047342348966,1403.1794189509078,41.66455795710793,72.68997113160067,76.5517891339875
12.5,11.97,4.402498231318777,13.4,858.6704886720653,40.5,48.4645286313997,40.04127930496604
13.0,13.055836546827612,3.8721046729850457,13.4,766.4954564549462,35.90361616735127,47.30089356737733,49.684687932609734
12.0,5.58973443384664,1.5,15.974149862588291,672.9850976399122,25.47868345494793,36.88517176635179,47.7
11.0,6.7725,1.452649914338702,10.568282188931123,1019.694048405614,28.844631502276858,43.12535761343909,48.801155498386635
15.5,13.492299661730783,4.1471097576921485,13.8,1233.9740408416492,27.8,50.65269183744179,50.4
14.0,13.978930480505753,3.5,14.4,870.0,14.21733783618055,47.5,57.55882351184295
11.5,5.67,1.4,12.1,898.0,53.86766611770539,52.268877068166454,49.791489835530314
14.0,13.812266913446066,4.163632300806232,15.1,727.7912286651865,40.69924774388329,41.3,40.17537263036712
15.0,14.245039669244488,3.6,16.4,924.8649543183841,28.633010287169228,43.83647306545956,48.533522430706014
16.515204537908616,15.802168324077954,5.764426113478069,16.36440566994737,836.0,31.1,40.92080280669501,64.78384866706253
14.0,5.5125,1.75,15.847584672595147,634.4764426642664,23.122097943196444,28.553956894034886,41.5
11.5,8.562399239815495,1.528721480399793,14.8,870.0,23.940178553436194,50.8,92.72685317185656
12.5,6.51,1.4,14.2,1006.6923291593661,30.06151461226235,46.23923145847538,45.82980885649639
9.568637394536688,4.734790866872977,1.2608995849822988,10.294647948544144,724.8775258830395,56.960598272167225,44.97906389584198,44.53498068301616
13.0,13.132566496962923,2.75,12.023784240208613,826.631787499447,71.53724169539007,47.5,50.6489841555258
14.0,15.007572269036249,3.3,13.7,746.065780267669,54.7,38.010766656643035,36.691149315838764
12.5,7.341386401100279,2.95,13.8,771.2856931900346,30.0,37.659400204374826,53.17504023835154
17.0,12.470446940351803,4.1,17.8,880.0,14.399703314529448,45.64676820831187,53.104331382100064
14.0,15.01092479455439,3.5,14.8,1287.0397020596492,32.73280683650595,52.97362831568716,89.50784750813614
16.5,18.076255705780422,3.3,17.108062392059285,1074.9226659372405,29.689270940332847,59.3,84.77913456877347
14.0,6.3,2.083045764482933,12.9,1627.6630219236602,35.1,96.23158393088346,107.17043414565951
13.0,6.581969594819538,1.4,18.582437264470958,750.1829515888586,49.1,45.56925125488934,47.2
11.0,6.0087866918304735,1.4,14.2,1006.8439340440368,30.0,45.94132003949821,49.94702837782534
13.097437482383633,13.497803075313222,3.2,16.3,1293.6962997495157,28.392468712732256,57.47084194641229,86.66083372531678
13.0,8.032676361721753,3.0637490161609695,15.8,840.8683908111349,68.98055610764374,48.9850876181675,59.55787606952281
12.5,10.6,1.6,14.327238119724955,754.4125660985355,34.054428255033656,41.389808161033756,47.56317680831738
12.0,7.9353376135005105,1.75,13.568447176931654,1259.2330746850935,52.057281542842944,64.12816581422999,103.93513462160472
12.5,14.362532050474613,3.4568417942762046,14.746673404853473,1151.2305532597948,22.611596434695695,51.76228981604204,48.39038657514252
12.5,6.029324210863157,1.65,11.88345951299657,683.8791263320633,59.11201205868638,39.3,48.39002824846019
14.0,11.847581793790669,1.9650427120548606,15.650854319794341,713.1292173778053,49.49429682638143,45.0,41.5
14.0,14.09582247603714,2.0,15.054329853264052,897.3718504688757,17.579091184117416,44.959026668320924,52.500212889714305
13.0,11.65,3.45,14.1,898.6795392120264,22.570609899652226,45.663037943338736,44.28020909468778
14.0,14.063952489700666,1.9883863306836005,17.8,1153.7061008147227,27.6989178872135,45.39885338988341,57.23237746317471
14.0,13.549413285199725,4.4,15.507467957640152,714.6783709103272,35.5,35.02365524831235,37.79612681701738
13.0,7.0875,3.008992581604681,13.2,880.0,31.1,41.64411245460318,48.11845387648441
11.0,6.559343894840333,1.55,12.9,751.2091264586456,38.856384929631915,39.228714867969224,41.5
14.0,15.064202173329743,3.2,17.905769888173776,732.5029996740228,45.10478606947473,42.73360573238826,59.87708846052895
16.0,9.878227657901931,4.15,14.8,1034.0,26.95876562142847,39.75170603137632,44.85496920284179
12.5,6.405,1.3779449520222231,16.01363826932047,738.3322182745682,38.1,38.3,56.9107930077525
13.0,9.71379809101024,1.5,17.6,1019.0,45.903774660579465,48.884993203037226,82.83641915041625
15.0,12.273552476389275,4.420663121886264,13.424114620793953,1578.2805560932602,33.668272059853194,85.7174626679201,92.23102274212394
15.0,13.084353729672975,4.2,15.0,895.0,23.6,43.147277124605814,57.87921971134189
13.0,13.9,3.5,14.3,767.223305091874,38.4,39.3,52.5
16.5,11.8,2.025296178728457,18.3,1344.1867536990812,46.36505076574549,59.3144281636145,90.04012914828664
14.0,7.085839100338078,1.5,17.7,1295.4250437144246,14.406617035711228,43.26913068878678,72.95958893320952
13.0,8.28939481364548,1.75,13.864580061946445,728.2614610945371,35.1,50.15582491202914,49.383678170793274
14.0,9.862046597402465,3.6,14.9,854.280258530249,24.506933294211347,47.97273292858357,50.18784438165022
14.0,10.581390762715893,1.694530918317799,14.2,999.1339282503875,47.4,56.2,80.16991471392839
15.0,15.865731871682991,4.4,16.5,1287.7931881168306,46.33169752758358,69.56287753473667,87.52846490949925
14.0,14.573947981436177,3.1,15.581332908405384,1034.0,24.185618959334416,50.43102265718441,59.60691355178581
12.5,9.734034825622365,2.55,13.4,1392.4593554095463,35.5,82.75210212090882,99.08080430527302
15.0,13.614708837795764,3.787074243182684,16.3,1414.4980029224466,29.301917452765945,81.34267512912562,99.44278216464157
12.176316802153089,13.978265374419195,3.3,13.7,1260.1086117669408,24.132354360876562,63.540172624980386,104.2856925125433
12.0,8.69732169680392,1.5,13.8,1081.0706764203856,32.5,56.2,77.35592221507528
11.0,9.885819374056076,1.65,12.7,877.3175261946975,66.2,51.3,51.97234482389249
11.5,9.870890160210257,1.6,13.015871310071745,1120.5366865191663,69.73636148288182,57.408679686006174,88.7066735429804
10.0,7.0875,1.8541888898699286,14.4,769.5301035704687,29.348920098666227,50.48763257834439,57.731805172718694
14.0,12.206669963068688,3.8,14.4,1078.7981550622633,10.70100973780389,45.7,50.4
15.0,15.024320744242052,3.032319303624623,15.3,1323.1810978790918,28.6,53.99312350517184,59.154262423100164
11.0,8.19,1.35,14.832423071329663,1416.6422202630724,35.98626265648016,60.960802730760186,97.80514316845097
17.0,21.045060961116928,5.314925123008723,17.8,898.6658205920745,20.16090978270821,43.18089727556038,49.72910802250511
16.0,17.46812897784345,4.15,17.512919789952512,1052.3546394535997,61.57420213776804,50.90551238734154,57.93422439942717
15.374125381172519,13.515723048257133,3.6,14.4,1128.6140660534659,38.36602101353364,48.49068872825055,53.34519317669459
15.0,10.6,6.547100242372082,14.2,1151.8095164311433,25.512006200949678,46.55737743634542,79.27653337041124
15.0,11.41738733350962,3.2,13.2,1319.1296563691812,15.54226324296561,61.18522475736011,73.3676988849281
15.5,21.24795973702203,3.8,17.7,1427.2083318666707,39.12297045115958,60.486087029368754,90.34873232524812
15.0,7.7330120340123045,1.55,18.243172780301254,1345.85680024771,17.63223820481243,56.18572222052701,106.71415280360819
12.0,11.681312386229873,1.8486001630224789,14.915481749691601,657.3786340554653,32.5,33.86544316229375,34.92536970652754
15.0,6.9825,1.35,15.4,633.7570906645283,32.5,33.891548969434794,39.52000772133996
10.5,6.496662897872829,1.3177803303494238,13.9,871.720517625478,32.5,37.0,50.228963158256924
13.0,7.016087625240174,3.6,14.4,737.2220011042326,42.55375847106208,39.20785133000557,34.752293072425594
11.5,7.0875,3.0353904056722563,12.1,739.540480428258,26.78342712482844,37.70936000624199,50.01146848398933
12.5,9.853766885859446,2.1,14.3,1263.0,22.625178938470967,51.898316200976254,65.1
15.0,15.819072338897222,1.8188132559672323,15.0,1154.6091773257524,28.663528785910817,56.63524085973309,58.44242270871571
15.0,7.0875,3.5,14.3,729.7327684521189,52.70247084774057,40.663402327536325,47.01076478961249
10.0,4.828438983042121,2.1,10.219166054900278,660.0,64.04633803276563,39.592351704995416,38.12206484965591
13.309764096974305,7.797071356657191,1.8,14.1,1129.3677833420809,46.59364424749301,59.25794137110423,70.15315956148825
14.0,21.410937595943665,5.05945207628219,13.4,1072.455170269671,20.163626099574305,51.82260686433387,59.84578598212096
13.0,10.185,3.3682526408950477,14.7,1293.5205463439054,49.1,67.5533873823657,95.97663586464704
11.0,4.804077249924052,1.4,12.7,733.8902337057222,51.24772231828819,44.85373230836655,47.7
11.0,7.245,2.55,14.4,675.8431295136141,50.380361230636574,39.063527667642774,34.748763041534104
12.0,6.1425,1.55,13.2,614.0,30.0,35.785576930311315,37.90434686928425
13.0,6.1425,1.35,11.499473713906529,731.1894332546792,13.775205078024689,37.3781795557879,51.88627819837267
12.0,9.911478616225939,2.95,11.188674720996698,639.9307989980484,40.72791580499762,43.04250813104306,40.205531003535675
16.0,19.647955094192,4.299888865927232,17.9,991.2842090284971,24.623336026838007,46.173863231093335,49.93492347897371
10.763713521806825,7.424250623566525,1.78843787808771,11.326558510810544,1019.4089485032539,36.3,52.665298520543935,57.422639351357304
14.0,9.66,3.8,17.6,722.0023926807447,45.02673278643864,33.837155034261734,59.9268263067537
15.0,13.441804084949485,1.8,14.1,1199.102744631768,35.562296952134666,55.50002200912063,90.0502245162126
12.0,15.800128229101167,3.4,13.3082750878491,1348.575389873594,31.6,72.65436016803146,104.15095188130525
12.5,8.562691574370177,3.5,14.6,1214.1458707556426,38.40744216506279,66.32842922574021,50.71498804296023
12.0,5.026008231272975,1.45,14.6,607.7504183802113,45.4,30.586511203077027,37.68425380382066
13.0,10.6,3.8,13.6,539.9622444281698,26.915970990889043,27.003522306301996,31.886193567436017
12.0,9.781068550195098,1.65,13.752729770402322,539.9923748361429,22.8,27.48683527475061,33.95643881985517
10.0,4.269345737401765,1.282561406741991,13.095287838869774,617.6922377497691,26.501030665094387,29.75230662106232,41.5
11.5,6.134313873342559,1.4,13.7,675.1335283970752,28.834745769956697,36.14004650167399,40.177986160018435
12.0,5.5528292435106295,1.6,13.1,733.0670658749085,30.996171173717673,45.0,76.15988668202965
10.323905803071742,12.520917534946818,2.2003868828168827,14.7,672.5905492970812,50.35495607735047,46.523011524203014,39.99734975921004
14.0,6.3,2.108656814204623,17.05372354590989,1163.0,23.6,49.45537062716442,55.627543680344175
15.0,13.010933021065437,2.8647547848818014,17.234469618826104,1204.541014261243,39.70958290499106,53.149564094614036,52.26840755621569
14.0,13.85,2.1,17.6,1479.270260777383,47.36979965026466,88.96027575824277,81.87710671061595
11.0,8.598926492132534,1.3005494209884547,14.1,898.0,28.616776699567726,61.35195761481896,65.1
11.5,9.700658312645288,1.45,14.6,774.177512310343,45.4,55.39511392972692,58.34988839189275
11.0,6.51,1.4239256424080295,12.0,540.279082600627,32.18004456944431,29.4,32.905905594433186
15.0,12.285900816656467,3.3475498198468667,16.515618370572575,681.0027537384025,12.400921543332682,39.68597837482665,47.747180230654344
13.5,10.005881049986298,5.052369525921102,17.2767399586283,823.8165665006924,14.458291110045174,42.062291244254695,52.31919175035132
13.0,7.398357029965415,1.5,14.484630214236885,942.6217729100754,35.5,45.0,69.73780418421643
14.0,13.54896264641478,3.836334408025394,13.9,1002.3033107684112,47.366930757794,57.436190298771606,61.79899655936139
11.5,13.85,3.8,16.6,898.5532093807616,48.258362622808924,57.49339823521467,59.26333984712586
13.0,9.66,3.5,15.653339591795088,831.0545928893001,49.43495927273618,48.8462698243209,50.87781735495302
11.0,12.383100972399458,3.588816428920751,14.7,671.0971893981025,63.20965177899067,40.78163732806856,51.48856271139473
12.0,8.167908240847245,1.5,12.5,917.5824770369063,49.43449144715938,47.5,54.68467588625247
13.0,5.96956868307298,1.4,14.0,1189.6778287323866,37.80877495812821,53.10770096209786,79.39685101076091
11.0,5.907840693139383,1.75,14.6,780.9601639818543,144.8077515473766,44.8,51.122393238029574
11.5,11.8,1.948668277485735,14.4,874.6828604341994,45.956827963248045,52.61358441542297,52.50393703843095
14.212894439519502,15.862245150691134,1.45,17.1,880.0,38.65249478443733,41.3,47.2
13.0,14.183051559435581,4.2,15.310081708009015,930.1583740817662,42.63863275600693,54.06420939653023,57.524537573607006
15.0,13.122907180388182,1.45,18.243091811214008,878.1868191682066,35.1,41.3,73.15507249490906
15.395901252958183,15.070681161370834,3.2,16.5,1555.2836023338987,33.0,72.53244551533719,104.70095401232909
14.0,11.925974390399432,3.2,14.165250443005114,1281.8899026260185,42.1,59.371280991904044,98.07733879623851
11.5,8.129952706756292,1.65,12.019983788629878,1128.7871173129583,49.1,66.15501917276379,89.91535713011149
14.0,8.19,1.65,11.12703616042179,953.9423157305829,50.40778672773312,52.2,59.9371490595576
12.0,6.51,1.45,15.5,747.4984393627568,23.6,39.74817185026168,52.99777000091794
12.0,7.245,2.024201942121482,12.0,783.1826908457208,40.874882013438146,39.71492061531304,59.925991277606485
12.0,6.502123351793789,1.35,14.8,817.0517505321452,30.0,43.210784268510196,47.28012103929994
12.0,6.024011985094872,1.35,16.3,823.4601570326507,71.54050403074453,47.08110898927516,51.13216612856031
12.0,8.086996595532197,1.65,13.8,741.0276338378329,23.4325693251929,38.56461716817085,53.322336496689545
15.0,12.350318899117573,3.1,15.1,675.9304409481847,27.8,35.547131999891086,44.435456207023826
12.0,8.0141647430033,3.2,12.5,643.9678247373333,32.0,33.04526041615251,32.3
12.0,6.51,2.6379373640796766,14.502382938252012,704.5091804433715,47.30529386028952,40.3,53.18770491911293
16.0,12.475385640784712,5.978783309897525,16.6,732.1449205297242,34.05748777075507,41.02459818378169,41.868118083990616
11.946625038938492,8.003261696281887,3.900949622834605,12.7,860.0,31.913330866388822,53.6,50.52819897185545
14.0,14.88635847776203,1.9,16.100919523153472,1293.6261756794129,47.32312815423129,85.72032293954804,85.88294724891091
14.0,9.66,3.2,16.668857201769892,910.9525432373657,67.94862759205655,50.690424917533555,54.83587717860283
13.0,12.212194050235972,1.6,18.80165086752441,1629.5166947956816,61.179797363465866,100.18150390006232,141.86667998192104
15.0,11.706003345667082,2.2530970820962155,20.0952563298594,1598.2134290697488,49.815479957859594,95.02461169893218,134.905768195923
15.0,15.306308082006497,4.1,17.51047727779883,1622.5064409160148,63.09419588908652,102.09651428936098,136.3774969460233
15.0,9.302748358560917,3.5,15.3,1428.2856945649662,49.1,94.77392155975929,103.60218551925824
15.0,15.215139946751629,1.8722005391303966,15.1,1228.5406270048982,24.230262588297816,48.15605557935915,65.1
10.0,7.0875,1.4,13.7,1215.0,43.653288132505054,72.53959363972739,93.9197742430045
12.167695780365797,13.52359200233572,1.55,15.6,736.9635277034691,40.31989571896664,45.402844362451546,52.5
11.0,10.711322561376372,1.45,14.4,1128.6191571680865,47.39612022397791,51.99626584362016,52.5
13.0,6.9825,1.65,13.2,815.5815237072136,20.373712019022744,40.996503335047805,54.956479783914304
15.0,12.265387430306614,1.55,17.279562740248988,1047.8861562024538,16.643262504320962,40.921303063031935,64.37796282146931
13.0,8.044219453864317,3.2,14.9,815.8886061498267,71.55195524162353,45.53777373610825,73.37700009512284
11.788584916094631,8.1375,1.8797971067086798,14.1,1034.0,23.6,46.03751250331999,57.71871085976077
12.0,7.0875,1.45,16.6,868.1056445999802,22.799564705517206,42.198227601111775,45.899044065910786
12.0,12.433350639213069,1.75,14.7,985.9493862312663,30.93007382823434,48.97556845043145,41.08798369192339
16.0,16.248303580504196,6.589236992930293,17.1,1154.4306097883216,40.71332623182435,51.71114597912451,79.28550703844783
14.0,20.053912684501576,5.14088647731699,17.1,1019.6201840681764,41.91805306515173,56.60358471569474,50.167702835440686
12.5,12.54704861893363,4.1,16.6,1435.1978352623871,44.92803978242064,67.74222266391351,115.37062073778313
12.5,14.140442519229598,4.133345804184055,15.0,941.1300858184864,42.14893513188263,44.8,50.4
14.0,13.982501233467053,2.75,16.22703982781243,1203.9648192411476,25.4,51.3,74.27725174947072
13.67441951051675,5.6529216372537245,1.55,14.6,1340.922977858362,26.3724006659604,60.250988045960895,89.46393973186498
15.0,12.539097103443991,1.6,14.302317997149077,729.5678625849057,30.0,39.2,40.48853400214047
14.0,13.85,1.6,20.24553673591786,759.174715387739,30.843149998526112,38.20420939876822,49.95827381600136
11.408555811111416,6.7725,3.5,13.2,648.8389692575038,53.74367206105245,39.3,39.47971487305593
12.5,15.887287611862247,1.45,16.21709192634295,1127.822147292036,31.1,47.557556822271174,74.13265691932304
15.0,7.9008664984579635,3.3,15.1,901.2113869424094,64.43214424254617,69.72558855281,75.62049194556529
13.0,6.99784491763407,2.76247601468483,12.5,888.9570703176605,31.1,49.30783168218677,73.17384942789128
13.0,7.3548998753936505,2.764517985582096,13.8,646.9118671288511,23.6,35.0515092201548,36.06462154784453
12.5,12.031169534448779,4.3032896987421845,12.103487265408779,759.0135343241483,49.74567360802917,38.78663711654009,40.54789996659895
10.0,10.185,1.4,13.189774975137775,685.9099316502691,45.470051075055174,41.28352372417518,41.01182512987272
12.0,8.19,1.75,15.0,933.7454884712743,43.10731821870894,51.82824125118557,82.45026233345168
15.0,6.994578242099003,1.65,17.645553606435197,888.4766244325331,30.0,45.010923683217,49.95759812603491
12.0,15.06131030317695,3.4,14.4,1163.0,33.40746594628016,47.72275993990035,58.27733816408903
16.642595450710388,25.313892088653215,6.177636071685671,17.6,1063.88139682682,25.4,48.70130877049354,52.536913179190186
11.0,7.4831197520034,1.4,12.9,875.0554275687211,42.1,53.60641417689646,78.73935077746468
17.0,13.980811363926168,3.2,17.8,1069.570113946159,30.0,51.3,65.1
15.0,16.132343250741055,3.8,16.110921144323225,1225.3361726784087,39.24362391593964,71.32337872160072,99.65863034239472
13.0,7.99032750055795,3.8,13.9,1658.711785946252,42.67714297064211,100.51536432451982,106.95900519333256
11.5,13.988219729112114,2.0,17.740131562936494,1440.6989093973705,48.545554856528646,85.75950446161985,89.40778523134573
16.0,17.971073096879735,4.9,17.71383792452013,1325.0300312761603,23.184925786032352,51.409466719762435,84.89058388080275
12.5,17.6922267983947,2.9873092130749344,13.2,1153.9455419777264,30.193236166353174,43.14991787256183,57.68363165514644
13.0,9.651695168696044,1.6,17.4,1226.467510212069,41.12540859632953,78.77692858520801,90.19785966943898
15.0,12.682621779947047,3.45,16.3,1153.596597934486,38.31404585340389,53.95443341891177,84.8
12.0,10.679629819805788,1.65,12.95520745046698,1016.3139792402736,29.38459054428849,49.60774898874743,59.85762706741384
14.0,12.822873960888534,3.7300285502815456,17.1,838.1459678248425,45.4,47.5,50.08872620204045
10.0,6.51,1.35,15.0,734.0965272670961,64.21284085225017,38.122204865948035,39.59226192135062
12.0,12.993354397502689,3.225744342220146,16.6,616.3785884937773,20.652147059208325,31.51418719978912,36.420352741487726
12.0,9.689099588405638,3.4746914481912143,12.0,613.7128287093745,24.8160847443379,32.99791908536995,34.93176183371139
10.0,6.715521942425129,1.45,14.8,677.0661529449208,71.1826246301012,46.132917146479606,49.919032111867196
16.5,13.9,3.6,18.97039214901114,733.268223432115,36.3,42.16750748671207,48.638656282929816
16.0,8.586237880570295,4.3,17.76597393672757,1292.1600630172154,20.12634804498889,52.21904122908975,88.27096106612446
11.0,6.333904937944097,1.65,10.532841706301854,876.8656827615625,42.570148155882926,37.0,44.4760467502144
15.0,8.1375,3.5,15.431866112555937,870.0,38.89547831337867,48.8,52.5
14.0,7.58858172815066,1.75,15.6,852.3126615608539,41.00390332480315,37.88031485347953,48.609789738192234
16.0,7.665,2.020736108560423,14.03967339114208,941.9068113624747,14.553318582885085,38.7,53.23153854505509
14.0,18.19432665161958,4.2285080433522015,16.10534517067208,892.9877385245204,34.29265880981316,49.992820502570595,76.15870790131547
15.46882563700396,13.765049518808272,6.10734709586961,17.6,1296.3819918111683,40.0,59.38124798508465,81.68810880914482
17.0,15.047218413541636,2.309349108704498,17.080768306820918,878.2067384020065,24.784918840051162,46.989139251983936,70.13014766830263
10.0,3.761332811985462,1.2468105018089437,10.385665936334815,862.7687965310386,53.759084376841194,47.25136260964636,59.75213728493694
12.0,9.953937065448688,2.1,13.2,1082.8102452853827,26.932528740801214,41.268712195797896,55.53857652038767
12.0,6.361396303840597,1.6380669465682924,13.17665811349804,679.4718157445794,49.78420088337456,37.307248040318754,35.89092347084861
13.0,15.590382977708403,4.037134404606668,12.9,736.876736597756,39.362331643123035,48.86818412584298,64.27979421937665
16.0,7.754354564094567,3.45,17.238154670851493,1288.4814114629264,14.598841450135598,49.16926686713198,84.8
15.427843047296378,7.0875,1.75,16.986704504091733,1353.3197329546267,31.1,53.184258339914535,88.06490062461852
15.0,17.615962148360644,4.3,16.034523891923484,880.0,26.359941045776036,41.01134470498963,79.22196698148102
14.0,11.994156972427565,4.9040029138908325,12.9,1079.8371864798519,46.24502873138551,69.68605863509364,55.4
12.785676810925487,6.053279828007068,1.75,13.2,1153.9550247429697,38.61272198054579,63.42621470504082,90.09653345043456
12.0,6.1425,1.75,14.1,1020.9990643837034,31.1,51.70182261268356,65.25745568286825
11.0,5.67,1.3418698885428884,12.9,1138.0010292495813,68.7,53.92948438365991,92.18871508149988
11.5,8.017695112994502,3.6,13.2,864.321913005087,13.821697960390239,38.7,55.36892540554352
15.0,11.10066348497394,4.135563852298901,14.7,1259.531249357753,47.605275480781515,52.92361222399956,71.67886357695974
15.0,15.824311672234321,3.2,17.61929504265277,1103.6425469471048,39.136987081629805,53.91940227934468,55.606339594239266
13.0,11.262685518067785,1.6,11.999959936376184,1032.9602542370837,27.728631863620247,44.03727290999195,47.7
12.5,6.288336938507796,1.65,12.82032706699478,1062.4903549356525,50.311484130389395,43.51505928355823,47.688876723661735
12.5,5.67,3.2,12.0,810.2099995732043,47.07886825121891,47.5,48.09653209641019
12.0,9.875656153575347,1.7,13.7,643.911629404262,28.8,38.7,41.84725756712428
14.0,7.311724005657529,1.75,14.1,632.874364472289,33.20067135230049,32.74738575697549,39.190256947858636
11.0,5.500984954478392,1.35,10.981954935419408,567.9605273117701,22.918306015717338,27.1374068386363,35.77085929575963
9.97885298114337,5.029171504820828,1.4,9.97932352632764,582.0,33.34269467770159,27.348001176822784,32.023754133421185
11.0,6.113493895519608,1.45,10.733155860622444,640.8496045124491,33.7,38.3,47.877948258327955
11.5,9.883135317784898,1.5,14.1,641.3248529407588,34.801609320431375,31.62264281910819,47.67917051433242
11.0,7.575078584875918,1.55,14.4,682.9203072336719,30.822277302291685,38.392081393967494,40.42680922213673
15.0,8.295,1.9,15.857864398930724,839.3970333250893,25.15700858885979,37.45638858195605,40.68310097801607
10.0,6.448695282655223,1.2058886348744982,12.0,729.5853734711944,28.930169519527162,37.808538660606054,38.6538533128991
11.5,6.547161765211802,1.65,13.2,859.1788065942052,45.4,43.60945288027258,47.87598781873113
12.5,7.0875,1.65,14.6,941.77342598654,41.014446459215016,49.46854969641349,80.39370787847596
11.5,13.55,3.621747074578505,13.9,686.5973728963008,22.8,33.896477044721976,48.766151125240995
11.5,6.811764314785477,1.418668475417765,12.0,674.0,31.1,35.84076265288441,47.59070319025323
15.602707545768055,13.991590244035127,3.364107595562423,15.1,1053.0789136495966,38.4,51.3,82.15145410020355
10.0,10.285182168408038,1.8608810607699304,12.5,1428.9788113887146,41.259260838526956,69.76586643812551,92.30945752390417
13.0,12.29163179643555,3.3,15.3,1082.057541504268,50.30973121796602,53.835536242083606,65.01231588798184
15.0,11.493800399447656,3.4,19.995670564970958,1307.230872788712,30.0,52.2475824996165,87.83013388978999
14.0,9.557719359238911,4.1,17.6,726.6917630335042,30.079218046015587,39.723903295965385,53.399528572214365
9.892111647224906,6.373118746458718,1.35,10.06370316302849,744.1688109654607,54.7,48.91429787618794,49.7
12.0,6.733482047282894,2.1,12.7,733.381953803532,32.7256683367211,35.32171026973467,51.288580744381534
13.0,6.9825,2.55,13.7,680.212446856496,40.05169532654767,35.42600002120843,40.04047725973308
13.0,8.172692686407451,2.0878385888151483,13.2,734.0202169963137,40.015668884597034,38.671151480800006,42.03470170989518
14.0,7.916163340818858,3.8017939796769595,14.571310508331186,741.8308813679375,34.023821727727,38.7,44.12344053321695
13.5,13.08816138279472,1.9911627054543792,16.124939071959833,870.0,41.05765210568893,45.68840996875514,49.61629768142941
16.0,10.71376807053561,3.45,14.0,902.6673894642527,41.31516664606443,50.55891656565346,57.888535736875745
14.0,12.574338575889957,4.5,15.0,1262.6361073984847,28.608683723301148,56.53630103513963,74.88155795301991
16.0,17.935281370914876,3.8,14.8,867.367183705028,23.558869832633945,38.8,57.53797621829431
12.0,7.918017650009133,3.8,14.6,667.9282972431018,38.70525589800689,34.17750578859053,45.30528140347017
11.5,6.495120175638195,1.2492395416945898,13.839891578705531,787.6586292505489,53.901811402445404,39.05607352527586,47.54980437581778
11.0,7.733291317558253,1.4,14.16020562659807,778.1837984233135,61.238635390083644,38.35134455001596,40.050560866655864
12.5,7.82641655272595,1.5,10.618128000516162,882.2840932189039,23.6,38.3,55.00716975090113
11.0,8.645080583623411,2.1732538769178555,11.018792666633653,942.602105386214,71.51462198569975,53.73932267556372,76.2083910489703
10.0,8.154874164017379,3.8,12.9,1144.2588131797697,158.1658453789094,80.08917416256007,99.14063495839595
14.0,11.3,2.9836981621882117,17.12105451639613,1188.3527956568737,33.98753548577309,56.726439500683824,55.78156957618949
12.5,13.923921298841448,4.3,15.3,660.0,43.54506692950474,30.199033367473763,34.96620959962897
11.0,6.619801576864085,1.4603103626540286,12.4,742.2010173162646,34.19676212348612,41.00345628362867,68.9
11.5,9.912243989764242,1.8052038269040873,13.922612742035328,1475.3326800031555,33.17204246849969,72.5221995978626,79.77726830659684
15.0,8.603468051615845,3.5,15.4,1215.0,30.9499813047757,49.44619149262186,58.56334702613608
12.5,6.7725,4.1,16.07198971069306,1019.0,52.747986664771354,53.05996299418508,65.1
11.5,6.7725,1.45,13.4,648.0068785374499,53.59208305486852,41.11847605570641,44.325826109408645
10.5485710455448,5.6640434183263935,1.4,11.002884153831005,572.4393765310783,46.45928978719447,29.4,32.3
11.0,7.0875,1.6465198861624586,13.050447582297481,582.0,38.1,27.206997831337986,32.3
10.0,9.871000321441404,1.8157947620393897,14.014397669177729,540.7708050996355,16.659477332481536,27.584170916770333,32.15072564082395
11.5,6.287429112256276,1.45,10.99426257197623,538.8285893108383,23.6,26.990616790967987,31.987923743184844
13.0,11.185715239342908,4.1,15.336730080516173,602.890119267829,41.12892935526843,29.93202263886449,40.740279133351784
12.0,11.8,3.2016886778800373,14.0,734.1311415103796,43.30582383225498,44.80260582323912,39.94146495718471
12.0,6.825,3.8,13.2,836.8131539297555,24.61180653292182,50.85381321169536,52.5
15.0,6.7725,1.65,18.3,898.7183065184895,29.46751610087088,38.8,44.346414179029765
12.0,8.13906505485029,3.109249438523791,14.6,1277.9809523391566,35.93406078259918,61.116054281458155,87.40988146421283
14.0,21.52262449716854,2.2336081344798573,16.10579633844206,945.2089677253688,24.292149550950683,49.4,52.97232093716638
11.0,5.627515721620451,1.4,11.334361421852945,898.1268161592541,40.5,59.211935601429005,82.70716751190018
13.0,12.065544026453072,2.5961019568239636,18.062721696636466,834.3711982490618,52.8752024430791,47.123403138362725,48.5257268027245
13.0,6.032126515158922,1.35,13.9,1384.3283680050563,12.311078792958694,56.2,82.15973160151661
12.0,5.514197773913164,1.6,14.2,1288.2310025757297,45.4,57.84054755044005,82.54770305814911
11.0,7.057178868578254,1.415176104363782,13.49458058001948,1128.647568330293,237.76330386833558,55.88771818720541,72.96592133325346
14.0,14.465073145051269,2.245092258807864,17.867409391153288,1171.1770968069834,54.7,59.00007232462292,89.49477477772588
15.0,13.416141319406641,5.173810388526913,18.16237708885145,1415.562334344064,49.1,69.60561459790969,93.54841276085489
13.0,14.089961673604815,1.45,15.3,1306.0652410760329,32.0,57.751034274708196,82.1465603367555
11.665434461655018,14.229263972188221,4.2,13.1669876262463,898.8449480348331,52.89102505203927,53.357813204739706,52.96711961540705
10.0,3.865573801116171,1.35,12.819211289191166,822.3496904893962,54.348488405870505,47.20037443963893,47.0032861205992
11.0,6.405,1.4,11.524779546694903,730.3749375388305,45.4,39.13162139381127,45.71767506537395
11.5,4.815406625634088,1.4,14.2,670.8352502695627,46.5,37.211117369630344,44.96659037486335
12.0,11.91309198011502,1.6,14.8,614.523314078307,31.1,29.96719007516941,36.33702581509485
15.0,10.6,1.8,13.2,841.3341935431849,27.781544231594317,45.027729873747624,52.5
12.0,6.9825,4.259136207267093,14.2,582.0,68.7,31.86283608220341,33.905744107965006
16.0,10.609165060346447,5.3,17.30684766839534,596.2770961052314,32.0,29.95631732515032,32.83699133387885
10.5,6.9825,1.75,12.1,662.3564925331046,27.06877792065171,38.278484883803166,41.5
10.5,5.993347810418962,3.8,14.1,780.8448985579046,62.80873633001288,46.655858098718056,53.288337774164965
12.5,9.919027595695995,2.402629776572622,15.145524407985477,1012.6985268307377,37.53081395637709,53.545649770252695,56.80376855985354
