Brix,TA,Firmness,DryMatter,K,Ca,Mg,P
12.170886854225065,11.667592208426154,2.3437775791681483,14.639719113595149,693.0661526032444,52.53448147908943,28.37615549415574,50.352406066620404
12.569609603040982,6.364692392263383,1.4443872691657171,15.033007397770632,672.592381048571,46.069515112276285,31.562045197009873,53.2727181109638
12.881419357782002,10.658539809104957,3.1796981320545648,15.083529664079963,797.4034579778136,-1.617813843043176,46.47003413829795,39.05757224913264
13.741223061749352,5.042190753271297,2.6422231074070166,14.288920094146803,1296.1679903802499,31.21500963907087,71.36582267499152,83.21019693026348
15.148057264400588,9.948451171203729,1.7197841728508867,15.271890741531564,938.4560086565748,27.700700043663605,38.81156382835682,67.53900454446125
12.618147506400566,11.645631411321427,1.0931619830226997,14.545859932038624,1305.599372979481,-16.6820366789666,73.30572348845685,82.42642792924048
13.70769460182217,16.48462087190771,3.394847424861993,18.514321508461823,375.78265314712945,60.14159281456736,10.851972418491759,34.03888765338796
17.23209511651674,12.801721784008363,2.5770006106673526,20.412632742847876,1190.245980508538,28.088338347845852,69.49697898711577,87.15821986618514
13.799886721049385,7.886128915900224,1.3643081903827434,17.244951057233504,1476.0667582861151,74.21510653336443,86.865962935621,115.78691493982059
14.672474486120805,16.841025604873018,2.9302844252302194,14.549492764207601,868.0488508794996,48.443884210901764,46.4297730633301,52.24865906258168
14.007108252159611,9.14968616891215,1.021883139963696,15.9469617222585,1666.561484122017,49.68200285670955,77.67882854543348,117.14274739420094
12.739430388115956,5.588133961809214,4.334604093344835,12.117991498478876,691.2851209048381,79.06169325708409,30.414970937847176,53.082861243600874
11.534971000826708,13.678431858932056,2.011061857537198,14.430955281175388,820.5651229703767,27.493198598855667,46.61257074388367,36.25630121898383
12.307131017168457,9.064653954775224,3.4121307053229963,13.464305779392326,396.740354438398,32.851261948167426,14.775188472304414,-4.801865407872196
10.336181890848879,9.145715373157762,1.0786870773583512,13.632415910084847,877.2264601147635,8.183217821776596,58.59282321901371,66.995653383824
12.299844695588368,11.018674239261111,2.099659115160329,14.595340678729952,615.9882447419885,48.701005157209565,27.727863921256464,21.29464888932716
14.041120672084483,4.801237546308773,1.4860877860103963,15.828160526364126,1583.5514242716397,-2.3043298490178645,75.78201454290982,102.58891317872384
12.846296004105108,16.46575022024935,2.1658868318425553,12.239894703277184,1159.3328941163259,33.17196341680387,64.82674697822699,82.30003286832391
10.955896685042584,12.689792846400755,-0.30465751953266246,12.241912606953775,1442.071974538532,31.912546273183974,74.93226358744853,82.86412049395878
16.170335903792967,6.6824486762001625,3.8429815696079905,16.688268752932675,1526.283170614258,25.831510640913947,81.82030389560566,87.76317471716145
12.979968563555342,9.103670592285344,2.3152858863204866,15.42479794503535,659.1805135591858,54.87954750133879,27.022288887398744,11.721893783207797
13.256574915495776,10.855874474972058,2.18895529152573,11.875476455251581,534.1283305299304,28.951716979513503,28.224907067133,28.322019724385346
12.941361322134552,8.92897478929388,4.608950011260212,19.53833063989961,1471.1577197359954,83.33300222131814,76.39376857734973,83.84399965329416
10.830708097955023,5.059675381022216,5.039586317395539,9.990343824048297,717.7954091952075,78.08560316066546,40.570238504324685,56.3447900931315
11.946084043017622,11.799302142926285,1.7501018626904765,10.66789242724009,1096.316698109724,90.93988084425068,47.758881261126476,79.04298660640853
11.938425973660731,12.712264374176904,1.523898874500088,14.321902588032945,847.8252172297632,22.89486056767808,42.97771862441147,80.81832769229021
13.055407903553265,8.303487467429877,-0.16306135431746804,14.738191464474905,1015.4820537646953,62.05070965851163,52.80998193936274,86.66511027821262
11.307107223168334,9.294221639547557,0.535975947101322,15.735281780255127,859.1172074541003,75.49167154227318,40.20967501379562,18.49364805848687
10.426733669384928,15.33558543816018,2.5030358020038803,9.906723143158676,1112.0485417474447,44.595824217568804,61.35053893037183,61.51101303374554
14.537276660841549,2.137406071892338,3.0808993468681694,14.364807679712223,821.6039131982333,7.523260238509757,44.586520124694516,64.33141926981119
11.470040785312582,2.9045667872945926,1.977742760411257,13.172585482814846,1237.5889955950176,34.48019839928453,63.68153260120321,116.24969752940382
17.08131691297752,12.818948529198835,4.421642900107789,15.309871889890314,764.3367194935217,45.87106647437278,36.93045783291334,56.49284080847951
11.808342613172641,8.88381545506581,2.0491700950989387,14.541409715254147,1259.4253675760674,65.93126054549114,65.05173475809552,80.1965149313546
14.429973205424567,16.04621343815963,0.835472787342104,16.640427011925894,599.5990210913592,-42.46730192749462,29.849145362659463,30.889271227499293
9.288485924190852,8.340092411929342,3.719130600698709,14.335955359266949,845.8846221844133,3.5342940323845236,63.02425381991954,62.89923089522094
8.698130401280757,8.514516321282484,2.3912779371778923,10.426174632175368,697.8807219934491,37.65005662394705,43.00121412885434,50.18209527391648
10.756203477785778,11.98528912484888,3.1316387550546048,12.226541621392832,1063.1163833112462,40.79337917060887,56.28318213232676,80.1708089304586
14.459208605997144,6.199773328231136,2.3497710761545494,13.343443908362323,817.8349654463702,66.10121909652601,52.00586326289854,57.85266203356748
12.909461540131039,17.42351327725159,3.7609283627086723,15.729972729011338,1164.531674182837,59.652761789251784,66.11413516431804,75.08762902047503
13.850079713224856,7.67291968775321,2.294974866140657,14.029946892919778,1063.7437677309244,41.70161038028171,55.05139068961242,92.66603917339205
13.79668803320514,11.393524016529925,4.447447975881572,16.722026261676817,712.6509011998096,58.7119658003644,38.11194491476302,50.631873447467854
17.106498976451647,8.710599231939835,0.21049663241951336,15.653466588683777,818.7207918775489,21.353173981855484,40.70987382634622,45.298981456055614
10.9628919903467,10.765375577117885,0.5295599009029116,10.621608887280507,955.302883324847,45.274858629022226,39.392861433802146,72.59159471987188
13.26287102294987,4.524238409879878,2.7217595571717097,14.344905606356699,879.476571690481,81.2006601468059,35.10439147581617,54.30047215583075
13.786956739044152,16.09549755343819,2.617199673529571,16.164483934832226,1009.4591996160996,33.05382154539423,35.44736615324061,79.76331029727118
16.411098725815968,10.161301651603711,2.5979441668385337,15.87703391448341,1129.5718538032284,79.8699490870111,53.08840755899566,61.66189380045107
14.895514568969405,11.227224328518467,3.462110954049236,16.016600074812978,997.926825158325,39.40561410069948,56.33745668064146,94.91032399540869
11.786488529684146,13.629449328457593,3.524480120628047,18.288004487412426,1276.9458869387797,55.883996879186846,65.90651543813568,86.8357452077764
13.820743179774276,9.764221082521807,3.5344001919927153,16.524104628592095,765.4665229209119,71.49246726888386,27.572116974423665,50.85782164953127
14.272546716365852,11.495205627209607,2.446580514194091,14.991871616899372,1411.1845024788213,34.602282064245365,66.94983028170411,105.70794694053407
12.730077918039502,6.611831319865374,3.323504391922233,15.587234420792617,704.3277158227888,37.51495370636064,29.84419435732057,23.94885169657434
13.712712908831621,9.585133875060263,0.4303433880929779,14.164104815577705,1429.9429330089044,12.212252518057777,72.67603938715584,91.99690918899928
12.971683910308816,13.779702064801365,4.72661923466726,13.950056723899174,1211.7284435481495,66.81363077065407,58.88736563551211,66.70651383968793
13.485515335039189,2.8593849886252825,3.7188098595956047,15.151331969196127,1436.7057327452283,24.61289393642552,71.84997523561465,105.37896725026258
11.582008817992707,4.5479590805401955,2.6045591559378827,12.043454717793718,1398.9338358754887,-17.10635389855943,65.94509036980726,97.99522775691936
15.427294103730814,10.349716773031188,-0.054451347740383835,17.120416989777947,1470.4231601491801,-0.9393174127354662,75.08817794145557,121.21266785665601
13.777996174336355,5.61885360121348,2.334739949987446,15.641833532188375,589.5046206081132,52.335424413281004,37.116952328944656,22.175083536529954
10.789613485622617,13.225741737010276,3.1624451714380033,12.337733963302382,626.6041325265104,-15.752284655287715,41.48444936322035,44.29700599053584
13.226749805199798,3.4855353938049563,3.350340364381868,15.252696096181554,755.8230726023319,39.47764052960439,40.80180004797248,44.633514916786936
9.842357710828509,7.919249153128333,1.7037101622125688,13.926834222634547,1357.8495737966284,-11.644180025454874,58.01214613104564,83.95065267335669
11.984416517112264,18.9883545781905,2.2633884235057344,13.484402204847573,1774.804777348036,51.450913517461366,86.2101477372947,150.15152900840462
11.473091892856045,14.123277370074284,2.5902053202321187,13.507861033684264,820.9116462506936,39.36597207909963,44.61885708264698,47.284199030022755
12.370801586130467,10.424000576845154,5.290413069317105,13.49551609546649,700.9901163702954,33.893180322253095,35.856506843055605,40.97712862130616
15.057167406001543,11.152863126295385,2.389651908597977,16.728206746857907,699.1576023360253,-0.3875120468310204,33.12946634555408,26.898856190948134
11.245824443458046,6.862580078345491,0.5723842045283044,12.17815803437289,974.2546259799415,65.57012300714844,60.05038387845544,68.73298355064595
13.671981960108983,11.039712988100966,2.353933599694742,15.495272340717195,1079.0008619520838,64.06124892631858,53.873447430079096,87.17041644878168
13.005780043866684,7.51802554628739,1.8431105111215629,17.599285277398568,929.6621105472888,75.583522708655,46.06170058018795,69.5242931422422
19.894982749960754,9.51296190221794,3.692624604151386,18.063287645264456,813.1156674872639,41.23136375576429,44.42058297272786,59.162422830214105
14.556282018831627,7.8985111661901986,3.367259976968482,14.19133050337756,1149.9618663819867,16.112841776199847,43.67310725570506,80.43189116652374
12.311547058873293,7.668568616259948,1.353218851484184,15.363074774189833,1145.967426371866,69.13732394230927,67.34475198935579,84.23326061668037
10.383549380858506,8.824734507309273,2.4235042150092263,13.710377356315265,720.112529384251,3.0334224643518115,42.464898996874126,43.07219413569354
15.225013830260893,13.781364803174478,4.525743970705322,17.348624836518564,747.9685304759777,38.95092588756206,35.31517312793751,59.11812926299059
12.697608969314196,18.350182242377993,1.3504350350024583,14.646589566061683,1209.5616803201185,49.084284311472956,57.304738611166435,71.93433823641308
10.609906437928979,14.615718620296919,2.6003933160576747,12.628359085854697,1434.4227906396832,47.66429015478199,61.27705857833335,86.1928127459864
13.328555717337927,12.386082695872155,2.9716669372181403,15.86193458373283,935.5306131598279,61.56631681298611,42.18167218065241,68.7854036881919
13.779427714326227,5.8389233588735525,1.4657019322366291,16.865512444722984,1182.7331548025288,69.3939322853358,62.558863585214645,95.49016701579689
14.444063371556657,4.320185779289765,4.433073046193899,15.992708473121438,1165.8096625997393,70.18330453688637,55.105201166094716,66.53429580611416
20.00186604459128,3.9123288945038555,1.4138502206442398,17.686307389562423,762.5976714417623,55.5881545833138,43.66708684079187,40.43394510131364
13.657706681753913,8.602563968446903,1.8696385275647975,13.498393578760085,691.8205161148355,54.13868655640082,33.956280878813054,34.95217877735987
13.778663631296237,11.109723944378834,2.7449870156783267,16.34787978701189,947.6441137375515,43.57840256760478,37.752790267944164,58.20177903507252
13.513274175919234,10.777793945683593,2.894818908419334,14.310289428516043,823.5142754903534,46.439445173384286,46.098048344027745,58.55309075051787
10.874095785459291,10.22222171612822,3.4147119985003274,11.857715839192151,1197.651618456467,60.18427392656928,51.25825321656223,90.2031476416708
14.591737125157671,19.340892207890178,1.3756813386622242,18.146702832585035,533.0888016874653,26.08592734181062,31.93426516622033,32.47499938490249
12.454351846670948,16.278535979050456,4.916479138305147,15.97521624284099,875.2521424700717,-2.6349186712470902,39.87984789483801,66.6103098137849
14.24200690046532,5.842174948509563,3.1323572077755073,17.1517740762825,1215.4252830162395,58.29820302120863,45.00162972795874,72.88486151458778
10.75948061597442,11.423405947056812,2.214561041059326,14.35680721370388,937.2685198329222,72.60566432319845,33.52819319140647,73.16857344502817
11.818900313175291,8.882251509302952,2.325589729184926,14.027307112998397,939.1892099081623,75.74900461888883,48.202245178326194,49.856724247867184
13.784195034386139,9.453204740367603,-0.5420695547268665,13.833933461533631,962.0780633227073,-10.879121292403081,52.31931559682623,66.97033993950573
12.295903680359979,15.90698854583374,2.363255473348593,15.411184445662323,916.0073018604264,61.03031705424006,41.6753396172266,65.54598942342696
12.432255410720277,12.106252767427529,1.7353515657021055,14.417666700499288,926.8335719104971,44.98577146198434,44.045683066399896,79.90187099018983
13.653768846962233,8.225478779602602,2.1540813207521268,13.825968679282584,1020.9723140310714,14.639126716160659,53.37452750003338,53.16083659763397
14.906649301717778,10.17033895408252,1.9378191284879296,15.535506156058299,989.0237310003279,93.65686504628775,48.17053239541741,61.38808770216458
13.93721731388245,6.976797329856708,4.869874523430562,15.966851229193827,721.6818994451326,54.66341636562159,42.10728287739263,21.475147092740958
13.742834285923907,5.813238814074637,1.837883636813955,14.12307871617974,1354.516283581407,77.60459006178354,80.75993061887229,84.10179100371326
12.394601688567048,10.385505812667246,4.558674791269976,14.954669250780787,1001.6542973013294,29.78017082128645,54.69179009162028,66.06831965700594
12.099439485536754,8.066053503815029,-0.09987833043151692,15.954069084525683,1119.281616997765,61.44264679452724,59.60806113372512,74.39086733834829
12.44498519653518,6.280385845726451,3.720049201627614,12.117431244320779,681.6271585771174,76.45673469746363,41.192299260690945,36.227117604811426
12.824577180842894,15.886859937108424,3.96461718073012,15.84966683057426,437.51593153254606,14.379246528231308,15.027800413066512,15.098656065460073
14.298956982460604,0.6634487441688568,1.3134432010001291,14.2510178099328,909.1411521121591,19.719732635710287,48.16097275106815,45.52150039047246
12.487125310877019,13.691176033500437,0.7674306046257147,15.316145451426825,1158.5411780992483,-25.640595191521175,75.44187856647144,86.41384962304926
16.08756727681149,3.690367405757536,4.869671379639469,16.460121803126423,482.3326583173175,16.200540266477976,12.804881913384381,-5.333123288403414
11.161421045103735,7.441431250144752,0.00020732970728044655,14.530465112227567,714.8730774487925,78.18055250833203,45.28450768417358,48.85812420099045
15.247880279154378,13.233448420911966,1.901182773480191,17.468718216250004,824.8139853550322,54.83929999162519,50.8633966214569,58.596389881520956
14.182095201321843,5.448451233543045,4.550748213830475,17.81286072063266,1310.0269458188739,34.899703027591826,70.11417409576838,91.63965333399358
13.63598704137523,4.792222680337968,4.9047768632591255,15.561982003524244,1616.6533625148277,17.606122579984405,79.50645132442114,106.9222970727575
14.47976026374893,13.563347374428202,3.2781722128367305,14.055245462292596,843.8758426872377,19.577058072736218,45.74025478897595,57.83562125078428
12.326830734197117,5.313861006290408,1.1251980863658693,12.975494039507875,1264.0866673121393,86.58140120610695,67.37988423457243,81.52558758088173
11.620148155477501,12.000043879601936,1.163554907161854,15.26706721637274,1099.1224282323878,15.031777339627753,54.906179165569625,67.93380226322165
15.893626072451756,8.694415935253819,4.032000417786268,14.515143202922044,712.0820802700047,32.61953398400155,37.03582969639026,50.320874964588334
13.134077636068906,12.645088600043046,3.750860705793993,12.862177913437225,1275.0106298119586,39.848568168063515,70.72733383324424,64.0815704771706
12.646366059976957,8.361686819713594,1.202594508793289,16.91433892152094,1172.9336946782282,22.501643508690176,81.58042997399065,71.65690656865083
14.316261290565912,4.4460202594855,3.417876914941401,13.619438715634088,1036.3572646164155,28.305799337233193,46.8278089734519,72.0727044617197
11.518032996851055,11.796052489624849,0.9756588896641764,14.859627570614983,911.6140565938539,51.868939186601956,41.543292540943355,54.12063275821111
14.286419037949221,1.3377350852918761,3.0740729175973045,13.221069083618946,958.835350603776,36.27571702644513,50.878645789947,55.09363028929772
10.309257028228533,7.472311059962639,2.360142430323985,11.183358489764782,1393.3079786567066,35.278350355584514,72.10171086533065,68.78906583231863
11.615886651578135,8.107612784900146,2.053002147819098,15.655311721285274,1299.269872772522,52.9364960868742,53.96585527893294,108.59210280485583
13.754405268795095,8.153542325439767,1.9180627339353011,14.786232189726341,1521.3036962461088,52.7793346375231,74.70000374021019,92.66421509731185
16.11392217644532,11.661468622593675,4.246905407478715,17.703993742664863,1086.9233694082295,29.30871261932116,48.97061514956085,58.62977735763151
13.052860967423744,5.61453909536495,3.147219830907103,15.751696324037558,1436.590142749789,55.71643680242149,76.66855053164504,74.52893697320587
12.402452634010071,12.9822888471432,2.771139138848245,13.20977566154368,704.4676181412434,53.41947089893207,28.019365602255895,45.94024655807113
12.538207385997497,16.93487977158939,2.516545238362668,14.417791842879724,1286.2104190255232,13.52462254151452,68.55118412142374,92.87227069814686
13.507946967625086,9.730311298199902,2.5936925679817566,13.153000300650392,1621.2695734943868,50.84494092978487,85.41231078173763,111.74122782472807
10.799374615779662,8.957003159243069,0.033714038048192035,13.669087403171703,1097.2986192455135,20.30998311868223,53.38060168304302,65.94837004924474
13.933110362096919,11.978971565084485,2.7171512587891185,12.86739299021115,953.6453065191182,94.87825390535625,55.66082305017919,48.557917130469775
14.875517166498494,12.198082398503614,2.499938559247061,15.635223293328826,1193.5411080027588,18.28295347659173,56.18546247370637,89.7710335572259
13.299077894939773,9.76124855785592,1.9752247777891427,16.426464741511854,1059.2742139121435,-11.826124422676578,62.143767185202535,61.35132702830069
12.547576268710158,6.438467010252641,2.7317683325598705,15.899366664980185,799.4141292692215,21.589024453192476,23.703411583961348,51.14381850591045
12.25668963376432,10.238256464057061,4.436090528174565,16.747266405480673,616.0026952817392,27.26565026600631,35.53950722852534,39.8765544305732
10.677244170426983,5.75639079933068,3.6878856043640567,13.625365213232193,1433.2988090365448,37.7106635873377,67.01461743422486,87.54747929515574
12.886246683414377,7.1780095980797105,3.2341853464606376,15.620370459073044,589.5764983279022,-10.788781313688666,31.194958381319957,58.86299868757015
10.532159258742617,13.91077436913588,3.5150531648654524,15.337622672666347,976.6869316855546,53.15064716070338,45.74592322852567,51.26663401852547
11.76374193597941,12.202738920823052,4.7642722453418616,13.205367843887934,1119.6064496617842,62.59614791761944,49.23858428011529,75.37701365925022
13.025194411372219,8.004272660155674,0.7256646779671805,13.683926004615786,817.3182658595041,49.25015906475609,44.61042697583059,63.14295653364633
15.718826410882984,13.307367175493322,1.8552226142086303,19.057372857056542,952.9333759062895,25.73311833620149,52.590659032951415,50.14862751196664
9.583372020445417,10.326230298997732,2.2437171468989727,12.526553315479616,712.9162809766667,24.407730327762504,36.52168706583169,59.08792170580611
12.126929849905377,12.107206375768273,1.4660480515543046,15.130962544509657,1103.1678651905845,26.14492963427516,58.52980300399578,90.84026011709716
11.016149502552015,13.877995862955435,2.6488606492040034,11.288699607699671,977.0901833900423,22.316881391270034,51.066538347842844,53.406008607172936
13.52050625215111,10.101962490950822,1.2256686986989407,13.640917847053627,1268.7061815807836,51.171093293575616,61.26311745970263,70.25856150445486
14.547438622380213,4.7067245038043435,4.547952947771937,16.495975597388504,744.053346096558,48.01915516673396,44.20332651332646,64.40712488640321
13.304047192508824,3.335567227865012,1.909228970441071,15.782499839958179,1058.0681120532765,44.815407941047305,58.21495395452686,89.57385230489108
13.869955909441254,8.272805780901471,2.3509737413460745,17.974536206533216,803.1933278546875,56.00349561619219,37.177912885827155,63.05775970163086
8.387770456398817,9.566837933583363,4.512889236734831,9.266435542424553,1095.2343672785698,11.958081929548023,58.1882460965352,74.42620859344662
12.371652985341976,5.193067446060375,1.0390571683541505,13.477591703201012,1486.5111252396696,13.995020467994495,77.25542045008463,84.47551468548698
12.807370042508778,11.17213331210095,1.8634763355447483,15.081647060379575,756.6286847500305,57.31749117112486,37.11176575649148,33.071710060403376
13.660599621569364,7.791059614037155,4.707208266041533,15.973370590044585,821.7820444927725,17.802506367784126,46.28617573736026,30.057153309235165
10.117384810846469,8.014318928328379,3.639543559218862,13.266427860389973,1177.7529983333786,10.189984834706825,53.210233692060335,89.04145155430194
15.089946942995592,12.795640987904296,2.47033787918008,18.421427877112784,662.9503065519738,60.28320640944064,39.6965382684794,51.5694010470167
10.208163757771946,13.003401832304535,2.693469966425125,13.731677239788384,522.9079571317849,42.039240051165436,22.927094870217793,27.493879986493486
11.950198141254203,15.499703749227518,0.7489609576458572,12.447757869968111,1107.7335484641892,39.307815398334824,59.21582076868197,59.401188086490095
11.896132803047342,9.849766659541425,4.04972741148582,12.714297938033472,983.8682844859868,30.587756073824576,47.12923216381488,51.68423259731952
15.86685171170461,15.224191993030008,2.500736839033728,18.27591002198677,1292.9763526203983,105.93564871763769,53.737489960007714,110.23911497277847
11.201216962154003,4.4113149479665035,2.8496329706844494,12.717470111738313,938.682469617111,47.32395863860497,52.379460652296075,79.57879514110795
13.0583545227843,8.582695465020882,1.1243316145794449,16.56051249671461,1000.9310589456362,56.384691256940854,48.62557066821911,79.26638115489746
11.630726880909467,7.736945975334949,4.34314813552251,14.088151104499701,728.5494653933177,52.304156286363686,28.67597127683229,42.68657648185567
13.187297245757799,15.901513208650698,0.895866374812511,12.861152992655851,984.3765366935177,24.950416977062716,48.37791972308069,60.7723076822087
15.486182937653517,4.454993656341191,2.6706641071766555,15.345252961724295,945.0338348847888,46.274546172271044,54.957560583001936,68.98136831322505
14.816198856212793,13.393628116808777,1.4955067648697744,14.151116370717927,1041.4109451325473,35.88624450915172,57.87991485194831,82.90223677161559
9.785270157972244,12.51480421358552,2.65256223178956,10.548800438970156,1147.3598989830684,17.561457250876334,59.24400809559182,93.17551121690217
15.926575057220555,10.612710232425338,0.8686936947286904,17.205978762463978,1011.7938362557911,43.176208237384344,49.962773050935276,73.32423002788084
12.543213852148037,5.853059370857977,3.680460286563097,14.892099842129017,693.3119590678194,78.54893167765547,34.759150367432035,40.69018876080959
14.66855013195714,17.233171636904114,1.9541577411029813,13.122575621461001,978.378743783843,24.547364036746707,51.08590429187439,56.5065779313959
14.497035919155758,5.067261106459707,1.373508083968663,14.56068352476597,432.37491688597584,92.34459507391928,28.5018837833977,17.36478897269095
9.174534152157296,13.71665438905356,2.5923534129143353,13.164540722640034,1089.5486082578414,18.196310668914045,60.51457055127436,65.89440891991873
14.57254201683316,15.891276489663765,3.076929948777448,12.977205980685056,1015.4220559433812,-10.1870475621476,41.74297871895124,59.535847527273006
14.376530286510436,14.42906095622509,3.0800133158368403,13.433559582696965,778.4544676203845,40.55298237895783,41.875598489433045,40.39535529317446
10.373710672657126,14.725377379701204,3.5089963226756837,13.456338475633824,1394.1460840802608,10.649014727487568,81.75544144362581,93.03239025429156
14.028379741035872,11.026958747836249,3.1728983649406604,16.885534888188584,807.9821720582655,32.26321903974638,33.38898493165004,66.23064752984178
12.834282847000408,8.457795302183095,1.041350553714483,15.771834469382291,1308.9147543095778,20.76790269808432,69.55796259343157,90.53436902502695
11.513555737157015,12.646605669065396,1.8137198962656065,10.8346164310075,644.878393286367,19.966345496644646,26.403181021492863,18.08448372582986
13.72915550469603,14.289645025730486,3.7762956806449006,15.965243838238731,1334.3297133365738,34.04724067014814,66.3017921433396,76.10393770883502
13.65243177696042,13.664316141339246,1.9333891693458074,14.539986051825009,588.7797543045413,40.337030521262754,43.547872452632745,41.65438809607297
12.499663946837993,15.928922190252898,1.375811642328638,16.466456766666024,-381.53726015656974,56.45446492217313,6.660833829014294,-54.55995111391714
13.680714537376256,13.962342716794975,3.760017156250278,15.738081357613598,387.8917116475214,5.863458613007143,18.172981159360155,32.437356980290076
14.342502120046106,5.860503670264649,3.2889100143013437,16.12261738385822,735.7589516352199,43.8264839551863,36.84408556708145,35.92156426649939
15.13688170294349,17.4955594527255,2.239607925289504,17.2511467584963,893.6701819741252,26.36150340907514,43.625913193007676,63.52547769171665
14.014183270762986,9.975750062772466,3.6903825456964805,18.3204927247167,777.3975817022825,43.59263895349629,35.09616881256215,50.20522231363803
11.025699778053522,16.761181047340177,2.8766730601026302,13.412019374366183,991.8919567341833,78.86052605081522,51.92763147085527,86.21436557364936
13.072147189267657,7.118533405237913,0.8537296458625794,11.205009410792671,1218.214309429043,35.34784318516873,74.35163700697107,75.60510008633463
15.619491564038237,12.861491732017956,3.54247302244608,16.728342133101577,961.7017045369537,65.64091561503805,48.228401315658054,55.48241203989603
12.375869354843575,7.917451183489553,1.9614815223139224,12.842119316567164,1479.70852597164,38.16992207518604,70.95269250349877,116.68211293475274
14.481566470588628,12.338358841384917,1.4570257395871933,16.6710122059119,915.3094391395318,14.126943673904972,48.07288854500689,68.33276271098096
10.95135704792167,10.623400294977483,1.4402656889996377,13.942487053713425,1224.3948980229752,89.99458351388614,57.1739601327931,89.83458452729423
13.171265244051144,9.330935569710514,2.8918069118773713,14.762938534240948,844.0656164992179,40.56828285849565,48.2931292372692,51.9806476883284
15.314504904301938,11.544603110982157,3.9137411321404523,18.4588768147024,958.3541469090655,68.53714446913496,54.69719255950768,41.072772056547876
12.022200495595767,7.254939204347825,2.7647887693673283,12.900028495217068,874.6652175327097,30.811593292604098,40.69640563399506,65.76543241110994
9.85600669206364,6.220766569318522,2.934301462654607,11.501968105436422,1288.5599026188431,43.66815163598688,59.48530902879285,112.28358123033307
10.910329766138956,1.2465710981215312,2.337034043541873,11.887668036436922,855.5880343851146,38.782007737430966,32.22778429092858,67.89687356552945
14.363297686945353,10.473155355191807,3.0043102665823964,14.12669695039574,696.1450574616139,91.57774714463615,25.216734311599474,63.66543256455216
14.232962998349624,6.640903062482951,2.9374314944921176,17.43805182073148,377.0213622692848,20.52203107197272,25.272180783037644,15.266600072315802
12.974571423643226,10.793671869101855,2.1552831678567865,14.719575148010378,816.8877729688422,30.858109673789336,40.83075883609346,30.614961572631586
10.571402210009381,12.767654386954092,1.770151871117679,14.461524881682656,1071.1527966292547,66.07387227655556,63.75731914092676,76.5254213029007
13.976760878099109,6.1116559053138415,3.622197070559691,13.323754929414592,914.8601088232618,52.6417589008504,54.98126545725319,60.29603012986207
14.727578278211924,6.3433547722460215,3.1248167182820987,15.242038543365258,932.4499225264549,53.87046123379494,47.43699816199651,68.78412700934201
14.686333934882956,5.79704422063409,3.881367923088947,15.485517039748501,213.70580287756806,45.397093182429714,16.471748955936143,6.7152225268681445
13.870663419622533,10.742014195214665,2.6000722019383544,16.63492504216007,809.6763504536974,52.71803324571336,42.6525930355545,53.29402597057821
12.764072791641125,13.503257423135109,4.96530180813554,12.726725236692404,1334.2940651168453,27.955666536518677,57.8390727546184,96.14152232651618
13.153896407180413,10.734381740802991,3.6095849501306523,15.311516069556898,911.350630457067,26.63450465125943,40.83992939992201,52.15796634299632
11.927305738950853,12.533671609761559,4.531543078547727,15.309355673296533,1102.8128487515403,40.398257716653355,61.82626807532235,77.82449051188036
10.858038723615678,6.889322004590031,3.9683806949639564,14.756880684356544,1069.5746062699861,55.01684304052147,55.85384184119015,94.12470265889746
15.45403892365178,7.8728258477801925,1.1417601122013197,13.82541245553793,1298.1390998810923,57.076853160249094,61.743204104886,87.8627946470984
14.641598471285802,7.690915566820132,2.01397276860135,13.542159232667093,1474.707699369858,65.5791413446041,74.92276377387594,116.22142244358756
15.2442771215613,15.25027701039595,3.402025059104479,15.503455252749482,1033.5551122941822,53.50117258037759,58.371957642057026,52.8743659767594
14.785180637881936,10.415005819060832,5.0297009181081505,19.22332253893405,1150.940633777804,30.613376673063165,46.783116742566484,80.70598829925261
12.095527662745962,14.881992539802583,1.7546883039651784,16.69140242160144,680.2732696020641,46.9570384336259,29.30236950479608,39.8391303419499
12.206991796403633,7.596647485885836,2.1434916549658514,12.239059144878613,1223.3898932320446,38.62873143210249,61.185151813197066,85.24350080034648
12.166045251961798,11.02420760228925,1.487692527272095,11.961444341239039,1059.331975458203,81.04392368599719,53.45131994005373,72.26126076898927
16.25425100531768,10.579874848270633,2.3348174091773326,19.205651851995444,983.4432775235663,43.75018354472387,39.435250105217904,69.81830578253104
16.157567578899844,9.466476356063591,3.006238973296551,18.623791938973465,442.68290410667316,24.165948591596386,16.535144105233876,21.467898944278055
15.067252450522375,2.5324226473775955,1.6330405198790832,16.468512296186358,861.2148894740491,50.52347288449351,49.42892277522611,46.15810011263486
16.168237425432352,3.71676570046859,3.659973640224687,17.458272905739502,933.7176677005572,38.126560371634326,36.11205437247341,51.64732409040796
15.090375861744862,6.606416228145147,3.833183305329895,15.806598125957139,1631.8410966944336,36.81130303495337,74.50710770317018,137.42834934010997
11.745188473207326,8.140919572010915,4.920186026060466,13.629403566151465,2002.0941675763106,73.30872107593314,102.68474186959259,144.8348622279412
10.576488060035896,14.52991855134187,1.5999856500735405,12.507408597195814,950.3076474154412,11.50049653860341,60.08440991655025,43.53088670764604
15.94834952140639,7.866699376074552,4.698267701277564,15.524367695992035,854.8579078874506,37.62773923129422,50.122948765869864,59.45001076006678
14.37083258371584,7.321288768989364,2.840717078368286,18.292085631509533,831.6580015456803,11.673124775488004,44.50623434462405,46.430722615681006
12.396730825967222,16.87993539132317,2.972562205301982,15.17147944129577,986.1771074556403,102.29007823474576,50.75164276073161,55.128981131154625
9.258550264391243,14.408990153991983,2.380853054194084,10.912241144909546,819.6662742573302,57.119910190463465,51.113299295459,65.68296069756698
9.6328095345993,7.923366252102104,2.522366502843187,9.59427093474602,1650.759039982558,42.64530690534033,78.82211309992081,129.95379247279055
12.491347195534553,12.631736145689612,1.4063693481161494,13.620752142485221,1198.9501953189117,2.3259937373331225,56.88726666435765,92.25103180470768
11.894867206798146,8.264320400925051,6.622303978645862,14.753643433576038,379.09745692506175,33.812207386291405,23.75302630670382,26.466799981748807
16.136586648086165,5.076200806249442,2.026304673682932,17.081811071487287,993.4810058354226,41.51831712568603,47.78426423466469,38.398655034159745
11.64850139167712,4.740674242554214,2.313072119078533,10.933274539334233,1446.1341581715328,58.92903967213488,68.05606193337823,93.02741028719994
11.92265827662729,8.270558309867235,4.473231580989192,15.046427492589936,837.8731145424803,34.5334030358078,30.11903570303034,50.30106819915068
11.33850097797641,12.214220548696119,1.3864314283281913,12.528774177986271,612.6786725434525,15.235984236415918,39.068532342912235,28.714095089228266
10.559438012645424,7.251680154525329,2.309643440248686,12.376937744567151,844.6771375416847,18.21354317343149,50.09221183214931,51.40670394363241
16.354434095826985,2.4854499242034938,4.661007630261826,15.389520587355808,1010.9347403313143,58.62543141082864,62.454016508261034,65.76983780543534
10.893898984499451,13.521020641165329,1.850110392148822,14.941293931314181,1097.3418897957465,68.01895973408544,55.003642885014465,53.506260056312584
14.339641891348698,11.74966898687977,3.2170183635576337,16.913888997283774,1037.5530336357776,19.90720533023747,55.4166564971971,85.33501481643765
10.793165389191742,7.407927474549212,1.3584420100165753,9.74500101862112,837.61064862349,55.6228068594575,30.859999953137986,41.16065224469904
14.340332808993285,6.972934216444389,2.244797873512551,13.815868382834676,967.5385526907656,32.27691248258577,46.31185705246266,57.638675189217615
10.089711612526882,13.275678006349926,3.2340720794546622,11.292312026053215,847.8647785966218,56.318375453480066,51.71131756127355,32.18669716739103
13.911417161824888,5.887117078308086,2.682988681006777,13.4902624911899,479.1204689122338,67.52777173974962,12.829769358158687,29.5306859199362
11.260542298389941,6.094225094681818,2.684295741779573,14.410344089524315,1138.1575685619002,3.733544386207852,58.83139805984418,68.885845948742
10.241265161939745,18.82388640269278,4.18551037326112,11.223440207353224,414.22659374783245,52.12405859636271,20.42631001252804,43.940303640201364
15.73083950747847,15.487243258784474,2.63695665377613,17.17129215838197,1070.3951352345218,69.93545019115027,64.27895169219528,61.64472251048413
15.282609706969016,7.701865384974854,3.9781981545536,16.987021603256334,1623.0151300933285,23.21244088797865,88.77160868027148,124.38342194051864
9.404761571073557,6.693777429725899,2.3254801791826276,14.2106141154195,536.8133512992493,35.13599382010976,27.04880570765646,31.67648889464998
12.64853909505586,7.608720594660784,3.056217472295552,12.377023229366221,881.3867825020533,2.5111154161103775,55.1120730907587,33.57934517329605
14.070826822496782,13.207881827704153,5.145377764677617,16.28748925852727,1051.0812081644451,26.55772154400281,33.621988432838386,67.06827670775306
9.046899771091507,11.684467020676855,3.954755483286176,12.311668521125494,885.1299937388617,65.63505692981255,47.30695345397695,60.719531498979606
14.943838793079935,12.342637152778046,1.7648231035584558,17.125018559804243,950.7097712915576,24.40723809249479,56.895839502183996,54.72423908786984
9.65980276029833,-2.3555975241625178,1.485969411040695,12.799646343407991,1094.3802638294678,36.27176330808985,60.957312617390265,86.89003312053113
13.098633893784001,16.210652163832076,2.8908455975729095,14.118739321451676,596.7148899455374,58.14352514395786,32.59451635219061,35.96834816088155
13.417708618379777,5.682344896915052,1.8243321398127605,14.550083030842046,984.1908581230326,40.51122327344343,65.15984159287869,69.71159026948251
12.872526760008041,1.0917823506898532,2.2459475909866966,13.414126564245898,808.0022830561488,19.178589711736954,51.75041028300913,53.10030989914811
16.104607932647486,7.393195930888511,2.7307801675486894,16.342212293753622,1055.305286211805,27.232191482820554,58.036830769473006,57.783656083144145
11.003297341585554,5.976694417649329,3.240707183280565,12.514673615798726,829.2061279606959,53.96856453384745,54.55497706667863,36.78149696975393
8.940864477217078,8.642033460647012,3.183958048612597,10.291243796571678,596.5814850664805,64.73249201512813,45.3948775619462,27.99160165144488
13.26408283153711,7.945426734697865,4.281082161172086,15.605933161094287,1080.6806932713457,93.68237803747066,64.57118485641146,68.68860884643587
12.995527036121128,12.019711103289586,3.261829365846059,15.45467455866834,1108.9107885257959,56.48106455160822,63.37362652701784,82.11310549888225
12.126790009105866,17.861685706864776,1.9941960551895543,14.693171853525762,417.2724913684877,57.215604532467125,29.2993379112363,11.759765497134655
16.676874576406796,11.336367079065573,2.1008111194110364,18.393438730498655,1436.142146468868,37.216493998225836,63.66255891077733,96.33968118968806
12.286257192579681,7.542411198510592,3.5159482655935204,12.769139504901904,1108.164171019192,34.16225883921236,45.46447720271132,91.46784601575425
15.58895706277196,3.42685044908012,2.323577809182195,18.129770722285286,1348.6241130765347,26.849327075375236,66.14466942478404,109.41646567725898
12.670674990299743,10.89149674035773,2.831265079674342,13.41334515907243,999.8886741748346,62.94979180883581,46.847707790765575,84.05480462385745
12.701820105155262,13.488492689125385,2.390021677299447,16.563374080046692,2160.3816262316104,48.35202377127574,101.93702960234832,152.22384815941308
13.642990952440922,9.157912782197034,2.3108708067501658,16.309963247500043,412.2414959961153,54.5266958346962,24.20112238697248,31.97089213975689
14.109587181923862,10.52079674203757,3.767586179044158,13.606291415696887,980.885233821143,47.74591502470126,54.91368189657251,74.45406205729162
14.604481054961392,5.207879933610653,1.626755412929095,12.655403652070033,1167.669570658319,29.096119017012327,73.41039818308434,96.96006440991734
14.244969923655992,8.330242846738024,3.114089055667024,15.392400751850749,1324.7666246940782,-13.190094668409149,50.76840250523812,104.58363247176355
12.095581277534752,7.947263377907296,0.8925305550375559,16.6816873870127,965.2281896639397,64.24111670055015,46.74335931900233,54.47359392612093
15.611625762470556,11.658534846090769,3.1660475478443253,16.524065715003115,988.880481538791,53.644239271111616,53.62751248507603,59.18187638532346
11.835192486333924,15.334821337659308,1.6727800050036092,13.687766833676882,1136.843863249744,71.494808217082,60.130201978458054,72.26833336332743
14.160026435927866,13.84323326988662,1.9037384381740434,15.114243226129016,1483.937062012542,21.701957436331075,65.80159854017884,92.61840967922636
12.357859310801658,13.944240409367607,2.0386328880174402,13.479708260663049,832.4511651953786,57.42318817838876,40.57500784041824,44.95196245584081
15.725920252775593,9.606109148617879,5.097825059163311,14.444059616806346,314.62510232410244,64.52929601534302,23.775417407528224,37.19543404560821
16.43144612617,12.917045514585023,2.6772126662030886,15.031580207410872,1305.527326727639,33.47168249027886,57.826346503975785,83.65919177026127
15.25915575318866,8.402346893491533,4.087074961309744,15.473389532019885,1853.0917749169166,42.289723280225154,92.38281717627561,137.21118536724651
14.319445736894727,6.650820555341037,3.083429166702429,15.801224521005379,475.9263125267917,51.852844178948814,19.798834864804675,16.868096037448062
10.521973812225033,10.007023690625383,3.3145034240632354,12.448452259432242,1112.2639221968243,46.09460191500105,54.10683962601923,84.25890050133854
11.20361573365296,5.224005899930274,1.8830956826303589,12.203717212836725,1273.1929517514504,54.147814218276245,67.57608954744872,94.54936160751488
15.411098123037576,6.809033798602632,2.3273641120043043,16.351697512273073,1191.7373156439467,35.35362881408959,57.528890656329324,108.10966742772311
11.140606279424011,5.933244358933423,2.790938117998651,14.061648137000061,1183.9283070195004,52.34940357185764,52.884658748263675,80.40525212218103
10.926618396540656,2.3699809916461705,3.784942375802335,14.411181475213345,622.3439239023246,40.041794456817996,34.41565715633288,14.315588203764118
13.951068349139161,11.737059427800977,0.8987549533728758,15.874363414896012,1116.9648368090634,22.725423866016826,49.9667438125631,60.26492236912829
13.983480193088772,13.758307268993642,3.054054728724984,18.270905072053402,1323.2266882524086,-9.046689645597738,78.12603598042888,76.5563246957052
15.21466596639418,11.998774506406177,2.0876950246820525,17.136551459713473,1042.5177742963983,29.71429643849185,59.52703934811073,52.96547467393526
10.933669071438207,5.20322233490978,1.4591934587309525,11.33877348979823,1095.2968235292303,43.87937009970124,50.47137457592272,86.30024639008792
13.01243772175622,10.634825836503742,1.8808748835100941,13.61318284609567,1090.2956244894183,15.212059134280798,51.537332897832165,69.54046389776015
16.893621094369927,14.315243364566694,2.8170458122564117,19.467262748200028,883.8787179024959,47.270689294025274,48.79366969786444,58.38397028085242
11.281164439612457,10.567834725054492,2.6489755846823075,14.87216408161395,659.8585643157448,18.28953381152711,37.98046522564355,40.0150762796443
15.220345308320939,15.233024145908603,2.4103095601467914,17.25371288778482,896.2641242634238,71.34206818416065,48.91599174978355,57.723736325629424
13.341781004083403,4.597851783129961,1.9953682681338003,14.650807210693165,696.1362763825202,48.30412158952036,36.40202960914028,28.84045163239929
14.876769342680209,-0.6888548350874956,5.083532563933714,15.227837641757198,1147.2812673838453,53.68945491251085,52.241495023462775,67.0469417148266
12.918669355746923,13.711898157178458,1.0614452575746633,13.629967757844906,849.3900602907219,61.82326323811033,46.59603149133032,63.29348786444666
15.678824726926054,8.100708566716753,5.317824575080144,15.38607968329624,1196.2159189722581,46.21290652323443,56.60634215846855,77.22668994413678
14.370518824620138,14.124179958827922,3.72325865762652,15.96921360352761,898.8262359671127,33.157266891251574,41.76663772059284,52.364479154322844
16.73526726647865,2.2230083348894154,0.8111817931158426,16.71704192070817,944.284421716093,38.168116435575946,46.023717064394056,61.26844895765828
14.18086628984053,10.57911285535891,3.350495208318945,14.891686420522328,694.8733393162972,14.338569221323514,41.884721670913244,36.861372485632316
11.519365741761257,17.014372346488194,3.7980064085798335,12.518713011114675,699.1719000688356,45.78099431036956,41.857357170080654,30.58133630436631
17.383279289117876,15.719754316444183,3.215158020949177,16.474595909964123,1243.4853193512006,23.1595475808044,66.42857982926778,70.25449145014164
13.61617479537757,11.70350170670427,2.880515666974525,17.001403092962132,1227.099404283552,74.09536724979718,63.71932622410834,91.79355697831858
12.38159206350674,8.909730591908186,1.6142548919278938,14.40082239613919,1037.871230977198,28.209046292008395,33.24583599273439,62.2761042960193
13.4318061700387,17.677475850826546,4.7498382844247695,15.83944144017603,994.0761196988111,-3.4985327089899725,49.35782414086589,62.30816866704935
13.430821952926724,13.407238320334972,2.19378649849122,14.089682719924397,1024.5990278318504,45.700327162179995,68.1335945312671,68.54259448086526
12.155613190937293,13.530759878721282,2.8666785197328335,15.174721366949177,1602.5685681272969,16.894934005701096,80.48346822935923,131.96631427292294
18.788980226293347,7.4121096687517944,2.290342625928146,21.187580201850285,963.0151153201998,34.9353002782068,60.47333818395244,65.24049298288676
13.813272235382621,19.70116247453898,3.6663957499255164,15.685970704433068,1061.7849587111766,48.42067524774818,55.9887822942303,59.17010767762882
13.200155709065928,6.9212438618399235,2.436881678981316,17.356083255813356,1243.2430714729312,59.40649025542839,65.6696420704317,93.44962983053993
16.04886399413146,3.973266140902559,1.2342474448487353,19.05632022219415,1097.6621277606685,5.0045790466518865,51.2703742299674,50.316631552538894
12.716647029886968,9.768562250276478,3.039274985116763,14.091966523054088,1378.3420724356113,45.508111465283676,64.74676789705522,94.12543597811435
12.772072118069257,9.198224517085436,4.7394811603764895,12.691509745107107,582.2206243009028,47.0783048409814,36.95450477175498,45.30284799883043
14.098459291800927,10.531927530168348,2.2250319852817473,17.518321852340648,1041.0905310188418,38.00081340050801,42.0837998922968,66.64021009452598
13.449433238473063,9.497021825751213,3.911106230929192,15.65875095058009,1026.0722853068683,29.36233173671479,44.971890661530814,81.69538050107793
11.531121077003563,9.023057287586068,4.42260913407315,15.12664487445598,1332.0833579261628,29.175179909464585,65.23615471909638,81.04611625268114
13.796743608750846,7.534466296875318,1.1518352339209221,14.882762206435443,1124.5200098475195,39.00342553472083,55.66683368554188,71.09732301501182
17.02719925824787,13.769393509701919,0.4865224228802936,18.052055231470433,1116.5178110541433,13.697951963140653,62.90077306268153,80.98647740917482
15.201630768582003,8.61237683329174,2.1478524692985537,16.56228559620435,740.0190515516251,62.18157374443244,46.8517790834956,43.71789097176226
13.651596924315326,9.24931877625448,3.152597370813795,15.60063880390644,969.7066442547218,2.2369669985513774,42.99843282104973,63.652489694045286
13.200722090160056,13.878012072138505,2.2302097865072996,12.899230053834449,690.9030659105248,73.63622128826772,27.630608036500362,51.74232636195387
12.373605390363691,12.380441839287204,1.9836401838851283,16.30399391733828,760.548187180178,26.363054958749785,42.66974162399588,36.17828504118726
12.498425156757348,20.397787543168302,2.780725876728431,12.030437546758332,927.9388343110577,10.024383437366172,35.73674071137944,83.31691695541238
10.998456396361942,11.902367491032626,2.916517289144127,11.940874622410961,650.5524506101486,53.68977214959411,37.51298576925453,31.2729751590428
15.474418693620573,3.862660028382315,2.5137013167098803,17.78282047972101,1067.3915492720073,5.859774039274122,55.68916259608934,71.31191198236337
15.506382650342882,3.8594700673862588,3.5001060599848195,12.420123062850754,762.3090943718156,37.51221988041577,34.76078111596496,56.647206739124115
9.510269341828739,6.5913719415515315,-0.1379012513592494,11.856783942357248,1290.3527881521975,48.46728487692246,66.2932545416132,100.64140987013212
11.200718591734873,11.400725940961973,2.14046557740764,11.861158790062722,682.3809682049658,25.846273360031535,34.47707543401398,40.17821630393401
13.875141017403692,7.7912758114830964,4.04032819275741,11.704917066169255,873.3475436571133,20.047201247906894,44.37594808797293,70.94637156612607
13.385644146725353,14.311797547333835,3.8548779906482857,15.733900563451748,948.2105074200574,0.15321285643285842,52.94532262050579,76.11036369314029
16.47940297519656,10.260179148788023,2.0305066504806124,16.949269657174177,1039.193855386501,60.29385313006248,49.714424043283415,73.88500362161366
14.105446644783335,8.274311177609963,1.979096639122882,15.68440742461648,862.2018238792272,53.23437635111442,48.38564860351231,71.10025996872079
11.501968159101377,17.724567069580026,1.4365598376992308,13.314871225991867,614.2576586724712,73.51304429688943,35.84110872427299,22.301984831627585
9.488401268022656,7.202619911686764,3.138307471569866,14.349806295859455,975.9969322654715,37.95217422706346,44.71354240448929,53.26828224459903
14.955018139044983,6.514238401224201,0.34292036357321004,14.692371237443268,948.8920415134529,61.79556483386192,44.62330819084406,58.35188071446479
13.264407110419025,9.36261196647639,2.034970750698014,15.873918215816973,976.806893327184,50.95176782156084,54.650036081291844,72.52632761132722
12.518110823580967,9.081472176162963,2.189375147757952,14.990193467883334,1040.3351545145401,72.63082145766175,44.7914699144752,73.89515011931601
10.882870928905241,12.72665649312948,1.307911634219672,16.11993506640261,1392.470603433122,29.033909606314865,65.36223949183096,77.10772912290966
11.343128270077345,12.337206096082772,1.2587790035124882,14.260488773558658,827.9260781860597,56.927947070981574,43.5446776034448,61.93691187580838
13.513801164827512,7.182172526718671,1.174043004805435,16.917853913002496,636.266779142518,27.48998870732968,20.963888064895592,52.78115178542642
11.375908515647408,10.411412455387289,3.554071695768151,14.042715527237682,1142.5788792382264,4.7550445303606805,58.82084364156372,82.05614280118175
15.592311942520501,11.830439692817395,2.478782379584423,16.01732730845562,1224.6179898934374,1.5428499135605453,56.67372888322135,71.84972373554606
13.470243307129143,11.025803976642662,2.1259994164761924,16.201184969842775,1075.1859230208547,46.498866975555686,57.77923421121224,72.33715896364438
12.798705677716514,7.627255995836049,2.129564857364125,15.429906551609497,1888.487161310544,37.96976694317962,86.04564818248359,110.67218327079165
12.927094458193217,19.274257493672046,2.093089034823447,12.581231625999639,838.5937372299451,49.21976706478487,39.89766468342334,47.383580706617806
13.62777929625569,9.16014903626712,4.258363304441218,15.784034135931819,899.1576031008898,56.46123683177556,56.239251932668466,45.6152187348099
13.87699849452137,7.696366332361049,6.451478662485877,17.46155966576048,837.204328167116,-3.790527680786082,32.47446289612588,52.179818033077346
13.102255805061851,8.869760462444255,2.573099207130576,13.614348330046937,1251.314597031837,74.39309373696636,63.40286648890566,99.20831497987032
13.821616977983393,8.192284878329508,2.0278707771089928,17.583331414005425,753.7425073592632,39.590959606447115,35.35387762260491,27.448688567131573
12.948611198006123,11.472288936598027,2.3732370427301137,15.721334384492614,1349.7251000129786,31.153116232232126,84.55315619641814,100.87110771778107
15.326264911232846,9.010707839534147,2.2521092836791845,15.265087720177108,1093.2172472683922,32.81661843390785,59.73494766149031,94.82618933676898
11.48577230134247,7.43172220722402,3.115351756546048,15.260740456767133,803.6686110786981,40.46435894025483,49.103563594966495,29.080739633209753
13.334104866161585,14.537629466016424,1.3905540307999054,15.066452108380666,1221.591484641703,39.929562850796145,79.53770412787004,77.14652859902175
11.816421705810342,11.534905344839348,4.12299034754407,15.135448919610598,1010.0708616521581,10.847517232649311,57.15696238590485,62.99890487191472
11.95674120685356,11.535094456866876,3.147484262024021,12.097118916748688,882.8313989746679,30.81885050483533,50.56007053393478,34.05610772574577
17.046288684323365,9.137480897495683,2.2377106399388937,17.670515907710485,798.6015285477869,42.9118698866131,35.26650498339814,30.087982914021545
11.744091264933022,5.365987827778244,3.575837137358918,11.851161275174245,1243.3678297733156,118.26490719794987,53.979380921452275,76.42687083303062
11.853775374993846,3.118763495366621,3.4768795072978205,13.325970376060292,1293.3283445045479,76.54308966672893,48.37089007692832,70.78945489308609
11.398510253367942,14.057839491001772,1.742844960428467,12.353104420720614,931.3562095479621,51.61472130568867,44.28636590485824,48.60945432531488
11.456155173486103,5.744518025024744,4.506043446170869,13.943413188605579,706.0938523132984,-1.4786516681245137,38.08573703957875,55.14310282144978
12.59342658955442,11.099755930422981,2.4409550221483314,12.438415470041368,597.9855424636544,22.19701421914576,28.682624387119244,51.04775711658325
14.381639177083676,6.060512750585458,3.442326494413871,16.61565527744458,523.8325369617946,69.11335231691459,23.141650064002608,22.789128345025116
15.448643486476357,11.234941865065077,3.361988289894839,14.773770137224794,1354.0599924576386,50.333563196931195,58.61073912290276,77.28794464674733
14.518315477636675,10.129410356580408,2.3151972328375456,17.48662662319682,1026.2104356758407,15.437329163928316,47.87802297022431,84.00758278352878
14.683829975653815,10.169061556924708,2.3696098202674887,16.477502471188558,627.2658553115332,67.30663272908308,33.40399427376247,40.261444238940385
11.49800202155094,11.595329922496466,3.323076374488426,13.648147321508567,1205.5810590423475,42.410624419717834,71.78977855502227,74.55442994097523
12.262587625597213,11.833238602387295,2.4599484454479192,14.693627266742995,1051.7428772167507,9.815006776312151,50.8876933612345,49.75397953486301
16.38401687892893,4.3254018196990325,2.298836338633158,16.671713334806807,566.3845863590717,47.14132193829556,44.715906478044744,34.27188940629261
10.670920003231494,11.480801832823712,1.548832086288295,12.549795111117877,838.4818665002184,19.162414845217796,38.155290391592516,69.26550862850908
13.155916525505502,8.651717335772798,4.195479147381283,15.003160619813952,1354.75263143091,9.468443628158115,68.38875895936619,74.99435951476087
12.782433554210504,9.368797320996498,4.029349767479329,13.313263189567113,1359.1258196262156,47.50415819633574,75.21490440649504,84.96142498170732
13.88369759878298,10.683054112442825,3.8844587228881533,16.356989336400254,465.493965975185,33.387917039291246,29.336705108639308,42.75744977782273
12.287326446026736,11.701914237947724,1.8796471928542615,14.679409048671115,1351.0246716672234,58.241286487799094,78.38029469431476,106.31875779743412
11.278611660780877,9.960382283603094,2.731654397755129,11.865668013934522,1181.0291697673733,52.24679642010717,56.423440812873054,83.74972031983211
14.325399929430896,6.30679224778363,2.8902732853867397,16.535354378032714,1096.1978848820986,56.42296974331357,64.35575807896726,74.8368231456527
13.60941490477595,8.311950420660132,2.8769163682912553,13.002722928840985,1523.7028664411714,21.294374353573758,73.95108380128072,97.69125630207763
11.38315819678326,7.624857483931458,3.4787439677612975,12.734583716022085,1396.5347053743517,34.62570828631059,70.53798747800604,85.11848249625997
12.807618655424944,13.713262571573631,3.7748574311548544,11.655293678866705,1042.1037073216776,39.23103496822565,45.83320467993697,81.39332356555775
12.831301702356095,8.079466213229416,2.8417839665004743,15.759688159117214,747.6049405302747,32.50983522254643,34.23134903279297,49.36697128092424
15.302968784303324,9.442909304979771,2.4970622544333607,15.87976195404839,444.0127858022423,32.97140055167819,14.244307085116956,23.632238559859527
11.51268785423703,10.738994416003766,1.6224789537629962,15.893955300267505,831.0873632779025,53.819544932571034,58.965466174623096,68.39104382861031
10.961736003012225,3.478063883974555,2.868819360216612,12.626559783470386,916.7890463895145,90.7224069374113,47.0830328175644,77.5843696527181
11.333974083245403,11.889244066047606,3.4575985699770713,11.419605312751605,1569.4003040605119,26.35657424038635,73.53229835026922,113.28562101992996
10.367501233763784,11.257656505228411,3.160691252434254,12.215869002543094,523.8341431885477,11.249685087903343,24.548576739638666,25.59883155051641
15.260896145800912,12.05970115361553,3.4948743933587583,14.792870264218795,589.8018461202103,50.32239840179119,34.97713150807599,-0.6659252361375252
14.348124929863078,6.461795626368054,5.696276464532291,15.49553257758963,989.3875038642701,48.13344938992025,46.99324114768307,54.788390734800316
13.011221055526283,2.3135597067610063,3.6632430783211074,14.392152347202884,517.8111219853405,27.372558230382868,30.277611091941452,36.64271454640539
13.622095107494868,7.763241458847208,3.004989097338592,13.963485559671073,625.38400469751,31.896119511261976,26.748884103397216,45.205279122653984
14.9082532042171,11.655588252456136,3.464099619776252,15.906510597970842,915.9959070702137,70.59869091340587,42.340453151597934,59.79721714141908
10.766743359358657,9.133085000848869,2.8722432624116188,12.704006617911906,749.6381048986501,13.97691271593479,39.835725056306615,44.43743537543837
15.520755506928817,10.521567877127962,0.8241140277733965,16.390480378156216,1056.9670791226358,41.45771911190225,42.33837600265235,58.45227671140952
12.69954884632667,10.801234882811316,1.2784709033152204,15.781591226858655,888.4369814676622,30.308972934517104,37.92343239548993,55.95957995141789
13.552619492084562,7.5429975547851935,3.040596781915897,15.170481198731512,440.43965023406355,30.015564581839097,22.49340441597288,26.747913361365512
15.76388899794689,6.421290076597999,2.070775304315237,16.501010981883574,1207.481994710556,4.03647407204557,68.45967315721838,96.37485515548045
12.821608080346696,7.407097700740318,3.2170261577020134,12.78998524511581,1302.6995111430297,42.503836310483,73.46515158487595,89.81419792423081
15.779579157397146,14.821758810875458,3.53709963322602,17.532665655000862,1226.181118013288,42.62700402552425,49.73235991976577,68.88950589873004
12.459303577672728,13.099843943581542,1.9817807356326147,13.400845136275306,1102.5078695079635,36.356921773057834,62.57257981982443,79.3318642752999
13.510000776466885,6.688522928842245,2.640433727114509,17.300213549445182,876.2873462011455,12.177951184481877,49.111433798394735,83.16227694103655
8.850539935910568,6.358438970443078,1.505347322878499,9.223532387430058,1249.4399681081065,51.953360223810726,60.629565633070676,90.45284250268183
13.771373074426062,8.881758906166985,3.2985322865034794,14.805237411151454,853.7867451048128,9.64045426147777,48.915534345650954,57.72472440086598
11.96668593820227,11.159777545588533,3.7821215181541015,13.151840125863101,963.7252797801099,59.44119480298371,47.49634237027315,62.92273310261381
13.76517984030166,9.044207995757512,2.8850540383714898,12.791296556991178,964.0657276879775,8.583644596480427,32.84307611710345,61.723067336350624
13.933863857411417,5.2647792607368,2.2766524629370686,17.323943510202117,389.548210708093,91.89091764921925,29.894300053216348,5.07440772901953
11.889248395570911,14.361360007616778,1.4484019708710785,14.739094500433362,734.1221308584561,36.71484325055115,37.33027189832638,49.21037573832323
15.104364824289378,6.8089489106071275,1.661216913597577,15.093265070715585,860.4513145865108,70.33623796709368,42.11889624790009,67.46300356826367
12.330925893427192,21.202663309598478,1.7640621256551912,14.933328860566014,1333.1367800825706,12.236990265551272,78.70896616200707,78.67937568429554
15.912230892083478,1.8350371705620792,2.5800535472296686,14.909484121274163,1585.450199546782,15.977043030075201,68.71079801896789,117.6960729672142
14.546036560033173,6.265260643736065,3.6902117740256117,15.00693193957409,1065.8734167929813,35.72304467251697,50.527773439624745,60.13642061463649
11.602903791589029,6.482542237194986,3.93334827212874,12.96116939565918,832.3545820009316,1.9363691003600871,50.638677913271486,50.345351582788176
14.738382015255366,8.530118207702344,2.1331120115041737,15.854085593297135,831.184114444881,39.95528670804349,35.29582312450495,47.567718373562336
14.194861500863997,11.539617516821124,0.9729928478555298,13.669855747098977,1009.498941499439,54.27553877778429,44.974389123715824,60.67909533421839
14.699623147868273,14.4054702902851,2.134088129111644,19.42363447243713,807.4917234593572,46.06381502319239,43.739352948594586,27.366887382460607
13.24216957534307,10.257901880045,2.8007865088438875,12.94402596443292,1088.5413772704285,33.099933121865035,60.791499750966835,64.43716926771167
14.104193647753629,15.234500393998015,1.3169548172598182,17.18662301286466,1160.4178567159233,24.337885262408935,62.97824161882097,90.43516497692484
15.25669644601677,9.678781238297411,2.8247322059118107,18.74572254959463,922.6521150668325,56.895450598191026,46.643303934127175,83.23004026321742
12.509553197693869,8.630924376381984,2.551070368756778,11.862253155150347,788.9717199074728,36.17884961242833,38.96392701167761,64.610866195684
13.360944806535407,12.020350021672106,4.084122788263757,14.220765657450844,1108.971688628319,66.3681544414254,60.71927923018303,70.30382813211622
14.268351161373468,12.265885526502405,3.5742504481746815,13.227008903249306,692.9715889951001,47.99385280296904,16.77810137844677,30.29204603671745
10.940865477402586,7.381670504449442,2.6898548176486328,14.352709968138578,902.3404810583496,28.38093627496095,47.34142273688663,45.17389185475342
14.278303282212633,9.859333727339559,3.614928120945889,13.81638569234442,610.1673041334886,-18.12474035245129,44.50977376710305,43.25168391630095
13.019072927562698,11.581828488685035,3.5598073867609035,14.981000921674152,1399.6423864355672,43.66797837392647,69.76878404538073,83.28035384949322
11.791909235228086,9.090876811392846,1.1893974726040306,15.326693216759505,849.8017112636132,46.33665737498855,28.556395492764032,37.13788580883383
14.041499879242958,7.007375558229712,2.9758514387392223,17.566090488947353,479.1271841960903,6.127380914966448,25.774984803857965,26.79196968906136
14.84237184330119,17.584318609540055,1.4568379847483661,15.899893077751322,865.7641845863875,30.6098508057669,52.72989408008248,59.92011797426978
11.271234793787192,10.071412823330435,2.066669289253422,11.461934058264404,1245.7154320163763,36.76484778821101,53.59423933774506,70.4760497562764
12.717816094490216,7.603873081258228,1.969115483124029,14.471873822431958,960.3706724173574,39.39958501319581,56.84962326284072,67.05465813121938
13.608737558469704,15.280372901951019,1.8605557900310485,15.291345639813569,941.5862034009792,86.16154435204578,39.16157509381691,74.06517004995803
13.92295686588711,7.998388924936167,3.144525607524434,15.068474229263037,147.5924907670406,16.637525094641195,20.262131005440835,-2.430800729459599
13.628596150903341,9.67874010198682,2.6097104802127205,17.079419750133145,1210.648885160657,40.180669096215496,52.82736801765692,85.38415586821434
10.201533158415057,10.90115629026069,2.355774627700956,12.429444053817424,1387.569846327861,60.12663830191277,68.77316903664965,87.01112183680772
12.31156551937345,7.023748740277142,5.929668914694193,13.256639781409572,755.1802031824083,17.129749037215355,38.2469455075847,49.201392991649065
10.79824919762352,12.966653365913832,3.157398180360137,13.279184661644155,718.3702569225139,59.230171487457994,10.598569069572498,65.29981701864216
11.441562349457351,8.330113618073392,2.3458162287769952,10.953274178176015,1146.2071868707267,27.938789701458834,63.986841764228174,66.78293540585031
11.77562522199607,11.186588496394794,2.0474781002432554,14.612978966235792,1197.2428748478922,17.83440771069945,58.82007961539772,75.97592077539444
14.698660504285014,16.320463186904657,4.283825998171879,17.12116405753527,1178.656073957801,31.000121793617417,65.43360553630095,69.43655755970161
13.796163904311538,15.080610564426554,0.4385706785863519,16.61072282882537,1077.579514976109,64.2976051973532,51.19638711306847,70.9111683750368
13.004863897063855,15.450305112130867,3.484364057670113,13.269259071244687,1026.5812205097338,57.52191291418931,51.19329297643622,59.29393509332011
17.92545084138703,6.092025667735326,1.0672262561665862,20.30043516908566,907.2639654924295,45.552291795639405,45.35360012134877,48.44880358630858
12.119657405802107,9.14556158369684,2.2112737528866053,15.863015063677613,876.6953945400987,46.53082994965143,35.005375791506964,65.96383447126865
16.337756622088868,6.477197858136238,3.7370364398504683,16.75546952674179,941.9324750014388,59.450321622066085,48.011098803004536,49.67708311275235
10.839680689990594,8.603852047975995,2.3090610846210953,12.48946203132127,692.7702449406345,31.27863979266062,39.005369840717115,28.702642316148033
16.139704654296466,9.813012068240287,1.7888151291226826,16.167172819118917,1185.668355839133,38.803221129966985,58.8858663740902,85.47984046688086
15.10291899760962,14.923950528946863,4.7103399930360075,16.91982979314069,425.7246582915543,19.647357290938267,33.26383330918331,20.227996053614163
14.02112255273261,12.794467327976063,2.187782258458472,14.098221219972702,903.3566983364681,59.16329863206056,58.66367184977927,50.99219231123022
8.467461430055653,9.83655989761266,1.3234729850520415,11.456667436664757,1295.317315345756,20.615894089883092,54.607571292980936,105.05923501066621
11.577875794589364,6.245379483871767,2.7376125464376257,9.66190199043906,608.1156288282357,82.29208774364012,38.21966161309312,10.092399086344049
11.307714403657258,11.701990555101348,3.3040071877530672,12.964322954225649,1144.1175145877448,32.06696942623236,61.83177723635319,88.38492731314601
12.659357445220117,13.537258868435213,2.8199680554913678,14.773724482366129,1062.781928746566,31.791004106707632,58.543873616000454,49.29510135791206
10.6040859725776,22.264087514508628,2.210053424369024,11.422920793643904,826.4531520790086,35.265616155519425,49.88230787160857,61.321426414402154
11.202864920826096,8.288675988207663,2.762501603667523,13.737772107245101,1026.7754101533953,28.6935294962211,48.576737319790666,51.054738875118744
7.66371809435444,8.611090715736072,1.7965594589752827,11.575773740755476,1211.6209683630102,1.4378855191231439,51.152827406228226,82.4711356909481
9.49583056640904,8.780332152593106,3.4432783717776534,10.869182287501287,1286.9128863078288,13.74027232739345,56.67455670819767,90.64635605311618
8.617555040507803,12.078188935035184,3.450153681261651,14.740858742156682,966.5496513701871,32.0565388839235,40.43122156054729,61.832380993512764
15.695077314670906,7.393417869718369,1.3670958551382404,17.051850305949273,1296.1461185148664,25.900518809126414,75.70351107563474,105.60231485416614
13.700882738349993,11.62595813478051,2.9750455114983825,15.335865834296813,1021.6698602431328,34.6086598009458,48.2742145101387,69.09801356532219
13.924533573378435,6.981097401793628,2.546413255561209,15.877435729322075,1047.8998448596062,21.81814600817924,53.57159479149583,80.64408399055074
12.635054759522205,5.090467102201874,2.889121479757482,12.24631794137672,726.4416634474998,66.44150870437583,23.990604859811135,55.26511046510417
13.117345533511926,11.137887862555564,1.0724100441996145,15.203384555054297,1077.9477086476468,58.08188037337983,65.84359346736454,70.47791707969688
12.208449122101992,11.315300371753281,4.202394675457943,13.194837338071828,762.5524759389507,74.71166141875298,43.933623114337266,37.44151467901559
15.191848709073437,14.73694958558553,1.0387913848465145,15.47267097912465,838.4379370747906,53.08364198714888,34.07375873887689,44.94060459021715
13.406626042822456,4.864059263533748,0.914431529286639,17.576398894847745,1252.1859272024026,13.354707404266053,54.40399114106592,87.23381590112751
16.62123194512168,13.907905935742141,2.423220069141606,19.15425098749267,616.7332436461232,50.24173085855106,26.089219577619637,47.54288039139718
12.669405654895128,10.43463579218509,1.8215072914915231,16.36632413749614,558.395900235877,51.48942858263447,37.492514372856405,37.47448771232954
15.402438659297873,7.416664082526312,3.351422390067147,17.50711061306437,859.5108591973383,-22.431791516291042,50.30610642224973,50.273186223959726
13.902058046174961,6.8503183586664145,4.2417463994021505,16.34894163537153,1024.115122081147,28.84168507263714,59.52123616349391,68.50420926170915
14.313091942830237,11.813460800087714,1.4847463944725157,14.890928509673214,547.6670286398944,71.439370619922,20.003419185006763,29.000465442758667
11.48943327093411,8.349098204786115,2.8854561087491066,16.689800771650063,1015.2030239640009,19.30148643953301,65.52355837488409,57.541483169378196
15.773691028137431,11.081319885046433,2.4229933267705333,16.962909970125114,1085.74624254507,66.4338732849514,51.64841004936678,84.29590202223272
13.02619436779981,6.855334257175361,2.95080065654336,13.24491087978456,955.3241231865723,45.453404171461855,46.90093813230453,71.79660114138403
13.455846989985249,8.920231527526594,0.295751746312054,16.692807693026378,1062.2108075802632,26.59998070934145,41.6093678953648,60.80310877711017
12.845313485285546,7.634863539235354,1.3836444925977989,12.020080137075421,1125.0302409007654,63.220553170966866,58.48089844831505,74.2007288860516
14.140952101409209,8.685861408744131,1.131895376012612,13.051880325468268,1399.5959361440716,37.0702287092113,64.30005387806703,94.43354342818954
11.14404409094196,6.051017629335458,-0.37087759152845745,13.10819444711834,1408.257791756711,44.35590835358757,84.58246832417434,101.573323044196
15.879780792660677,12.845239702966326,2.6795243507832525,19.206199095008934,757.7081882644597,31.35031369573534,41.570042122856464,34.037367140625946
8.833388523632722,20.077893857890032,1.0753280274011254,9.260780527613157,1448.931160178118,36.340505381373056,65.25622258724808,86.62361346657835
13.04145842608586,10.719612780657798,1.4541538854919744,15.23870851536824,1374.00612648395,49.211744182147115,77.54669665816743,110.26722374549416
14.094179879514856,6.351415727767093,1.631512639499105,15.375900302281545,1192.9323745231616,61.03429193941348,61.91824208456865,84.86541155745859
15.283915359866494,7.578103470662868,2.0963794726450615,16.489339845088807,1148.964138166477,49.521199838406005,59.825261412000856,78.31012096496045
13.768072442339998,12.414032443110463,2.0770288814511875,15.366625245407619,1237.0894861447132,48.78716282143099,48.21935194852283,71.66557851826772
15.568779577919393,12.659362679530973,2.8538670867405522,16.707034558173092,1077.3447223712185,25.477466643606054,61.55588283789963,65.47190065758508
13.697885655394813,4.7167678296022535,3.177461357619728,15.16029688908854,955.5614146576845,66.71934534195721,51.43876286236443,77.84332613719047
11.62554389649003,12.951045873143066,3.062700980550327,14.555807991084416,1067.6320216892248,87.84433219103165,55.994108188479736,68.24640572354436
10.89199995738382,12.412015408399174,3.840584802068183,15.247417457556924,1718.1523056459844,34.379437182011365,88.36515243484692,142.48927298427455
13.450940001820323,6.194167142107095,4.477873455304423,14.507710833460882,822.8461986818554,35.12795353575727,50.63520343099302,32.45748589281147
12.35128516056632,13.78700735063411,3.191706059528575,12.67578428760692,1124.8835648183835,39.388929922878866,68.16354538888818,80.44040151045677
16.584861049838192,7.644184147312916,3.037932298807848,18.491177603432735,723.999736402528,28.86618793996973,36.567616104684305,34.531125798439454
10.267386116282296,13.312700626018774,0.6625135792846825,11.458163582336095,1219.7348847468368,39.807461898304226,71.19899414482082,71.47767915616956
12.941737956308078,6.34653103724529,0.353869247927867,15.853388266772255,1399.366101427951,24.329223796457722,66.6787235391448,86.54095439385016
11.497607938404627,15.686468910310937,1.1351813992463036,11.512729015177221,509.4884408780698,31.9850006367016,16.81066486117102,-4.239713784294551
12.314248891129978,11.077595428244832,2.286289857739224,12.59530734835569,1532.4264468537465,58.299469763075095,70.23538603129185,114.0857147491923
12.52540100198384,15.242465788059446,1.3949918556022172,15.524485530802078,752.8501814489545,28.985938076578748,52.18167822594904,43.29806822899809
11.561459692464384,10.558213772402564,2.466329026005416,13.798176784882285,1162.6790094954752,35.7416162668995,62.330756605362375,57.03141806328341
14.918766094603104,5.52406526913284,3.0818579785096434,16.29159694961544,1158.3421211694124,17.072870261845154,65.2588150864455,85.6596736984948
11.81932392250895,10.585160893392883,2.527573428935607,12.481288323889094,608.2449824213797,54.10793521502749,41.60165026872417,36.756151355385164
11.893902150403035,9.081979383993763,2.273775594570366,15.442808956892929,1155.423556823368,-5.880417593946632,60.87284295015727,78.02581963323172
13.423984783078142,11.492585447421689,3.8857755837869132,16.812253596367242,944.3216054591106,33.000610644704956,56.12314320560649,66.4506566844064
13.657740661744564,8.939026457831146,3.0558339839988387,13.646094887161613,716.4205595293547,39.36735171300395,38.95579404066023,51.36614588452926
13.740141208853416,8.902689303464646,3.354771295443349,13.305837982098822,1210.0922658563652,63.98624120586331,65.94429226556626,84.06827692594797
15.289953230907217,13.045909450862009,2.9724303647198083,14.229850639202139,1047.8088788336227,35.2332020162944,54.214197109957915,89.79486380864944
14.369410474997514,4.496369754851845,1.0148344290509195,14.442387387643997,1187.0762166957456,41.30017905353901,41.377219379707014,92.24863039537873
12.817290893283651,10.135545240812862,3.7268068684704008,16.302396919472887,634.4833508802761,10.455068364238182,21.87515194419078,32.82746375238246
15.760220161210087,9.386200906858459,3.1667718985301287,17.843582395156755,482.3203091061915,32.320987934979215,19.1369339514184,19.653804319544015
14.319458662722948,10.747842969366957,1.7279489933083447,16.595354714119363,988.7857187904272,29.47728499928244,42.95786085649527,72.21630176617117
9.42951925272636,12.41394789193727,1.9658105194507587,11.754526476674295,764.0661164007552,51.064838019367166,36.93118088551788,39.495756868406374
10.939127572575199,12.773547524287562,1.7387997930738164,13.267113859731385,614.9080081408349,47.03922050883275,31.078929973219516,37.70175695780758
10.160334990581841,11.832552323897808,2.7376243158877456,12.34128611600455,1054.2629769067519,51.84584802393629,48.35175576197097,51.98655399887254
13.906210050768154,11.262823354247665,3.9220617744966484,16.49582561607426,556.8889499729355,45.43281438797346,35.54522334185938,41.07960296680674
15.780024681035323,9.896953575574248,1.48183879838224,18.506296856121544,1315.9847440537762,68.58607802087168,84.55283619943103,92.46946552398616
10.63357289702342,11.676403703785883,-0.6396147491298544,11.438043574653376,1116.1920385360381,10.197459558544537,53.85494337944546,62.8728799106978
13.555383258828268,14.83582054637466,3.883147697085369,14.241724602450459,594.5933993632094,40.836297072447614,37.78362863967246,34.502519609171905
14.848937629169964,13.91032367058373,5.018216900114799,14.316197650765895,905.2259275668271,15.510625769512902,43.30220705801964,31.45066529011854
11.838168832758738,15.399897904377951,4.2832335040881215,13.556310972538249,932.0675451985505,35.21266207112699,53.07874595604729,61.88744408461178
13.730248216551768,13.451798150038353,3.2305187102830017,16.733344786835506,975.080923667851,41.87573852756344,49.01150122914757,51.593647187269184
7.2350181556622335,7.823905793579845,3.3478543258864333,11.462933569712778,746.3779460562488,41.600245432893765,42.30321007232002,61.905575585668814
15.276895827920464,15.343400253594769,4.51370007905334,17.55057998336552,723.4432146987525,31.773058081315593,31.063797673233438,54.21847123105486
14.407831571917665,18.138454204355792,3.8993409298554638,15.582888596623427,1287.1802940682408,48.695450279256505,67.37821779665882,102.37917325254271
14.700494556856547,11.476417651483,2.7969334682165012,15.014758605347463,948.682657003607,65.77728194733581,50.98812640462629,51.26008106514279
11.101805803468583,1.872538374882053,3.979814733443842,12.5440721197752,1355.0072607378763,-5.989653226136051,68.06653498575896,67.72673485551222
13.892776087275909,4.631887165730289,2.409091091803666,16.115748971927616,1528.2588959840061,74.35506196002024,59.688680814190135,101.08423316092762
13.874488253697992,17.598427590686132,4.694073271614484,14.728083657874551,1424.40986174557,26.24147530914838,74.05391053335573,108.27193324624596
12.700568706012326,7.460337114837803,3.6592210205871156,14.632840491449954,875.5955846399401,-0.4228577767642287,38.202444410583,67.83363679835611
10.670162460021626,16.158609515548598,3.651794555735812,10.669459140660878,548.2256867043991,7.2904826519265695,40.75216942355037,75.89501254431049
11.947314906920159,18.389145838302383,3.0914296830693857,14.862939099411536,1549.107691018624,34.90008593999201,71.87855510887552,99.83686698788433
13.463562141729454,9.795281286698003,4.695734118540049,16.484863775473187,754.5288325497214,46.01174968865637,24.089314056939607,50.564031139863516
13.323359126651706,8.111442284773199,5.207337567560254,17.53792890315844,963.6692855392764,43.71063368564872,69.62331701942897,58.31695304781545
12.480641699173535,8.873068660129245,1.7127471438829422,13.231449136848532,757.1945002512072,-2.5995805683951163,47.233526020357736,26.21229281247773
14.41718536384413,7.062539004842205,1.9282109877342175,16.58308695347646,1511.643580106801,47.55274806100753,82.54433991894798,87.6016198135393
11.706258690673728,10.701277810211959,3.6706890600495634,13.249926705630223,950.8019634435173,39.29928337529688,44.11203857744874,35.00017130800717
13.54381426165566,9.788072113140672,0.5583819363265888,16.446305297805225,505.9910735082351,35.67299832718196,19.055130105919588,37.30969634121111
14.467072923350923,10.415143923625129,2.065613490468497,16.36691071406754,1028.8535813123756,48.94313564091064,46.66741697572047,53.0920779752415
15.581642993997663,15.128363417224037,3.530426360627024,15.650415921787328,654.7496652405903,22.043347068766444,34.51747015676677,58.233869660283474
13.085166470691622,7.731221801240025,0.9450830510253155,13.820198238109416,1049.8167542880615,43.14506149721606,42.534457106495495,91.04366818544867
9.16062983138655,9.092352613446034,3.0318796144150233,10.771100791738812,1624.2268828423764,28.734111869991715,82.79260023569927,122.75349742331443
11.773061201406662,6.418972135374129,2.554103954883096,14.092212720197335,915.3307406086628,39.8609676892638,44.04763593853193,54.47927289378644
13.553511529306684,14.475575223843085,1.9479688560523247,16.733287628251,1029.8846886293436,4.467171588197145,52.89674344560259,74.77007435586351
16.20022824478748,14.27524375362932,3.186469622898431,15.29754909819643,707.3910938803418,6.230360133125638,40.63022937788848,47.32104367345902
11.514702691237328,8.40469808551839,3.471062008225304,14.868293867046281,1396.7715181950618,20.974334762086308,67.74303422267577,111.52919363245464
14.734785660114426,15.570150504133013,4.532200638258604,17.15299915849619,1242.1462034953756,36.84814173036158,50.836939929722426,87.73472532742387
14.707913163744267,12.246880977277373,3.343825852340241,16.51871061183478,784.4930577803069,31.466887913273187,34.61560734658576,62.880579207350806
10.520483990902811,9.530280767763841,2.822319130471285,12.762284382397638,1056.3948028202922,13.81632306247481,56.002444478671,79.50408853156493
10.860705007849777,14.827150427663474,3.698655672094703,14.714026909905291,1141.5999432506987,68.191014109915,36.302021652370556,81.81372391995627
13.494614793960864,10.884613469047423,4.184577965689318,14.216365403535097,922.7789826016036,67.36668073672006,48.13170737388771,69.09242366203499
14.467127617956955,11.081106696916315,4.919265046549035,15.853025438787384,1046.0510639779466,67.07476639059568,54.28180673811271,96.7124949185179
13.389572657893286,9.294062224610006,2.5668508001139583,17.94935675717086,1551.7599006919454,113.59514818270092,70.92298958653573,98.11937479287758
15.27422901696803,4.944056999031417,4.893567759607513,16.159607256697292,868.5085887311341,34.78831089020426,47.73093672002184,64.38009394149233
10.32927671701136,8.933677022631358,3.387864968789324,12.695574036440718,960.204131351003,50.05959997157893,40.077460527850974,47.49697677098727
11.1796415307741,2.7986784381979013,3.0024161086759475,11.8887539306152,1032.9598821074906,68.5000638331613,57.30857942534974,63.824582915201006
11.83939888956165,18.707450628720178,1.3574823911200042,12.558250239258903,1217.0758798837676,38.28778462979876,68.04475288057054,99.96181435941139
12.492632873951566,12.845389886626833,1.2997369571396464,13.621479624103301,1085.6935762466342,79.22431528651084,68.17029155984443,94.61474572697533
15.942652581422063,9.460717611867873,4.636151535197471,16.792450067925007,1155.749946132434,58.10419413345607,57.9426475447348,81.43896424325821
13.498066465202236,10.094841478319989,2.107811710325703,17.1884795233556,1161.1052249647116,8.13427748388618,61.1679736940477,92.60704645470562
9.869092014831288,10.505136395108124,3.969434013189671,13.117843520028138,1587.9314199568666,33.6092288179835,82.41350081902623,90.00280640774554
11.717913304814584,9.776416289944176,3.3731516977861395,15.472923344929331,1163.992841966243,62.09060018335095,53.215828243116846,74.66833997709134
15.911679922508508,1.8311226935790783,1.5695259743175909,16.737554239790047,741.5542441006928,34.55754650819532,27.730813278346886,49.360334613214214
14.15503505110936,14.318338566860506,1.3066886024666153,15.061610601896595,993.7406068894967,12.04534833182462,37.14463848948581,69.04788754692926
14.792681533858511,4.374028957950835,5.025456958401226,17.57750625862569,1090.1789072979125,78.9295892082178,49.98605659115012,74.24523610207109
17.794259334001886,6.473434874951721,2.09044197023167,16.98792640389421,803.3073808868483,21.140161906546624,31.946421967771734,56.70489041612276
14.301681852869361,10.275067430315545,2.901760630260227,15.289125576253056,1206.0523674654257,9.255428239615304,53.64227594993816,74.45924074711759
12.585335637981164,13.26540027012023,4.0784961856564905,13.975915032205092,1174.2103842838312,47.339140339582684,67.17235635538782,59.55646873723482
8.520089339425052,14.73157441626972,2.683449147296764,11.572977843114012,925.2254261509892,-8.265033745783724,45.59754989396183,59.003759865979674
13.441480620616218,8.28019671090623,2.0007964934093803,14.36604843025159,1418.3394784366758,25.36122413196897,69.18111646981741,77.50611474183913
11.034470888793933,6.945318592344431,3.818141410297043,15.040382320973297,887.8650608882001,71.56174096029152,40.15539639102489,85.66630889183507
12.661176256991356,6.658093683122301,3.408165555821917,15.461440172639934,1125.9691515418003,7.996909498873056,66.39187863015954,51.83077947170871
13.569024919658068,12.183508939360856,3.499331591766494,17.720373211780604,1174.0947748566032,71.85663258253065,59.02276727954692,78.42538427829909
13.197570785083709,13.35462821326766,2.9956281203406343,19.504628164151733,703.8061438517725,61.386991592598456,28.08258927191844,41.20304267224261
11.091951157460539,12.252445239274644,2.234173908719575,14.275395452800296,1059.246885659471,7.77343970227228,47.099987216457826,69.77724560088177
10.194311293000041,8.782710166151414,0.6253892766937952,13.630800210205912,800.6195049401448,25.3365724279398,41.83076991689085,49.170474024843166
14.143606888563196,4.884265108099532,2.286696687981559,13.691242135680042,1094.0313964732225,43.95130466180022,58.90393631737654,63.55195795591512
12.539102792972542,6.812641915883824,3.372882834521826,14.816435500792293,881.995114375035,-31.843255330286233,45.19304637773264,62.12123378782425
13.033653279743913,12.589684941674347,5.031636299667994,16.889818430204215,1337.630267087179,34.7141096611372,78.79710240432271,98.18160189824756
14.95114742485531,11.584215204018948,4.19246036476672,16.46148923080627,1098.5950192357654,43.885521800029245,63.3220290395455,72.62612714776907
15.48893720684651,11.585218802358117,2.6317140611248986,14.677717762685894,1209.5492855274501,-9.71715987620013,59.332607927422465,72.63357655046235
11.766726699230603,10.822462929446315,1.246352973139579,13.521717389630613,776.6176800790606,60.41931345723659,40.90619858976352,57.39141558527243
11.395755533634247,19.650491963144507,1.6834041803702922,13.827001097819357,521.6208880039208,33.52663757221633,16.554415249871777,24.87059517106028
12.26419954006668,10.064152300715072,2.182789539451995,15.085588263704317,910.0248128199988,62.44207119604793,49.81403293944901,61.32392515201617
14.146693248223773,9.96477643316425,4.522242690476118,15.572673073830302,1026.1505503117462,55.67327503039455,43.784147942869076,63.68346433546313
14.001010707324934,7.785336381097055,0.4877869555930664,14.329885371992985,1350.2664266909605,57.685843626442235,53.02699749545617,85.34702121798793
10.657217176674132,12.221223731718116,2.6465206253333085,14.230595137588628,1246.293704292915,25.75538484099744,67.5464030908878,75.11450026259241
14.320244917691713,6.668712633445259,0.9558625140054279,13.944831978997337,798.98765283188,49.72524704403691,41.19318524547807,39.24285359174758
12.088504128416837,11.76435802944844,2.143656067568189,11.545905696999956,961.6038279498032,54.77267563326077,51.22960949407256,72.1431565447816
10.144989601604198,11.98613026719655,2.507438493345887,12.874551614772942,969.5689557609531,34.507975281818624,46.84355682342486,83.82238952014868
14.705913368866517,13.157416641356651,3.1076444335257776,17.981528291446036,982.8334123958442,54.21017146150625,50.526852595739534,74.72333044419146
12.718175916396829,11.625913621597608,1.537837194069161,11.471870550952616,1186.0037341489276,52.37529743107633,64.40746800934741,56.259531343617006
12.374817180171847,15.287831086093169,3.468421496704393,12.94605653177126,877.534105217763,-4.578635281323123,51.60946747285979,67.7887215941394
11.071640268623945,11.407416412681467,3.5323101432974893,13.768134001338376,771.8199608014005,50.01813231464922,51.669349581726934,39.71675763492815
13.87185825398855,10.393716128586744,4.722865001193464,14.980132057190561,1151.0940889657813,28.873696654260495,55.900337748675135,75.88058992107165
11.13689988556937,10.784597273673448,2.834308069799568,13.533284082686203,848.3145077995522,38.097511257174205,51.58744405388966,57.59311510818584
14.55190948572624,7.571788535802517,3.8826676025244558,15.762800457666868,638.6200202816648,42.767402501242245,40.53508346099348,40.740791700060974
10.177298603682367,9.189608707026757,4.758610911090255,12.404167380180743,1478.5928857971155,-2.468953694141708,70.8293952637006,73.7205315656528
12.21461954621824,9.418130189054857,2.9546200856264204,12.3902984535756,707.9505396017998,50.169473494609754,41.356218504689714,52.09667560800683
14.800567149135867,10.794998023665052,1.3697178640805405,16.101905654922486,971.9164308100881,18.48624777713547,51.48269787547611,57.36110250395409
7.899018001240405,11.84830152327801,1.7400895099636893,12.233966953701747,907.8014886197043,52.35072367117152,61.32041408385805,55.88682376299531
12.44503856016536,10.47582431156693,4.817278741840061,16.051932330316596,1405.6287045031397,20.958414632335966,71.56138454921903,68.14702459409834
12.654939989307866,11.869697238910401,3.0047719343128705,15.417116596727288,630.6553963049485,38.97070431378854,29.790491882728276,57.811197645460695
15.045224202302267,15.816835295742248,1.7292639006591548,19.4618984557961,1440.8243005216314,40.75824858512029,70.45381230344503,127.18293419156745
12.454461451488914,15.836996496072919,2.017452023845365,13.881278998551723,1269.7450355707526,19.105507508661873,73.88920144374941,92.81242087584212
14.881316015871327,8.66657175372185,3.1950531947948386,17.15244468620663,798.1517599229053,76.78568394085794,36.901741114881304,40.038771897638796
11.822976738876546,13.264937680948838,3.218107941184419,13.71704021952529,699.0513319726089,50.40965905243407,39.655719201972765,46.0499501561925
12.028462812547351,15.973744386327837,0.5762598460906195,13.009333761776462,879.5999430474232,16.86371510621328,47.18681824126592,85.64720110611238
12.96559671974215,6.59283458988907,3.6751561332577443,16.457295904177734,1021.9121601497708,16.33389703072941,44.306413757724876,69.10443316225867
10.63331688255536,7.896272115117322,1.323303708545221,10.414928527585573,852.6934549174199,36.63267323067007,42.887084866897446,49.53150457087283
15.194922586263624,13.7736240458093,2.280106771973398,18.70095501233421,1132.991089473846,63.990132996164974,49.67716386596346,78.38817435016894
11.838916423284997,12.651322392880289,1.54013437210756,15.082261341173034,1165.2440088190642,27.34449957011985,67.70012906089667,84.10229588721351
13.537725031941074,10.296022443282467,3.7370827036331566,16.20448031407474,682.920157699529,23.746840742353235,35.73190070488854,30.824637481974868
16.69198453584325,4.565099484267914,2.714828736295647,16.292063394211596,1317.856477517413,34.58432301347522,54.75267210401486,73.69289052399714
12.062480722722228,10.170015691575266,2.4830779683925557,13.383285869830145,1502.0500179874766,7.657279121233884,57.65647341949493,96.49853338687929
16.537079254106892,11.190539683053968,1.8992061617133502,16.491933063224803,890.6695473542748,67.57990375024157,45.9442395628548,44.61265301735708
15.56352353885957,11.234211475249928,3.1036410537323986,16.610234384701048,1047.7364965060326,6.94495165493689,52.38061330339616,67.96447771758316
12.625818409097805,6.319854376068031,2.4387987134436373,15.78128431594932,449.06525130351224,6.796341285536652,24.562006379173308,29.878897449378584
11.459372112001505,8.81667080719387,2.8840596065427664,16.12202593658676,1076.2880480453005,44.16628125488481,60.553847837012526,85.97418606117584
13.430716254576502,9.158291022187262,1.1187389041652,16.31732090398954,565.1566923609295,45.15374139543774,28.004657943751866,26.486308244884466
14.12417787133338,15.236071785654174,1.627314274173283,11.363631220908303,1255.4709827812708,4.277830884811819,62.98264021902953,103.0259993962565
12.777241177261592,6.0527504527078575,3.847586008273344,11.4616529920266,1507.7481792526119,37.828180836169196,82.01338992901906,94.97708266788034
11.406547771875132,13.465447770247888,2.529888700074579,13.765530160873244,1079.7649400938415,47.06121088633754,44.01972414377791,65.06271966968221
16.442567780994978,8.45950558051168,1.4026752187753493,18.217368830193717,939.8105187437573,45.104486342685675,53.423306182418266,66.86236998833125
14.757979343514602,9.723477140594701,2.7824761100176665,15.56841540466005,495.6397507255664,30.94545547868846,32.54522527205121,28.37286405410439
11.841223157621304,16.207480968883832,4.590183912964189,13.000583288865512,666.798202060019,54.1938745475163,45.6142325447567,50.22053546575355
11.717545404921093,10.272503055138891,3.0426320081032006,12.625509543487619,652.1675966418529,34.07729977823452,49.83128811601435,38.76130978439842
12.383136209086707,8.975216038533045,2.6871365916025907,15.810052823269405,1392.5877250584624,21.548197931146586,70.76977484809571,110.36041284314071
12.51933731062562,8.78090028931302,3.788031545669566,14.506425429351472,1224.8364562441423,40.641792133024076,66.67851677081019,103.83407414434785
13.334708384324703,6.151703234667792,0.6737944008366055,13.984342524591394,780.2712147222036,25.55244788986044,42.61828640684254,59.794107917169825
14.896915613819875,15.877061669607661,2.8736434785070886,15.413127946543803,1678.4685025697477,63.546603108752926,94.24792943676661,116.35107743539032
8.548430011678493,14.919089639312151,0.6003882501897503,10.482715516904909,608.6920794369584,39.07289078215768,29.506624000510957,30.072401811253343
13.06353168452345,12.59801918925221,0.39135312420790247,13.595362262603345,1027.0917797561492,6.7986311527000565,47.31360612310466,78.11107376611078
14.770548730676506,8.122810970883858,2.0115720108206356,15.464842804704979,471.7724967977064,26.387286370760766,30.867802235252007,36.40999467305819
9.300913383080927,4.522599784186994,3.819049904715686,11.804157176255249,851.078314534965,64.44875897701887,51.79426717338748,68.01186665064104
10.205544035172078,17.27952882551842,3.0282987330269044,11.859862281826597,1081.876776220961,58.02684561305701,56.084599998534756,66.72227838395808
12.527773371471403,11.529330505141779,3.416731859498422,14.002436683354272,1256.2569659353971,44.10600071500709,67.29941434780444,76.24282747281734
15.331168773213685,11.999222484186477,3.219281978330306,16.85699230934773,958.6657722885382,78.83282224192008,49.95111608738846,61.23369804842834
12.966941744990798,7.674691523846148,4.27548181510606,15.3251107468326,830.1862035491404,57.293828068164,48.59744082786162,52.69107959939366
12.544176823690435,11.589467645242385,2.3628546618790045,14.519217631974723,844.9362510845452,40.47895646446955,40.61723001637956,55.61156263298897
10.82468571848862,14.634034346616327,2.80184197433997,13.43576982536752,1434.4464906157107,12.356633084774725,64.24437525648464,96.54557896588287
10.858077009989174,11.171824766054167,3.0339630117923484,12.496765079572752,1410.38786482477,61.890722944539846,60.80471015856114,100.72119011934541
9.83800241145201,6.92395796482983,3.196569056300673,12.697085485957272,1314.4572171607836,35.545221124084726,79.9152027155571,95.45593723111621
12.32185126707613,5.763732130314104,3.460160179857304,13.10023194839061,1104.4506233336028,59.89136611104262,52.58049797982796,100.5376855733511
14.772915411886915,9.742907165310676,3.437438592220312,13.603727871762857,2009.9312111918468,23.583409081297845,102.04223135471617,157.0347227795687
9.811146252979343,9.057609216404307,1.7185876443550874,11.32405749115758,1296.0515446447591,-2.4193349262159125,65.67013958881468,81.92438330218275
13.590947349510788,13.948541627205605,0.19486959779673635,13.597273461034051,1137.3453063632323,48.00330650201691,50.814403766829415,84.14488011302527
15.097010103683312,13.040089197288353,1.5144304262491788,17.158152866578593,962.4793716504091,60.8194768754569,50.76818253634408,38.29416195550839
13.885338354055245,9.83233380479191,0.42287197997755305,18.340311499403494,595.8446781879329,42.42833661159396,23.978263588943797,14.605387534387141
12.482953515711156,8.469512850155686,3.6324599418796115,15.577556894183202,829.3294522055398,40.57357384888971,38.053121292424144,73.56401823728834
15.531161815978537,9.371179837464858,3.8369290397599105,17.143797206586605,808.1498084023627,23.846212105625128,46.05561624049734,50.44726531786042
13.573795471517547,17.672517550911344,2.7188645159808713,17.964509493329903,972.8652187731027,33.8658701985796,50.68439543860729,61.50088188421509
12.738034626206773,10.51934906520387,2.0613942240138123,13.611114009841563,1277.2825463867946,69.64496785775422,63.23835194201895,91.63343750892894
10.033602670255924,5.264609837570685,5.755101245427962,11.79512920606104,1017.6757001605685,65.55441243359822,44.55401362658894,75.94962810830809
11.655986916701906,15.305329240462862,2.3774381266749103,14.226072460849997,893.3130025824371,3.909069930852411,49.2061090691813,74.8646169640227
12.464721243120842,13.270430581658351,3.568457900741368,13.582267831546732,801.3515188754947,45.262393533218365,36.31954506087471,42.23341292674497
13.412751365286788,10.929222529756121,2.3283138885563206,14.452139928392725,845.7060339245428,35.20681615364244,47.95302341316135,50.10296370195893
12.951955321566766,11.156580719210126,2.215526507688508,13.733249973385355,1304.6160064126918,25.9454766090896,74.85774999016634,84.45102229523613
11.890294658249914,10.476516992609367,5.539942621491898,15.086159968420814,790.648480282516,52.488267177695434,50.885050894442166,64.9757776300914
16.81130709080351,6.081871716508089,2.2228177361555943,16.408907027100966,1403.47989412303,83.25833426538118,70.60102423812181,111.38612642377943
14.448301176771343,12.668844463582214,4.660150743188738,14.869178519470651,1007.7273307509985,55.20864177385381,42.19324585379112,64.65265445657177
11.1444444390604,9.0051150663022,3.1788478741297923,12.778634695780129,1302.3503445782799,75.8714880801771,57.526065994232496,98.8150166144657
11.632490896005116,8.552160266892894,2.394825425641495,12.9288453135587,1539.3153432603297,55.7616694355531,75.59768540736474,100.29053432732834
14.606086812321132,6.408885819077201,5.794275516429566,17.3247462869361,946.8002560600148,-18.288736390424827,47.5812594883725,58.4357562093596
12.047495513146018,4.884375721552794,1.5481170446101329,15.679417064924653,1359.9131775456094,82.45562736865107,66.39800130046522,81.81823103968482
13.817402627983318,7.102896021579186,0.6969557282258094,14.401222236078695,1182.2146299801188,16.29401497150604,54.12184540555689,79.45054669127067
12.693701931029112,11.260747856457398,0.9396531310080565,13.826550804072994,670.0584419792747,50.59218724238301,48.300419488720976,36.29341225131041
14.435453677562966,12.50650622895094,3.4055987363929456,13.45591772448775,1061.4832834177864,28.007484792596475,53.05376032683887,80.49923620918149
14.895070020987273,11.12851119274488,3.071468650953955,15.28456198767951,471.0600360332995,46.870801092658674,25.492409010411844,17.371207367978172
8.849873733651256,13.376738638264385,3.5482956205922953,12.402947824614936,903.563334960631,45.40177241304081,49.26107627059251,80.70279162024816
12.989638283956833,8.536873558346738,-0.22699921242941537,15.466036250701855,1413.189508108999,17.112927163156836,63.21174882036037,104.26170791973193
15.581484727161763,-1.7384961638232619,3.4174715166935368,18.709792400202076,913.599898776022,38.393555610304155,49.23812227219507,38.70926739429136
12.728920255051431,10.507199969978421,1.936498753697934,14.959203692245165,790.7173584224895,72.91711449846032,31.949677632108617,60.7259006082608
11.67987778116072,13.518089648421597,0.7079729158036238,12.458448246836515,702.1383351255063,29.096972926329833,32.43058872921855,24.98357266042578
11.170769282974147,8.64138910329006,2.054697882826327,12.053221666375043,712.9175972628134,55.5846986775128,27.715872438059886,28.63607031422054
12.287634683409188,6.888235845543363,3.3022111784104333,13.043559216913755,452.6779766899047,-14.726826380696531,21.749927066277216,8.789603237809953
14.279061681748072,11.977308158922684,4.541043431914493,16.35458471180108,694.0542176085306,21.445740675696115,34.288003821839,44.925742763429696
14.06624330535928,7.380811478780386,4.565826631161431,15.758987742271913,1005.0742882762476,46.628552927169004,55.342428561310655,54.53743960942
13.702190970497893,6.460696482939845,2.8233457074320207,17.756658770692486,464.7451023765908,30.620903780085793,26.009888263174087,21.52891327659336
13.266403270675575,13.264528812523995,1.6981774016487008,14.981787168190175,445.89486594084354,51.26016583664263,27.809449997328773,26.66218717062673
12.141702630933946,13.970302333797123,3.8494787852437344,13.545488897447012,1586.6342291172182,72.03659588842667,81.02714929771842,90.33140704708453
13.644298224270091,12.056502814756955,0.9766505412229334,14.435070578935838,649.3636990861067,48.38296627427965,36.24351585219415,46.100645358826945
13.9295305516732,7.628027753861668,4.151526296937069,15.570764738800818,1083.1486462724538,48.389639468755355,52.14392592501217,61.36848616765291
14.220399375066195,8.471305777121756,2.983472994986866,16.44928346006785,931.6351738382773,34.57067723576849,58.26106376922377,74.15199261394781
12.790187734788788,4.289704835907944,1.6349916404572322,12.140290015385455,732.2298155249109,59.062587233926486,38.11964165826432,23.67197575146701
10.801555712568398,4.138000572272047,0.040453542357170254,12.982260855360742,673.9072027112802,101.28745204740726,40.912116304754605,34.396313766753984
11.12197664969818,3.13795896334961,1.994306996779382,14.786890301066437,939.3414506549052,60.03485920907429,45.048157020943584,66.30910791418205
12.661005341063303,10.77066530757267,3.601065165465339,14.996746379657951,475.50258170745417,48.207412997671234,24.81040804001803,15.757578235135973
13.898698382230906,12.694774976552734,0.2325457815161064,14.226549397041751,977.6087877026838,83.37041167244412,58.22994892050829,48.38624317810551
11.915399251317327,11.046141050731515,1.2503904142893187,13.990369630722402,1295.6824497929954,80.80653117041804,65.92133740882659,103.26022565497749
15.566757779540067,12.57168723580578,3.3957481770314892,16.50187814400254,827.4685345730243,18.571155550586614,46.00149024193282,63.79895599502485
13.647360963001557,9.658114013791527,1.9087797041242303,16.053694418280053,1124.201231580629,57.24540643166954,40.412797593967944,98.54065953725654
16.37770821828663,14.59273463589833,3.9051322249035563,19.89035382410957,793.301457280857,11.032353501702614,26.38598490877692,61.142910771295334
14.155186303462543,4.668883677142618,2.5832178841681253,14.391898331520386,417.6041381071568,30.779462892754097,18.695147546723618,38.010734033218334
14.16083042879376,16.80167923996072,4.137940981458856,16.156253271489348,693.2502491623306,39.250663609306514,18.63083865936181,33.172898181803156
12.48347695852358,11.588909973985551,2.597246690960174,13.832331898883751,794.0760174578893,31.04914244853967,31.402357637745524,71.95576194759155
12.365449530482003,11.492490442571734,2.840264144841347,14.417514545710807,932.4236497985942,17.846915131932864,50.93072018170299,54.96583842924666
16.75534662092008,13.214746241421466,2.3210901287646992,18.193405671466614,1014.6788127983176,82.12916878642062,47.53423569435216,94.7409244320936
14.384555290149027,10.113475340471894,3.584946388372004,16.134576280654052,1421.3070130043177,47.76434472587,79.789281229049,98.9042653186107
13.655555657730188,6.103245735531601,3.231755998481559,18.2196383370102,1417.4178241368957,38.874344751394936,63.22288781677346,102.0932935298901
13.10093536630668,4.73019439327754,2.963356599381752,15.491654786250074,1106.3845523901316,69.4524088571675,51.84352028731707,80.59256584826758
17.135645569846524,7.0397613285437055,3.7948814397827664,17.814403922688914,1375.084105160656,69.3666437529835,78.66969772734306,97.06819266960014
16.49631834241046,3.517075103186063,1.332424629857478,18.90955639071219,1132.072307087782,16.41758055239725,61.82430724849111,76.26124280842697
10.237606336840944,12.826012001178045,5.001090819602842,10.928972676952661,161.02555002150055,48.974767748997586,9.827164847438725,-2.4443973418466474
11.64207551205116,1.3207967823516076,2.7876762301509244,11.466036123278084,927.8991498373687,10.81468663694201,53.524567797824105,66.10849853920851
11.332747264628994,11.502834301061073,2.8535370114287915,12.6342138275257,1330.6780816391292,22.637486543429304,68.94141583950133,91.80519698363477
12.37561357056676,14.785426828520741,2.214197930143289,14.321255552021237,735.602861007297,23.254502412965838,33.59577767631973,51.4281854938086
13.865333664336491,11.46902926835027,4.075670477234049,16.047674535138544,1066.835970149782,30.0194532311516,41.949370160252684,88.87557207072386
11.276364946870679,13.242383807267682,0.32894235244904285,13.501264020664593,1026.3954358415233,60.59093240786993,60.86713499402779,71.64681465103763
12.990344458501937,13.224139121315357,2.007197358452055,15.393308906739746,1362.9120177456075,-13.269119397981655,75.15820190687143,80.7729756605772
15.377215313959246,11.39149529759412,2.1672465654101005,17.317949508986555,1182.5078467206008,-11.50368971622174,63.379696249195234,107.17363086045677
11.533722243506997,12.432761546740691,3.3807074826424808,14.084068377767354,578.060359548703,13.62617764728731,33.15421469666411,32.972852435787516
14.498161314431904,5.06840751132935,0.3317144015631656,15.214464756158323,700.3944538078688,52.13448208630859,29.8391379215536,45.74480018192632
13.33355926385467,19.63934085556205,4.664685166289821,17.004430930541474,972.8132873421665,70.18877327361909,35.30623068522489,58.35965193127964
12.474338212157928,7.090555537170915,2.9758777681789517,16.228950513831204,735.4850229996188,48.66090154352802,44.237935138342635,38.94155536912751
14.155177596707901,10.062372535460684,1.7766470096789164,15.841752552535059,453.9095262128818,33.14331096786227,30.952170882549193,28.11448009576697
11.771544810114356,8.99058353810587,2.287100594626895,13.260994271620952,941.0728162350094,3.851251986629219,50.83115037761154,68.98494438745898
12.386839813148988,8.099826822112282,0.8737989620681895,13.763338946818498,977.7679767079078,16.204845028764534,58.36717386723314,85.23080080759257
13.688605284503835,18.770278777044805,1.383850745015948,15.833088666594971,733.1974823543916,17.32719617041896,35.924063971967286,45.54986355682257
13.43323791680198,10.289184789613195,1.260563594679674,14.992620234253396,1171.015998074051,41.22378257729615,54.926689186863236,85.63553938348467
13.90597043862585,7.038489098962027,2.8430259998689458,15.841430937703493,558.3558538465318,44.73494853408516,24.326787801845963,37.27980518694695
12.507835625915344,12.965316431434099,3.4653321046840126,14.16360558148068,1067.148404500146,58.45699830419625,63.81538850376572,54.50834985764819
13.95005249647848,6.380811836132539,1.9039310752365328,15.955224439100038,909.3525004340485,47.40841325404262,52.212625110000694,73.72308512023952
13.960490942152372,3.7102545997854675,3.3061074892670277,13.029465340385299,409.2852029166183,52.910491659450074,17.020874792321376,14.328420943749727
13.755710230641673,12.042847960866485,0.3510565041118164,15.672331456517524,1295.5883997869648,5.255299660974338,64.35414823972714,87.36040639342826
11.94118752555,12.185907131462555,0.3939715584686087,15.741599143942814,955.3637700194001,24.161033492166098,49.4696291043906,65.65089535729305
14.636132205131613,8.686672206612739,0.607564806038253,16.755288612514654,462.28320700314754,76.91622226665488,35.167510695085085,29.48369465257649
11.983548523070526,16.268256777882637,3.7724794703942095,14.26207448503692,664.5971906038918,39.09842709251741,39.08645865697994,35.63579178133888
10.818208608201806,7.831468616624789,3.2832247872147597,13.334149402578861,1470.4251102784883,45.40033242070217,72.158619060066,115.61466517819507
14.200372905628685,16.288247779374142,2.055794353893277,16.282534309799495,878.0166301861946,41.407186648879666,44.83939678646637,42.956825377947645
10.112153921857537,8.432911596141055,1.9222678120216976,10.024274659429478,839.6817358613008,56.22724170735861,55.562855527526175,50.400407522943276
11.993955181997915,16.599276595139543,2.172180650831964,14.812204711624616,1293.7517060730927,16.783068273410713,61.619637532289964,92.9875419245613
9.796488955296999,6.321428308600976,1.8073704376288442,12.660468257713896,1234.2976525673532,11.652759283994584,69.20542421724905,85.09136084601613
13.831973337997473,6.622990203253624,3.2363086006498154,14.476167083880398,1062.459084659232,96.20953280657417,49.90809410945587,65.59587270016205
14.422977207450977,8.411470280329851,3.386373863416548,13.662563034369803,1072.959773450024,8.142631521699029,63.185963999915785,61.715342421168955
13.061427910240418,11.136948739526519,0.8655136563373902,14.795081472699792,1140.9593618737326,30.968909607570655,69.44592628138955,74.33476870103206
15.016021617914978,7.401787213988727,1.8530902705822088,16.45973123825556,709.5918844234183,5.175360470390994,46.898605156444525,14.083125774118315
14.988863045224992,9.336044253308966,3.419863581474999,16.152244472943288,1102.4550459273114,37.851230721817004,40.94260175223593,64.54779530942784
10.89256924844388,11.420802880680407,0.7578337720860234,10.709940813978001,698.0292710329596,13.911029330079623,43.44648974033362,52.49047419183876
13.430076493009546,8.70011058423166,1.792283552280733,16.7488314924391,1108.3342627575003,30.893064836605916,75.83416893749853,71.5917071146093
14.439972562749652,9.462752195541139,1.3694604899733183,16.423419319324545,1146.8483068434075,23.032670781464727,61.238616804682806,81.50064713026312
14.7160625692919,16.708282562636697,1.7270982624427043,14.528312014149897,1041.1060767056235,36.977220486298435,45.66358979972424,43.69692672190925
15.24527189893333,4.999412328009633,3.4112418350126816,16.640088319112017,1048.3978587696913,6.093947942998816,50.333194193866895,62.7597227343625
13.330352821971308,3.0656999869007704,2.4071755863518685,15.05419806874497,970.6314437881797,60.48730945085421,45.505907323162106,63.748860477248
9.600355420995166,13.673244683273728,1.894746726775311,13.331244002742256,1252.9074649520846,46.55008646875118,66.36828513045567,73.91346090447958
14.78134182268072,9.768307174720585,2.9156334089893616,19.01327797310374,1245.700425716141,67.49619209869441,62.75793565860953,81.21657910290806
11.621035232388316,8.488031578865092,2.4055668981178115,13.996571706553773,1216.6238816730477,64.209690695074,66.65910973498893,67.46490520852898
11.63778876952848,5.536608944216836,0.9685066449675075,13.17283127048247,810.5577888948344,76.21311433310883,46.76729908314958,39.268450346136355
13.435599013751562,13.390714118481458,1.6819143783824888,12.79606157296102,893.2386344657489,46.59360309061865,44.69040312395258,77.48295353876222
13.161643878245526,15.060262611823438,4.444066556728719,13.68862553745721,532.1548260591128,12.749662768989845,18.53861630796371,27.20611184940181
14.849382051669405,12.171346073786596,4.518971852503054,12.09086320801662,1328.9558316492894,65.54509518522558,73.32087078899941,112.91580868777388
11.532879479336367,11.489535392557977,1.7252683943588083,13.367312774138322,1668.1723011084534,21.613443836768102,77.74892079190562,127.07808946656583
11.217456701753902,3.8963243904981164,2.7230558985416478,12.113561215287643,767.9321876761895,43.96117388362411,34.33967035045453,65.6600915924745
8.60907282746581,6.835757579496392,3.0837839597410386,9.819506758706376,1220.1153952599695,28.69721447018798,60.10848150488999,61.287085058770074
13.579756026708132,11.695289649676605,2.8016498137792607,15.531614434626121,644.7991187540046,53.70766016129538,33.83220087686587,44.75050556367484
15.199117257285717,10.10298419076509,4.144091403082285,13.968836792819683,753.886890597943,33.807071990126204,42.07443978709535,50.614004897015135
12.572659764598534,8.889485183642837,5.141318377759914,15.433074241662226,815.2695711113854,38.215828370776315,46.529609416378996,47.21730670760764
10.993016066390698,7.059829822397558,4.244043506107427,8.940457542498224,1090.5712726077916,6.202573780338073,56.408421865424,86.04494353863909
14.666299325804138,6.445270373961649,5.762871477893453,17.60412982359915,1600.5024320864497,59.09868667973649,82.02955155878628,124.0375488422372
8.784207216977967,11.385442830111499,2.157307722504585,12.069630700391462,941.1366941406299,34.598270026403085,51.03712108451244,62.475420713735645
10.49498935007705,15.805152499914314,3.0298940404734815,13.166757556274796,949.2640244004158,12.947998796033692,52.180743181500084,67.58769967679511
13.585787206112972,6.789676031410512,2.2167253647516794,15.321729774756507,1166.777739365768,33.58388617451443,59.90290382523521,78.9760480821264
12.103864132296767,10.548251570732434,2.830489410126971,13.253782056364644,1141.9396989684672,35.23079054474665,58.67719583720419,62.61012542179932
14.980091599915163,9.431525116810498,3.902648750906746,16.487785028071468,674.5706077221255,17.995191999979887,44.402193624372174,30.41914495357341
13.282431554329722,9.860866671675684,2.0190496317991076,16.531563043482404,2095.1284269025027,82.56100654076587,97.97886978290069,158.7720308148393
12.159900280428754,8.459045389158256,0.7417452046770995,12.677060742557979,950.8793971696184,44.108766735330995,49.17694016064588,38.80489372933418
14.300438444134684,5.505460981490411,2.644466902596393,13.817617268742879,1070.818153912449,26.235739273668774,52.33539356542683,58.781645795517356
12.549857775838529,21.05089076798908,1.725573126436985,16.64711767464046,729.4220831680362,-10.938383450218211,39.539724287129225,39.273322157969226
11.88717827759571,10.728590109624696,3.104746658775851,15.203816598520488,529.0561106526718,37.722662207484646,20.34994956683676,30.581515291010035
9.737563134592413,11.711354186286972,2.5222587542490356,14.914237625785628,759.7129257512659,56.07645445449987,36.68000433346731,50.95219329034336
10.716988069863353,6.4131963350155985,1.7631072391842155,12.255235258714187,904.0649834034942,32.4882177701866,44.114787229266035,66.9509034882056
12.009929146560292,7.640237425898685,1.875665025971452,13.63952020467966,1094.8168700086355,8.997438850541041,43.71977267604325,72.95759965616654
10.20852089933136,6.693988900590444,1.2144538787672639,12.04191804996142,578.1438555805134,36.48481127339454,39.02982800560851,24.48263321250063
11.147169671813025,7.448536575537337,3.2749622917611942,13.993598457086183,337.2109738953482,36.773082099851415,26.090184862624564,-18.838020892725638
11.659318752592807,9.458603563326632,3.5647246346858332,13.693142822329206,1254.421566402272,35.22024118738126,75.19410565561881,75.27690221588922
12.982773682078133,4.155118802566709,4.246249094954789,14.348471362566382,877.402984695387,51.57910982025457,65.28715356667635,63.066865719602795
14.277676774316014,6.085677272444277,1.4237896315528067,17.39632344113116,843.960096995583,26.694198936278266,49.16715471772259,39.262553570029866
12.328467548523584,11.557672011135063,3.9118361930205237,14.930559280944129,1312.3927839828286,61.79692023361069,64.71801709280955,108.4520002590331
13.675258042172386,9.29067294713822,2.7513363060039393,15.121001339990805,708.691034384887,59.036738934083374,35.29737910687749,66.83272072306073
11.452351139824323,11.434829359196677,1.0737717075562583,14.870173358263044,1379.9977822452654,35.95095374483892,69.75963838335228,106.7470983652585
13.671468277533474,14.796679411851029,2.2187584957383115,16.68680331564482,888.7230460924351,21.255397241733277,49.60837010852205,52.761091350651824
14.29585352940215,10.100613246861155,2.818082387903726,14.772516866752975,813.7373512637188,35.7564702037763,47.315849158168824,40.4280263322305
14.568372632709341,8.859404857957527,3.916576759862293,17.239422820669045,269.65880885311464,33.99759236878063,10.28874148781729,18.92420747070144
10.85668494180465,16.186935371978382,3.396333059886126,14.805064304769118,802.7538388698778,38.321505693850305,45.345287841272196,48.893025241221515
15.497260738867897,10.374038757950514,0.5142255226486743,14.584882937054624,1239.8138793544513,60.71086232665362,57.53586721092144,97.82756759814895
12.450807187875744,0.9861482275880024,1.6553589387391716,12.659062192561533,813.5733274020338,7.187308315399633,49.35559513811297,59.88713013970367
17.273301832662664,13.346965596430925,6.514147186208716,18.50888209205443,932.1686409271733,29.835542968913796,47.099674771013575,87.49990564402006
15.125402405617933,14.817848677350218,2.6075641259693105,16.688333828805348,1084.9397584678798,59.437087565654714,64.2306806789088,50.193278596265415
11.398072088526682,8.128261973995718,3.688720146788612,14.476238864105271,1035.165643939219,46.967141344943904,49.965935356742555,94.42440104696792
12.93235445467436,7.390607635504927,3.3528699724629014,16.215166188404737,734.8684552837328,41.812641744113144,42.28900282871387,47.67759232495275
10.888717976530517,8.826929176133412,2.8022132536094633,10.577697554709072,724.3710051750668,39.329026811534916,36.370219823738466,29.951193565140116
13.029316431751711,11.1986600793191,1.1202674605758924,12.92713645854115,560.4822698886546,40.19810942646129,47.937842545502676,37.882233489006296
11.312411227480634,8.570689567821214,4.0247940329425465,12.773594944985092,584.8958561322031,24.517136025166238,25.026469805215143,66.21718484811016
14.242097306377582,8.62376073480221,2.4981810354214007,17.45848349871442,741.5151395322173,41.88903537848343,38.68556594976753,30.485379306844145
12.931811049269092,15.298716227448317,1.3071781564358853,17.643471802449834,1235.8662934397726,32.270514791110145,51.145861413702264,94.18234843811902
14.504379625443102,10.883511229888311,2.5797977368664546,14.962573731925746,821.3544272488947,40.927120934582355,46.34474026306824,43.84792348301123
14.656157506915836,5.813467880716241,1.9290849092896545,16.510505733325267,1160.5499630110912,27.62938910140444,59.38217510285608,85.09988513068785
13.662373602291728,15.67285152647013,3.265601178053828,13.801341823752903,1070.9525070770492,32.21195445602848,52.87427040840538,58.43267828121223
15.13576861338413,12.444236031106648,4.074986224199032,17.367638346424478,1225.8906548018572,51.2610025817615,66.63194437466731,85.10432428876312
13.743940962540186,17.19935007447775,1.0333763391573603,14.264688169001806,660.2451399410273,84.7733076322221,36.0302577453695,53.93758388277947
11.885942230638488,8.010793936205998,3.633384741620063,13.235396767881088,1149.0548387306053,79.4562453626864,66.44665840934763,94.73756853296402
13.510197257376864,11.279093238273113,3.6220928216326405,15.19109557695405,995.3804131481065,40.65173570482752,47.84692696618029,38.266148204030515
16.770981723273046,18.294666971423705,3.6229123533497534,18.382488393527908,1393.3337655961807,58.55556541736108,61.12381489574716,92.32915668148058
10.276928107351363,6.221425321696471,4.149191121430913,15.068149056588446,735.2656605353459,92.95901726824229,50.985695631489946,41.98998016164449
12.735335607546101,7.933147971340592,3.843547699848969,15.278329563580735,425.34451983770816,50.897346342383074,18.687632578108317,30.843132677429047
17.348483635168037,6.935265544811143,3.5798458280455314,16.40229157127919,1253.3231844972768,18.81106109792449,73.12105899358427,75.34767865097078
15.388618130727174,17.34495997066071,-0.09677570381543651,15.422522988584218,484.00870745378484,59.729847651505104,26.92181670772169,34.258956576553416
11.918281467807951,12.186313729725684,0.06065614530619109,15.772535863108798,1265.1131743429382,26.234499954583608,58.22733746323041,92.82510474344822
13.194025397727541,5.246902028598658,4.261794990103835,16.111770845071074,1140.1600375709088,10.922096643138124,51.19995154438649,66.86252834127865
12.955452024303273,13.851851545013105,2.482624668043851,14.479123577829009,680.00741934853,4.889681153389715,47.225092595034425,43.02087354229273
14.86838252224265,17.30556646550874,3.4375906841350465,18.32007322610912,1014.389819696618,24.860360283208124,45.820776952444184,70.92543413581535
13.150841980059944,14.427542738054887,3.4813231512203417,13.354933436431434,804.0106685985317,27.086011168575112,33.22504813010375,53.97630186017133
10.228478015703075,16.986954081423093,3.3285420924520546,9.455825788082835,1577.8880457862967,79.37458226729113,65.50698147897765,92.504192992144
13.988732997207828,10.243688389896088,2.6402615214780356,15.565518388582719,900.7909496702151,20.902677896918835,53.179896716572024,59.867938682415286
14.606585828317806,9.54399197569839,-0.31718043864646467,18.02206963602806,794.2180924390553,26.67514116614848,57.18540076808151,39.09910125248459
14.588974594311152,6.511570361102497,5.1612948409148265,16.396780468505266,575.552806396571,0.48803370042060884,26.794161581949677,52.40710009342635
12.432420976317664,2.0682559316974687,3.2350299884800684,14.266346384489959,1096.1255598371285,42.20867259075648,52.102194048702465,76.32999901451161
14.243228751551642,9.888468046515575,3.4734686153092182,18.028385718138665,762.6616779312966,46.12438499878964,33.97807636825141,32.19542732796717
15.39285449320802,9.687082663372427,2.842654867111318,16.56617685833905,1089.6347000361013,52.500638400574346,52.57576428657755,73.68696857961675
15.19163620238264,8.28679590353662,3.3793875694036246,16.53228734080287,1350.4269354344774,63.94605791602534,70.9194654039728,82.4919387756527
10.542233626124247,11.18031000840475,3.9745110105288046,10.90345153498706,1636.4394498118081,40.77011987736935,73.11592256652115,111.91124929472542
10.493130314723553,10.976021912505846,2.421290489768853,16.20445001410573,1131.316056731772,40.703083098401805,56.82113326132879,71.67751050023462
13.217755582887609,13.831809332917805,1.936568097108921,13.77446763335618,1637.4431744799156,46.35068553529816,77.65059461144787,104.59440432945266
14.813813279306611,11.214565506187363,2.0409052802628787,14.282954369965235,1211.4209873373889,29.200300968762697,75.3176277483535,82.45070797800274
14.291924216969374,12.727689539662236,2.403389445211983,17.371742718848342,1016.9994473537664,44.452688297810354,50.76541321206963,47.12581645295217
15.626874288056838,8.474039792945787,3.1437534442546715,15.096170280493862,566.972049348107,10.92057870488084,23.133974432915586,50.53807014822682
15.447747969506462,12.376905892356517,0.7056415658322225,18.12500593863521,1172.793075955362,43.107246635688476,54.8790467452291,79.08061938093002
14.421706202236983,11.832112880841649,2.204755823327612,15.400667105346265,1068.771795605681,-15.571668072063922,62.5071756083705,85.88305262658707
13.642753214772846,7.230199793677345,2.261244067701013,16.878608765693215,1465.758718743908,80.22390700998157,73.54387032929732,96.12115809262852
14.980712574944532,2.0509599356518646,3.8923842995438487,15.138392899047524,578.7100694130544,-4.319816592537797,24.11527182332567,28.012103113727697
15.369584995260768,12.055922620054014,2.909964107857212,15.591685759428298,1461.2167989465,54.48667696575491,75.31831115159395,95.82723209066981
13.395007052709065,9.545027893045658,2.7682221535169997,17.102046993377122,1080.4449562809837,43.05607612137964,56.769009352095814,96.77423825768629
12.188003422892924,11.323556619727203,4.472979013366081,15.07782246359992,891.7218843463776,53.29853104544669,41.810972258435484,67.97670437888736
12.45891057192903,14.699165777282944,4.0792367137841214,13.799997214177482,900.7389571567916,34.02932064986375,48.888634164513995,43.009534234038014
12.684575271907422,9.368964126751347,3.89259710675109,17.078473692730103,474.47140767455426,56.729030391488024,23.40893729347475,26.6996682965496
13.45389112499075,12.851822811479723,2.657294465928128,14.358499603025406,537.8338375266185,29.246111463028598,13.85308255463934,61.101374996487166
13.853472225288774,9.264463995889622,4.36095753885258,16.062137085011322,1107.1723473145094,44.663519286259394,64.62469554297259,89.85852366539893
11.656461577903276,13.858147750572092,6.247555759654001,15.006510323436665,1189.9242914672848,57.383603452141635,60.437046102579764,78.66699494277682
15.26846967741257,7.3228097155510765,3.3231135427581644,16.08183225888121,954.842892798431,46.44582692098481,48.05234133641921,72.76320703630373
13.662367825329587,3.135202081129908,1.185414437170915,15.14355585417974,1584.9387053803434,47.313434645095654,83.20549231756914,112.76338557598737
11.024433835880412,15.094249059006616,1.6537297480345916,14.661001348452968,1185.30726533335,21.05914882855838,58.776732658163446,83.09330257199635
11.060810782621974,8.88542387444394,4.03522787716548,14.524282460501663,1299.7422145356302,23.264750814299074,67.74492870867688,97.69118999804797
15.513354239505393,6.298882002489916,1.953671092589238,16.960070226526124,1206.9184310754192,38.76123990301221,47.05336035615323,49.20827007870981
12.63685663906891,11.226073551891027,1.5295063873407642,14.516118228202126,1121.7788873311752,30.852013946364494,59.51056164619609,85.02178364071216
9.032273138208152,10.164882803308322,0.8431769884538665,11.499684426885022,739.4442907588993,10.865837891035222,38.65799855714049,17.684475900622555
14.163867381212459,18.992552585361008,3.1829482804089233,15.8380101898674,1208.305342244278,48.48848332791782,66.9964347340609,90.09217188399177
11.786871269379402,11.640403950328459,0.5193814150597091,10.865079400871114,959.0262464925505,52.63088128688965,41.45339966025384,47.41748150086488
12.411471775331636,6.5305693434343475,2.7043914565497853,16.345819517402482,1486.2308225156114,47.35829643057949,85.06591676976927,108.95396069422675
14.572985008255351,8.692967097120885,3.844526870893686,17.35128717104273,1395.244753357229,62.69544348976396,69.3063760043948,101.80846980667062
12.887552965041012,9.081092798165379,0.5195273310800999,13.764643568301372,1299.1475193019976,20.49948999604579,69.42481102465418,74.59401682284778
10.863921468083076,7.094333747954157,3.733656626636383,11.614563050006263,934.3533499452948,43.992034869321515,58.336911780624014,45.28819584062892
14.265600050503325,6.061217800529094,1.5169879816787522,14.875486398690123,784.3937998130966,80.5500208018215,33.782672005301755,50.568231531632804
14.8085357536911,13.14876840169692,3.014996913960852,17.68147013469351,1506.7053881823774,62.4856322220812,73.03195029515668,97.5172309633694
17.803755637396492,1.1430134150367088,2.4060842303423553,16.559361607046466,435.08501235451325,58.900119170338584,27.01930187150885,31.915304364061637
13.740939070794182,10.387588744068134,2.513476153156296,14.821322579625619,1388.2378723740596,55.38159546812014,78.30488917032467,87.84896208410723
15.443228829121736,7.242667028757965,3.206460945421891,18.364903178753874,1322.2655832960704,30.431214333374605,63.23022908324661,94.87641553892945
14.481063545836049,5.246347708139815,4.516998439503708,16.251450867012235,1756.8519716143946,16.85818003700149,88.85603621755268,128.82449528985592
12.737640528678003,9.235959378169502,1.2421649629719262,15.76425025535754,1432.4506497622522,79.80464241334437,63.84790417203073,84.65205624968759
14.193034120512111,11.014014459427912,2.540629088056987,15.41477913594023,948.5159845486935,60.306817742443286,42.82438832113973,40.18385217982887
12.39404199832084,6.3461815248679,1.5527110575873788,13.126606874205438,1222.3895872262742,70.70286508908428,58.164926154293084,93.55836626560071
16.87646118044871,9.249095046859944,1.2447339736021759,16.15620761904188,140.88538308873257,2.0884900028677302,12.525415169363367,-2.3507603130525423
12.037691518223378,9.179412379893959,1.258341704798015,12.294222662154707,918.2304148383101,14.035182518887535,58.81210402150949,50.629075641397826
14.437958126396277,11.40174685887769,3.0226189404643478,12.933957171935052,1237.8686643310302,27.986923388241525,55.19466849214219,81.15405872175721
16.075527798014164,5.971729501219719,0.36101867829840384,16.668990176555976,1150.8893713621544,45.32255105143588,56.27325234865106,94.30057029622068
11.410857003891815,3.78641911819097,4.092031103219861,13.701416894996076,955.3866999213625,75.82652839474254,44.68771350340956,68.33068963606227
11.713248535473246,12.290087372427253,0.9851683301388989,14.031063616376052,1311.299841765006,53.14902958843186,66.7621177258936,95.01492797298795
11.083099396505354,11.463925651986921,2.5450589699857957,11.190916805172629,838.7552591892658,17.896237194259033,54.97048420996066,54.07219273494883
13.529609047865797,12.282199087341409,4.013996325520409,13.281712101394293,383.7340970986704,38.60962802317446,28.270481950079937,28.289865025534507
13.560432939094886,13.61361753325785,5.9143913764048825,16.343585377583683,1229.0526909033645,50.543212009258745,55.527092485273386,71.85906880989637
10.923544281997406,10.723911810405722,0.9086223104744661,10.56437798335743,1581.9764087456379,20.702172198116788,88.00790878454609,93.37278380971287
12.876274620791419,11.838141737557132,3.1763651169896745,12.417346058253111,1226.9177950115459,34.81872814292057,66.3466846327235,68.01749038214392
11.406019586545604,3.0000776345767903,4.322807730878948,12.699937861784994,776.2963031806529,50.559892146469444,36.27354551259209,35.604135267668795
12.243305447809156,3.0051332387519283,1.3253723520001137,13.420221749637147,1521.983280184139,55.402206490216166,63.95465044142527,126.25590314760578
14.099339509277065,9.98098822630303,2.239133173253647,13.362158239587547,922.4118640838566,29.388640376792974,54.08347778134908,73.52169903584421
12.555843426437699,12.861932712881403,0.9301083652221324,13.704154100657298,1097.2930579102958,30.94599313486931,54.85683102760486,72.45749972750096
14.57802466075733,11.385057260519583,1.0475527286444188,16.513922579376597,664.8987191506509,54.67504904122687,37.57318023791302,35.42287195538992
11.918137225592313,12.827585042107739,1.1907458048588924,13.585378127640546,1188.380656944697,52.38292452696744,70.06774366027007,72.7567886895633
13.421700577460625,10.288904691704602,4.060292406725024,15.782558154334234,945.7782065470241,80.2830568333411,47.79223832658112,49.710522478826064
9.848353576035718,13.210622918477215,0.8172727374696869,10.503662310961355,1378.126007839007,23.245997100005344,59.11961337847296,73.64926520085709
13.784824557831232,4.274882856691285,0.8309190382198646,17.854997864217427,1463.9133346872527,-12.563132927582402,68.27530156902515,91.7150276369603
11.348376309993675,10.588827625288769,3.114434837643428,14.590181825543524,1408.1435286381004,54.82302685082004,66.32639289615283,82.63741388916591
11.801007973182017,8.12730691109248,1.0386916973602416,16.172772753287955,654.1459332273678,83.52063033162342,30.415773698806678,40.616668686433705
10.72276771743739,9.30771440198966,0.9952271543410316,10.059861345024432,975.7853412971087,-8.964443216025568,61.755577916297675,73.27582988848123
15.229106786712872,3.61224527319461,3.715645140659389,14.887151311397107,1029.6658738323572,20.601910773305722,63.00728214901793,56.60366494192688
10.96929465727478,10.125654007722307,3.3890028007926776,13.03590201293836,1074.192605977147,32.54963016584199,65.50382179466318,79.07699623049706
17.186056735881863,9.062503457155591,-0.2506836412072528,19.190076712341057,835.1143843430419,32.74558378866424,44.19706339187588,57.923339896515714
12.969303085219368,10.163616980854082,1.713549147689327,14.112006878352556,1104.723271907712,48.694031498440125,50.53605232916019,70.24539553369722
14.538161777126817,9.596868941735977,3.893507849589493,14.223321835795126,1305.1537740043002,29.89289202156062,58.50900677877729,99.56458299296489
13.179719588967014,11.017633108717853,3.2182522964498532,15.869123235562597,1184.8884726600513,58.48080445024311,56.98741567203514,55.97131774758844
10.938224054513284,16.112784017835363,2.4250118855521583,13.051991699087267,831.515499621958,38.36861527269857,43.99472314352593,52.91984600179509
13.261432724940622,16.782498878384295,4.843612542987366,16.72962695476688,1035.9588035831305,39.767937036570416,51.03953056893799,83.18756646807368
11.29088687783198,10.170334635273338,4.338342717917294,15.172416014130764,1037.5498482743178,57.986789502039166,56.74436746782854,72.98414929819809
11.37181566811697,12.251101361910148,2.340900290987001,13.201832600661794,832.0910246268365,48.58999116647566,45.95420000788039,63.45961749600246
11.009089656332003,12.43880963131463,3.73206684377271,13.955104466484764,971.8464909691344,39.63575759758872,51.209892373682884,72.53495514585023
14.146382743020853,11.29594537484882,5.538589267873718,14.010522957894223,224.30291166025145,8.804875691050645,12.7546651513432,10.385068789190331
13.472916675849904,9.96007415285642,2.9123129829783387,15.680370982073969,1034.409173797776,41.63753472903165,59.98852663497419,65.70776374548727
11.302823903255502,14.73397395850153,4.074181489631815,12.71839983751024,739.7980557386107,24.62557207711869,28.742665141370374,43.816955591353654
13.833901887564032,13.439831896122792,3.040749900243737,13.507526573441899,1282.6605532045437,57.76548506613498,66.96685861107511,89.22376403150784
15.137956799103824,9.529464601720226,4.554848027196193,16.78002203205001,1456.8582206421215,27.270808851023823,73.34460761535635,112.4558252221856
12.008784229242806,14.994987943192559,3.7161011905548356,15.368572123472228,1451.246571361779,53.23952647975476,72.65365194459649,100.65010236879972
11.93526539646956,13.23940945844415,3.1685096377291093,13.485027695723208,649.7318308672419,52.19085941828188,32.152301523105336,35.01853576646437
13.29011107678752,4.354389733489926,4.074379360039314,14.557386510617548,1305.8525878722103,36.80114700803483,52.75985648727403,111.28944140536922
13.828861304199442,18.183190945915893,1.0303935326734492,13.062069104186447,1309.2235666266479,21.60594926425167,72.46136427405972,83.87294802212503
10.476012637232829,11.931729980758002,3.280835095266845,12.160011486095598,1239.7788687456657,2.4323976412728956,54.79320273859298,79.91197943792305
13.292035868701332,9.286752503640594,2.9840653257263807,16.126678006112446,1003.9309490758252,81.50156303056532,40.53449317341337,82.24018870471262
12.000748366285105,6.060060412011614,2.171669758599017,14.187320441272592,1118.4386686803691,27.938864055895493,47.78139424811214,70.46628175723758
11.841574728229697,12.15383431658293,1.1424072494962445,12.836291733994516,287.22206225934156,55.85578820790036,23.797540796785285,12.604348506066795
12.03285232974935,9.571499991521407,1.7126903617407323,13.524238929576688,625.7452847176522,31.133998201514984,35.63123863813997,26.872437222508026
14.734691708372553,10.724244201952615,2.9780244328847774,16.965294637040724,1119.1145085962175,24.794653427540908,51.915119398517845,75.7918198858248
12.147270824143202,11.303372800314508,3.218749751622111,16.52110641623973,302.1143488707242,42.48118659146243,19.73749001532181,27.02212292712408
12.897491265311093,5.706064197272451,4.3494938221564015,13.339143755723915,827.2746697791697,42.33497613433485,48.41452150503192,66.05836002467646
13.190409453571798,15.64808517012184,3.758376169159233,15.786849672270401,641.0625898801546,43.607117907880564,42.209869742895314,35.30488626694469
15.5120678672107,14.670162724739951,3.5246048815177566,17.07621896680407,741.9565521620275,69.4708273656845,38.95912921160895,37.588811167028965
14.650263818794622,14.788963401644908,3.3600841938154553,14.48666563573318,1506.6399487395752,29.104290841194594,69.59610144553363,103.9043687325212
12.881406829943629,9.275572264148833,3.290933958302462,14.471618356503255,538.235253386086,60.80003111583644,37.87489418534034,11.227630369323283
12.738148182624824,13.04376711109614,1.920321707836386,13.728757597592134,1182.4438853420356,30.553445358238747,60.562107370369915,77.68456262299703
11.36187899246992,8.239725009211993,3.4157558964122163,11.481040698015727,1145.9124097224308,29.739975603580092,66.39801621525937,75.47944406752924
8.940311334757025,7.843716388259533,2.4873248497979255,10.200750909480513,650.4410945750902,47.060592005124015,34.35529627698405,50.567473280460725
13.849365899489692,11.861356890031484,2.0280690433315223,16.331810334193133,1043.909063550267,53.68512284922614,52.109081684265085,92.04199856259544
11.670072260183375,16.432469709296495,3.915182458198734,13.366886030212775,1357.8628249041155,55.51450465368875,47.2719945504094,113.12438653397525
11.45033307539381,9.09783464476862,2.307757679084476,12.624391696873296,1315.6618729201307,-0.5757970570432334,65.88624729664977,89.38725076632288
14.405564888835922,7.7749154709977075,0.07122163253725174,16.92059663517012,1246.5462788561128,53.23957809131506,61.12312846889843,84.07649819093463
12.080811307607679,13.659827225682378,3.1314535662039837,12.570839552204909,1148.2629736382714,31.35380929151362,55.693415053416444,80.93586307102004
13.382107968242865,8.119173182628534,2.394310956741838,16.01083554018611,1428.277808735834,55.836069182592986,60.185565530960886,117.88614609063671
13.64293675530617,16.459776961930334,2.5114863778237346,14.953613327180468,1204.2711451925911,35.71870448270096,74.05342380913766,58.77403197712829
12.821672539436893,18.714182552974588,1.5835704679076743,16.103299755922297,1128.2822216821423,9.737413883790055,53.7339402719569,74.67878544457372
12.486982030011628,10.901587029501744,1.760432388149199,15.086926189271244,1600.2157595768597,23.48971817476611,86.04973409372916,90.68759355219164
11.385914452069368,6.087308131474005,3.949140460058793,13.627930388136221,1017.3975060109627,55.77592861148009,50.4732402390603,58.72158645395069
12.709458093388253,5.813072509688214,4.413973885246461,14.59518460123454,1170.5508732671296,26.615416184425918,62.99276309988049,69.82524199275451
13.01828458515924,11.101733174777406,3.900394064693606,14.74552996172691,932.264674384581,12.047326708814667,56.58832300901243,46.812629215687565
12.501656151495993,8.830510957794216,4.250762488459729,13.712797642648724,1350.0999899505332,18.036854118453224,61.44041665999248,87.09641124508593
12.74986538009461,11.249452249614965,2.217318278106039,14.64181953134522,1060.1791285477816,32.5059761273668,67.04303433964824,60.15333724549516
14.781924544785342,7.403728259584674,1.8681814429912686,13.728375436303295,1150.9618318507016,33.915101767690494,56.45705089935154,75.01191727336173
13.778698046056832,6.506263842765173,3.10647669237908,15.703981227657561,1197.9380625217564,-3.5337312070284694,50.3395036988632,66.8336331312677
11.404568935179443,10.68177547372534,0.6615958067995851,13.626887888838231,985.2065545842183,37.38173956283843,51.50531124435106,77.0841679897856
13.297381876960902,4.437738947248895,2.5103810278661993,15.251370671781599,1106.7303690892743,17.828717406503092,55.04613199789177,88.13584541434297
14.989670889415907,10.37896677981687,4.439337074667865,16.007158164818474,819.4252501497871,21.163282018366626,46.581403359947004,39.00450304009975
14.237910215560298,16.946923891317727,3.7816400440018056,15.657254635830467,1040.6929420484687,1.755619505282947,54.86176190981382,83.6285675217218
11.35425776310724,10.734870067779715,3.9552686359209526,11.780389193635077,1046.9095198122232,86.58625739230834,45.91382622746512,67.22782074464826
13.166963932763148,12.664956749272411,1.9820960500405458,15.912891925431746,1247.8001029036964,36.47133897568307,58.82071306733639,50.67323764879563
11.766026020978162,5.64942033741697,2.208986083433838,14.842680705341733,954.381562967886,21.844482759213278,51.77706519675361,55.898706395612045
13.659069877294634,12.172117734721871,3.7828495698026354,16.479250579428527,915.3300707947297,33.267448793103604,45.94565504811744,67.28621752069651
10.158020369022747,3.86316293260854,1.6959215940972125,14.443600887581725,982.3783638588535,64.0466247147551,58.39399129111763,60.81299303334538
11.96933444968927,3.6699350133487942,2.069355169482288,12.118566315027195,1438.8683588791305,26.06032623348464,64.87676315093448,118.37972307056049
12.189069451716671,2.343457428711501,3.4947782504414406,14.347339101997662,1198.790335534741,34.81842723143026,49.22515083831726,66.87524017757289
15.041950321841696,12.311974429877447,1.2334099409842219,14.556760376818353,950.114731451635,58.862401051012114,44.87255694871267,62.04146340561191
14.739163052143859,13.283022244905968,4.294630945250398,17.62109880364017,1050.7451944532177,10.563866621339354,40.76340749235507,76.39481602869883
14.737615167946622,7.314614753341502,0.7157132015304851,15.861287226490028,658.1428968692842,8.529724893138315,34.69243755527316,33.07354825981654
12.666833251200673,13.360562685765451,4.254586625552164,13.531111596955421,892.2336764371073,58.238861330767165,58.62516749579575,69.82795230571041
11.76941306266489,3.8162487013922997,2.68244388374757,13.18774466386834,1078.9920179036362,88.20583241692943,58.71382750368551,76.60244030459738
12.703801075750045,2.2750965247358748,0.4212999357436404,14.93513541997247,962.2072711103889,25.115415406133415,61.65751185737782,69.7420149092942
13.2228249893648,9.712165505085364,2.134144649402105,13.584371779083261,1420.9829787484437,21.001566377827,73.23234350518902,81.21790827852988
12.057271710376199,11.79804455117492,2.395688809071262,13.074609236846825,1017.6981665244346,40.411640040752424,45.43496807014819,64.55742238933225
12.002316424170587,8.11805908836206,3.419323662921252,14.04077948027897,1665.5096581595456,31.853026334004717,68.12249027290969,129.07014313790475
10.07040252003668,10.651464482792056,1.4341950538487025,11.289202950199272,1152.7605684526693,44.82550272969089,57.659589852963684,67.41915774269397
12.304245411946498,13.397524955319366,3.380770871077754,15.443732496547714,856.4372753115489,37.0954994243499,44.3788139506073,42.239516210112015
12.139973779979492,13.213130667680332,3.6589057056984813,14.044029512988976,977.6084367409413,27.18344027621464,47.79186533936189,67.78032579357381
13.596960026926865,11.600694038649378,3.1241182085704207,11.895998402342336,435.38138793303557,45.16795286974642,35.41402550339178,17.178663979516738
14.619706684592506,12.074576331791011,1.8046394354711197,18.777385660540563,979.7226446396348,54.701331489084545,47.2726712544777,75.54699588937693
12.395011199566275,7.7907656737009265,4.4319977087209566,15.471377210824384,1373.1122709302165,46.21403913032054,67.16026509984091,103.41413472595187
11.708378052881024,11.03455094086411,1.088518100087284,13.520288194893109,1172.3657947248507,31.75837349952687,51.4012468101032,84.70574910979775
11.168263024437746,6.970692668759388,3.423851530831816,13.591838223939591,1002.3485710130296,57.26843173466184,61.95709621110412,75.25219286115588
13.270172710129373,8.313126088453057,1.2704387150889975,15.74045086860155,848.02188491124,36.26492793460817,36.93850982092433,48.82095087498619
12.195272457919726,7.439179001301808,4.0548399640743025,14.85953126483996,1158.2795095214585,17.25990179172407,55.996096288901015,85.33457354816582
11.523902093645686,14.544902718210336,4.00794372101703,14.622333568546383,1336.3627976946334,28.54004968336781,61.33348459087674,100.51513215040937
11.70971062340916,10.787821198498403,2.8200227966342757,14.226684830091305,890.7606574766555,25.851733525270564,43.22083303481594,52.38381542647906
13.777300735996116,7.721550979530742,0.19865527611097167,14.11462484421731,898.283773307082,67.15804390626386,36.12761855884406,76.62285015572796
13.244587875445413,17.345135575987676,2.272071947685115,16.98070276222932,734.1030136958633,29.36108446046185,42.52035988108498,59.68948660381143
11.660763760915813,8.249013246048468,2.324819182413949,16.17023268770915,1014.4274697227247,56.47235591826534,42.70265624455193,60.592765684707416
12.505265382686456,15.645373312636245,2.465465403471093,15.794303326671473,819.8058743530732,50.50559077795041,36.59432674820269,61.5100198415863
13.261423493071005,16.38461664347595,3.9302144567928954,14.52470917021326,656.4718607653705,19.224455668659587,31.167176466305218,30.113917758779372
13.981018497616379,14.564661474364787,3.7277805134968323,16.5134523644276,518.723753899978,54.197462321421995,31.69568475123179,37.74047184668463
12.754606384852146,12.136544919063502,3.618898498820937,16.409543602236297,1374.7309399455776,34.04856792698892,66.51819292052969,93.76463781964407
12.798552926528409,6.975900114812157,1.1451307754307538,15.327189587867371,1294.193086145279,28.107695639997086,68.01192832534221,88.14985926427772
15.85203559361138,7.8839808665402815,1.2640112970717647,17.669097946398008,1454.7975984139575,-5.603741306176466,70.12164937286364,110.81144874415891
15.53901996124982,19.848382720243162,3.720022988369796,16.076064783719907,533.5256357182715,9.545024405334628,31.6706305547087,39.26150154849204
15.006014836601462,9.113753928679136,2.740410903356654,17.871089281692385,1424.1937379949863,10.724506590628637,69.39884439666739,83.25735575856488
13.043430967140688,8.98197739994186,6.28808434401379,14.624567110567101,1340.1568373427563,57.76969812510517,74.42739053355686,83.24685720267004
15.437234184003731,11.1836454176709,3.7613326750532154,15.781268918929714,817.9782701974768,18.008201433215923,47.728849614946306,47.37813373570348
10.586242503211,7.485659091479324,4.26063377222118,12.974221545959995,725.7798887728845,14.5326127310162,38.5602599894062,68.036345120958
18.20840402053731,10.269537336569154,-0.914785378463641,19.518987232507772,979.6777064380475,12.00133437173027,50.17604925993655,77.92933905991741
13.028511496279489,11.639252344886271,0.16722178161204332,15.632591158157696,672.8016052695449,72.76561295255317,39.41789568936155,23.488573426249584
14.995295150449927,13.145085787666046,4.319792561749699,18.265245881194495,1066.7818507114503,-12.396594031352047,50.33399122697108,65.62889106827069
14.153614043180895,10.288815596156583,2.530521832150272,16.891709202820916,707.6970025501882,70.25701290003552,41.348536446028916,47.16639384706577
15.16000902009954,19.60016615786845,3.480268129687221,18.259600808216796,642.7064827968411,7.697053419509029,28.953930396416034,31.833171828900046
9.426905688343503,9.469442625615438,3.5226237505979396,8.70376601832223,933.2169655540804,1.0803378871606906,41.98570474378865,61.13822432024267
15.097550460572187,11.241721568962056,3.240880411609389,17.96338134819104,1235.7657122134701,42.17746904037629,72.88663911489064,65.48640401839721
13.052790661417264,14.612878118946432,2.329730789453119,13.869100030300393,1107.431366352547,17.84605607956659,59.90334857574118,70.26811234247265
15.630221169261638,7.199752431734508,3.557782175425629,16.191755184932966,983.9341313384326,7.585539559230041,45.956320274747405,86.54429678929097
15.239426802679262,10.824006792713126,1.4670759237310689,17.29197994841712,1291.257867013483,59.53461055593391,56.62557667547064,80.82773571353249
14.7193776620718,3.284638592621084,0.883986099895876,15.080776349447284,832.4397088473388,23.20979127740984,35.22192907521736,60.39786364400628
13.518199561546929,7.185664397678265,1.2476525678954131,14.897445806645647,735.561942990291,104.46349979103377,28.089360554284482,44.6063725326807
15.10480686192879,7.560375183494003,3.0632669239396444,15.377420040577915,1110.4861410137144,44.404110577737875,56.80513445193799,78.83458737272872
13.330941820987128,4.46721942295239,4.650660216867953,16.71952108625305,1048.684831390894,45.49703519617907,68.17266486303294,60.67791294513974
13.442693706941673,12.142570664811693,0.7837116411153894,14.95610643010209,1130.984543446224,44.88241404202058,45.67911569180203,83.66694425645869
10.636310727876797,7.322464845570443,3.0005781543628895,13.770426289946785,444.20065935660745,34.48111022434135,21.504642041120288,31.279506771299445
14.202047254748962,6.25336242882682,3.926730641492612,12.9883755226993,964.2150580842433,29.85418710598891,45.64280472894559,61.97621516227821
15.2844796006182,15.290519979610233,-0.04302614651010556,16.68189547395207,1376.6033775639635,65.36912214663292,67.13648148850287,80.2904454464427
15.70309581824274,8.690679688668673,2.216027141680437,17.396317040286988,1370.3336241391505,41.579686758943254,57.55310323466757,77.8080306656879
12.547662276242505,14.227650955534118,2.6291454919309,13.431219259187351,1250.472991257377,62.52517619498892,57.788689222333964,83.75894736938972
13.778512316178853,9.261075657546346,2.6096555524849685,17.274814955367134,1639.4961828214805,64.73595921042146,74.9433710141419,126.98304936284349
12.085075070691941,16.42038754770696,2.0042921775575757,14.719844741187051,1060.1133896968438,45.51350195681327,59.46547078918952,56.787981679618724
12.523249582498945,13.718551927222657,5.978979284008722,14.883345450026631,529.0445708977458,20.529553240537357,38.85046125090692,31.04567126642492
14.32111879565582,15.374344715330135,3.3874592360242612,15.321682463564631,1055.0955749317116,74.994189845621,39.834447513405635,52.36113987853599
15.483292890753773,5.561998092367955,2.886793184733405,17.590243258993276,1258.3000844161415,27.860326375817074,59.58344979286184,84.47056028747487
13.034140121947868,11.18727900703128,1.7852682054787992,17.623388156931426,1171.5985425380754,4.0254013228528995,51.54870614332098,93.02223333502185
13.85059340871684,13.092873078507175,5.307977686440142,14.95286157645907,370.840043724747,80.7697071472105,1.7445253440986441,28.682803636557715
13.94367783135264,19.151250320975418,4.695186612493719,16.171161238603382,1181.8665061752076,10.823316453988436,61.733351768852465,81.44099732723222
15.209445683181658,13.925772968196709,0.489505574045885,17.7461858668775,247.5318686205111,59.05870743681879,22.022802554885473,-4.352600869404238
14.796022390789465,12.699355792981551,1.201260926082067,14.553001063768013,1189.0331341432056,20.684763360216404,52.37994653461141,68.32569535211745
14.57530145001876,5.181803374487629,3.231989902817271,17.238294847198716,1240.2799069888226,29.75053296683363,66.44996701017939,81.49866397362084
14.279612248365423,13.850078271905943,2.000122105631531,14.462059598269828,1334.0287953639715,14.186331153950963,55.769166526068844,90.23325125748867
12.520992618693645,12.603881763603805,4.516130060684567,15.30424939215339,1139.5879470162074,25.081629422592762,66.59506090712975,60.400114818320894
13.10606365182638,8.05654550305973,1.2882434790475905,13.134611152954152,571.3675692695169,36.32134060730849,36.503755943773925,38.716715519748895
11.801911148137249,12.461445601571187,3.697518799801135,15.039497310491205,531.4701699031455,3.4948578849988174,23.3942210910551,32.16153307748339
14.239893791897847,18.10948983634541,4.373487360772453,15.444229920239776,1056.9186362884152,74.53401358115227,64.70902789303015,93.32420902826375
14.886633377137343,11.90338411413766,4.38312568013657,18.402413557721665,953.6313432225095,44.38454874404841,49.3930763972003,67.98099614831035
10.778697686478125,15.622501098447108,2.3752567723498688,12.571461580873304,1191.453445328495,79.51104245937667,55.534150886840784,82.89791496330527
12.634194241068183,7.1130268355734945,2.3025941080401364,16.626513506439,661.0259441936603,14.576342050199314,39.783109395812005,45.639471562716224
11.01078999060059,10.9945887270436,3.6565227371200804,11.022611330197277,1245.9468469013343,51.09230041761721,62.68927000633823,88.8645776282053
