Brix,TA,Firmness,DryMatter,K,Ca,Mg,P
15.6156146179402,16.375223577235772,3.1544181034482754,15.994230769230773,1147.5454545454545,11.58536585365853,60.50465116279071,87.27488095238095
9.164930555555555,7.755197368421052,2.29905140758874,11.613580246913575,595.5858695652174,48.759522313010685,41.186377708978334,60.6266106442577
10.84404924760602,11.165966562173455,2.0143127705627695,13.608187599364072,733.4910299003323,40.76880616174582,41.14555921052633,40.31041666666666
15.06578947368421,16.403634301270415,2.063767613750519,14.100000000000005,1414.7337821297428,27.291129591129582,56.419365721997295,72.07256347256343
13.555780933062879,14.012298387096775,4.811597222222221,13.798640350877195,811.5585585585586,33.85882882882882,38.7375,34.026339285714286
11.476529160739688,12.549762145748984,1.8678794178794162,15.495048041389508,1465.4507936507937,26.678263988522247,62.641544477028326,85.40077399380807
12.450000000000001,5.267923076923079,1.4789583333333336,12.554924760601917,1061.042105263158,24.335979729729736,38.86722972972971,35.53653250773996
14.788865546218487,17.692518939393942,3.5906675906590446,16.909359605911334,1265.1310606060606,34.81998577524892,58.448611111111134,75.5323366555925
16.039473684210527,13.667968749999993,5.592543859657896,16.377094594594595,1300.12673992674,21.738235294117647,61.100256410256435,82.63338235294117
14.30691056910569,10.681650326797385,3.3847402597402603,16.91423611111111,1278.138888888889,35.429642857142866,60.67916666666668,84.46068181818177
13.287339971550498,9.645515350877194,2.6930930930930934,15.011498257839719,1416.1797909407667,30.27314990512335,62.90127334465193,89.7284210526316
12.881578947368421,10.803864709851547,1.7753928346951602,14.336772983114452,1736.7285714285715,47.84078431372549,54.29445822994209,86.71217105263162
11.660575858250278,6.505374180083479,0.6958411507192006,15.492719298245616,538.1826923076923,42.41583054626533,44.827364864864855,70.52457786116321
11.460254372019078,6.860227272727268,1.559848484848485,14.10909796893668,1023.4267676767677,32.58618745595487,37.6656906906907,51.32529411764706
14.662162162162161,8.219791666666664,1.5629742547425478,14.638318965517241,1159.1122031122031,46.0692857142857,66.88277511961722,72.75798949737435
10.477430555555555,7.358173076923076,2.4616279069767444,13.155013550135505,829.9392857142857,19.996901779828598,41.65648567119156,43.49908088235296
11.637788018433179,7.972039473684208,1.4847167325428192,11.636753305973546,889.0190476190477,42.301044932079414,48.401907790143085,55.93378378378377
11.247863247863249,6.893097165991905,1.1541866028708128,15.665740740740743,896.8301158301159,23.879570747217812,44.695639097744376,27.611931443638753
15.259126984126985,15.088942307692314,1.8778431372549003,14.367329545454554,861.3064516129032,12.970000000000002,38.87830907830906,58.61794871794871
15.111764705882353,5.524010318949342,1.1551619433198381,13.828904428904428,814.7706093189963,69.37999999999998,41.60625000000001,66.48942528735631
14.3125,11.997130566801626,1.8844017094017094,14.580303030303032,1791.3897435897436,73.34277777777778,103.31034278959808,98.7466935483871
12.13888888888889,7.0583701188455015,2.257441860465116,9.690416666666671,1036.261041529334,44.64013157894736,44.8991452991453,45.550754147812995
11.544117647058824,12.58730972515856,3.8161764705882346,13.205426356589141,771.0410256410256,35.38312458800262,39.8433811802233,52.18097886540603
12.976151315789474,8.577076480263162,5.031165311653116,14.533888888888898,1496.3172413793104,138.5233333333333,94.04055555555553,115.7752027027027
13.796380090497738,13.48935897435897,3.473214285714287,10.814221364221359,1312.4514066496165,48.61396825396826,57.12871080139373,88.91111908177902
14.194444444444445,12.767502164502162,3.3240842490842493,14.368536585365856,703.6213662790698,11.507142857142856,47.42623599208965,41.82666666666666
14.382978723404255,14.207960526315793,2.8210740264858796,13.544407894736837,996.7489481065919,53.504480998298355,54.04000000000002,85.64460784313728
13.028541226215646,10.31158569500675,5.063035714285713,17.47042337507454,1577.7771929824562,35.98256410256412,60.616625615763546,68.64877450980393
14.393818849449204,12.73394917582418,4.4191729323308255,15.137943595769693,521.9914529914529,33.33496621621623,41.548214285714266,37.158359133126936
11.501367989056087,2.700480085348503,2.102373104812129,15.062545045045049,970.0188933873144,25.01038759689923,45.10059630292186,71.4458646616541
15.166898954703832,17.995263736263734,1.8011511511418927,16.976379974326058,1122.2239467849224,48.53355311355312,50.4170731707317,85.66833333333332
13.665384615384616,6.1425,1.5537372147915027,11.775188536953245,783.3801587301588,44.66747311827959,33.66931216931215,49.08434486670452
11.876190476190475,4.518867595818816,2.474891774891776,13.930070921985818,933.0,47.8695238095238,22.00474358974358,44.66071428571429
13.839963280293757,15.688353658536585,3.655555555555556,18.32045892169448,1342.1221033868092,11.963122171945692,61.96547619047618,76.79867109634553
12.538651315789474,8.51328247602441,1.725424981522542,11.904380475594499,1045.3075657894738,44.87086247086246,46.618055555555564,51.237569676700105
9.979960899315738,9.233438057041003,-0.5667063491968263,13.923979591836734,948.463594470046,23.701651651651677,48.63124999999997,31.43680445151034
12.590755735492577,6.556760979729731,3.962543859657896,13.078738738738732,958.4791666666667,44.84533783783783,47.487692307692335,75.3686868686869
14.342105263157896,9.169999999999998,4.181641123863983,17.69371345029239,1082.4628879892036,24.564542483660134,60.79534883720931,90.16496732026143
16.182848837209303,13.851598214285715,5.65043604651163,10.541209677419355,1449.4968253968254,61.270454545454555,73.97352941176472,98.62727272727275
11.45138888888889,4.84642533936652,0.14399766899766875,13.522407407407412,419.847972972973,37.95860832137734,45.69532163742692,27.30782361308676
14.078947368421051,7.704951018808778,0.6137499999999998,15.682104377104377,738.8904761904762,50.264780405405396,52.582291666666684,63.97866880513235
10.438492063492065,11.58155405405406,4.147407407407407,14.609236111111104,756.6739130434783,72.41842105263157,45.98720430107525,58.298243243243235
14.627708978328172,7.3075694444444395,2.4973193473193476,16.929298245614035,1020.96336996337,53.24961240310078,64.45238095238096,66.841981981982
12.874039938556068,13.957280701754389,5.019168356997971,17.27853192559075,1179.4805555555556,43.250836550836574,38.27096032202413,67.83447293447293
11.033882783882783,2.7286388888888915,1.982846003907894,15.891424682395641,630.4724495362793,17.25841325196165,21.952913752913762,34.33174342105266
10.983722358722359,2.257882751937987,2.969407894736844,10.513529411764706,608.4872122762148,-5.234356725146178,30.42669172932332,36.262623599208965
10.10357142857143,7.091467428967429,1.2354529616724739,10.584343434343436,1026.8628389154705,31.618918918918908,33.92684684684684,50.59219269102989
11.824324324324325,10.406603016688067,2.7845118374368307,14.22228070175439,592.9773139745917,11.454142441860466,49.64872665534803,84.16771879483503
15.626819126819127,13.369001349527666,4.776223776223777,13.929761904761902,1142.8421658986174,16.139677419354836,49.986111111111114,92.75448717948717
12.195207892882312,8.847344804318487,1.1060975609756083,15.650829054343179,817.0791208791209,22.02352285395763,54.459601706970126,64.21680911680912
14.589351285189718,11.47409577723378,2.0354907539118066,16.776475216365068,1428.8396825396826,60.810784313725506,52.92522746071132,81.34223057644112
13.899841017488077,5.921090909090909,3.8586682427293146,11.797427113702632,919.8571428571429,14.95167701863356,45.70897058823529,64.7595238095238
10.592857142857142,6.581946386946387,1.2328947368421053,9.646401985111662,852.1757105943152,64.07999999999996,36.199999999999996,15.360883620689698
12.599415204678364,8.324480519480524,1.8609756097560972,15.520670731707312,1101.2195488721804,24.465789473684197,53.42772727272725,96.30549199084666
13.761111111111111,9.80019736842105,2.4788919413919417,14.218114035087718,1144.3683218101821,49.92359614293818,65.62914634146344,74.89565891472873
10.768939393939394,7.793458593306859,0.8656578947368423,12.728571428571426,1108.6216216216217,38.615731115731116,43.124137931034454,57.8164404223228
13.934731934731934,13.500566770186337,3.434138257575756,13.763530465949819,1203.0897832817336,23.2,37.05112781954887,27.578308823529426
14.019616390584133,7.674208023159636,5.688749999999998,17.096875,495.0321507760532,164.36380090497732,44.25333333333335,33.11885775862071
15.47069597069597,12.335629795396423,3.016865079365079,16.571436314363147,1255.7674074074073,38.03568872987478,60.70122850122851,82.117199017199
11.742424242424242,6.680657568238212,0.8776982707215262,9.690416666666671,802.7933227344992,44.86773255813953,43.301388888888866,57.438989441930644
10.858108108108109,11.655274725274719,3.793225480283115,13.30039608574091,591.0350877192983,46.831666666666656,30.296990171990167,41.64639097744358
12.971685971685972,9.41407867494824,2.5532520325203247,14.823191214470281,1638.6933830382106,45.058881578947364,85.8065977742448,111.02355400696862
12.537606837606837,9.550574324324321,3.611982570787582,13.146768292682925,1005.7135862913096,51.98333333333335,68.24666666666666,33.0626984126984
16.33459162663006,14.08492746288799,2.4947749808867274,13.180804953560374,1305.6784897025173,53.739024390243905,53.23844594594594,83.75061559507523
11.01736111111111,9.86433624801272,1.8873405103755985,16.461255858836505,863.1232114467409,15.731973684210526,32.521645021644986,48.696452702702715
14.120554765291606,8.638106460118657,1.1091269841269846,14.98447368421053,1056.7051762940737,48.49868007542425,46.2069841269841,74.92892720306514
12.189189189189188,10.985048701298695,1.0041666663333328,14.823191214470281,1238.275960170697,26.971250000000012,87.62414995640799,110.72017738359203
15.166666666666666,13.65817847593583,4.97174185462782,18.5430303030303,1663.5228267667292,51.68571428571432,76.17222222222227,113.40433244916005
11.548832923832924,7.506717638691324,1.3862281976744182,9.411627906976747,959.0512820512822,37.39166666666667,44.15335365853659,55.80008190008193
11.0,7.844866512854317,1.2957160342717262,11.866140350877185,1274.159090909091,39.12147435897436,48.69166666666665,51.09336349924584
11.583333333333334,7.156069264069265,1.476722873900293,14.53015037593985,1161.128947368421,39.82560455192035,34.55328898743532,53.08452088452089
11.678036175710595,9.567787679799874,1.5667813216679167,17.338785189718486,935.271978021978,15.310461956521738,53.42972972972973,21.179933110367877
13.018199233716475,13.721250000000005,3.357499999999999,12.617954366640442,827.246511627907,35.18754480286738,40.589444444444425,33.93267441860463
17.54798387096774,15.327329105003528,3.7713235294117657,14.67133878064111,1203.7823529411767,57.80256410256408,55.77083333333333,107.28977932636471
13.371428571428572,15.078114250614247,3.3143939393939394,15.520170454545454,674.342377260982,39.32426545086119,30.303118908382054,60.30764705882356
14.398246951219512,7.784765625000003,2.048966165413534,12.434959349593496,1068.1951219512196,48.006696428571445,59.03369963369965,75.68216374269005
10.455882352941176,5.303435672514622,0.8792124542124546,15.703413217138717,789.7217741935484,52.913823529411765,47.19724358974358,49.692535107169256
15.955882352941176,15.133629807692301,0.8819047619142846,19.237045454545452,1126.9607142857142,41.650392156862736,58.232500000000016,58.69194444444443
12.153571428571428,10.704327485380116,3.28743936244837,15.332905982905986,701.6427432216906,36.9975,39.96019607843138,29.973333333333336
10.359243697478993,9.074268292682927,0.49750000000000005,12.251324786324782,750.5382882882883,38.8895701198027,50.53935897435899,41.581961030798254
12.231781376518217,7.859902389277386,0.6137499999999998,14.036734006734005,1005.7494505494506,31.48530092592592,48.19166666666667,56.02704318936878
14.867660764212488,15.422086903304768,5.088035714285713,19.285037878787875,1386.017094017094,61.47926739926741,105.26621621621622,87.53580171358628
11.321637426900585,12.634429824561398,3.483996212121212,16.35159118727051,986.8684210526317,-10.929743589743602,49.83588850174216,68.1599681020734
13.739473684210525,5.625351782363978,2.276315789473684,13.750549450549451,896.3303303303303,45.605925925925916,34.76060606060605,43.86713362068969
13.03050193050193,8.314875939849628,0.020906200317964085,12.33194444444445,609.1040723981902,37.10193050193051,53.152173913043455,54.69807692307694
14.287581699346404,12.803397435897438,2.7505787037222227,16.933684210526323,929.5689900426744,29.646153846153844,48.57107142857144,68.63143274853803
15.387429643527204,21.308179442508713,3.4232007575757573,13.344444444444441,704.2279411764706,44.77508445945943,42.94458874458875,30.93680555555556
11.971428571428572,7.003982630272957,3.662647058823529,11.76020757020757,863.5625,27.385833333333323,55.413371266002855,51.800772200772165
15.862068965517242,10.535560150375934,3.3743128964059212,12.428571428571436,1149.181684981685,31.67868421052632,55.40611111111113,78.20931372549022
10.386038961038961,8.705445736434108,0.7845807345807345,13.73210573476702,858.1778093883356,28.73471861471861,48.2102564102564,55.804273504273525
16.39984101748808,14.979062500000007,3.8216666666500014,13.14827586206897,1197.149806949807,41.63023809523811,39.757515598411814,84.49750915750916
13.865384615384615,12.397499999999996,4.143915343896827,14.574256756756753,1072.4767441860465,29.492342342342365,47.97774774774774,49.82214285714287
11.98108552631579,7.978274147727274,0.8662037037222223,14.846612466124663,757.4857954545455,44.147222222222226,53.891353383458636,56.333897110641296
11.053549571603428,10.696075581395345,3.2089733542319765,14.141888825865005,484.9206730769231,161.01457489878538,36.02362002567396,58.661379800853496
14.450000000000001,16.11256250000001,2.7004283965728275,17.053263888888893,1317.6550116550115,1.18888888888889,54.12380952380953,106.4572932330827
13.848039215686276,6.556381944444439,1.6262820512820517,13.416927453769569,990.9356725146199,53.4102564102564,52.53017292784738,61.00129124820658
11.0,10.915069444444448,4.559864864891891,14.730716463414637,858.246511627907,21.45938438438438,32.688571428571414,65.68999999999998
13.5,8.414423423423422,1.572977941176471,13.16066364152013,1087.0,57.041634491634504,43.40214352283318,53.5747678018576
14.72972972972973,15.56239629164047,3.415653235670329,14.676883116883115,1300.5221445221446,58.41035714285716,81.26371621621625,98.37607655502389
12.195820433436532,13.889180761099365,1.914548726475084,15.460526315789489,852.0240274599543,16.064285714285727,58.82206349206353,97.79437499999999
11.799999999999999,3.7236097560975603,1.6578716216216216,16.46525900900901,731.3565891472869,23.645714285714288,37.60190779014308,51.69805555555556
13.678978978978979,12.702624831309047,3.2260221760131658,16.92416666666667,1291.2480620155038,34.334149326805395,58.824809424809416,88.18820512820514
12.071428571428571,3.8025065919578127,0.10790335790335837,13.081182033096926,625.4992424242424,40.048311688311685,29.649482758620675,38.866130952380956
15.942857142857143,14.823353281853283,2.3364630467571654,16.951981351981352,1458.6666666666665,31.630427201394916,44.552374839537904,84.5625641025641
16.42970822281167,16.912537006578944,3.100213675213677,16.630371660859467,1074.5529556650245,16.139677419354836,52.82200854700855,82.09798850574711
14.773809523809524,11.700961538461538,3.4074421513445903,16.608690702087287,1097.6756756756756,10.591329787234042,48.798095238095215,57.116710526315806
12.776942355889723,5.512611336032388,1.1468749999999996,15.174617249645856,786.9282296650719,38.93173076923079,54.53182374541005,59.0385499557913
17.036199095022624,15.146601412066751,4.242471358428807,15.99761904761905,1181.1533613445376,23.266434176111606,59.394444444444446,59.299509803921524
14.300657894736842,7.215035714285717,4.322564424890007,16.013310810810815,1244.2386554621849,23.642391304347868,77.04473684210528,117.55931818181821
14.354621848739496,10.360416666666666,1.0615465465465452,15.527792869269948,1063.0,36.30214285714287,62.38052668052668,62.57138888888887
11.655048076923077,10.1548133640553,1.8644401330376936,13.992972275951,878.9128289473684,48.86858974358975,49.03180555555556,46.97411858974359
15.296875,14.449802631578942,3.8791973791973793,18.84468641114983,1218.645256916996,35.75421052631581,67.1718834688347,89.09793650793651
11.460526315789474,8.21839024390244,1.0665634674922597,10.851282051282041,754.2562499999999,42.981334149326806,52.110256410256405,66.21229946524059
10.233285917496444,9.42489035087719,2.0830236486486484,15.800069686411154,1566.576397515528,61.349523052464235,61.3759600614439,90.15092105263159
12.349190283400809,12.884851551956812,3.67486772487963,17.01333333333333,535.8858695652174,36.19124999999998,39.640120967741936,20.42798092209857
12.142506142506143,11.541537227214388,3.86066734074823,13.5475,838.5498602050325,24.30924112607098,28.9251221896383,60.14062901155328
15.0,3.8587380382775116,3.0868528027824143,14.833697047496782,1103.8920634920637,34.91663837011883,55.232102272727246,86.84209486166004
11.233179723502305,7.746227272727275,2.158035714285714,12.784093567251452,788.7272727272727,40.821875000000006,58.71851851851851,70.73388888888888
13.424922600619196,12.090384615384615,4.3936688311688314,16.910644257703083,1378.6996904024768,33.86396825396827,49.506446886446916,93.78170731707314
13.193486590038313,8.183854166666668,1.8997348021303553,13.225892857142856,868.1785714285714,53.72063492063492,35.3713995943205,70.86825396825397
14.286872586872587,14.911175249169428,2.11405315614618,17.733333333333327,1304.0889894419306,46.431190476190466,75.39914304548452,99.55039473684211
11.662162162162161,5.2578030303030285,2.139863547758284,15.26506967670012,730.8460246360581,32.60828445747799,32.194285714285726,35.63963824289409
13.02376910016978,7.291142314189187,2.6287298387096776,13.792256410256403,1028.371794871795,38.615351506456236,29.322222222222216,61.99749999999999
14.782851817334576,6.962803030303027,2.09609250398724,15.032826086956526,617.2419056429231,8.351482213438764,39.42000000000001,43.91129129129129
13.678475033738192,11.306344696969699,3.3012899262899262,17.476167076167066,1320.2868217054263,37.47991452991453,54.694473684210536,89.91270676691724
11.834084084084084,6.367660427807483,1.2984848484848484,16.81206140350877,739.3947368421053,38.91022727272724,43.055449735449734,49.21699857752489
12.396074646074645,12.622109374999997,3.2560298102981027,12.452927927927933,598.9797297297297,29.370952380952378,39.27707390648567,41.346381578947366
11.384615384615385,7.813773826979471,1.5382751937984491,13.402128378378386,846.1042471042471,42.092499999999994,41.27836257309942,48.044871794871796
10.542417417417418,6.596022727272726,2.1949675324675337,14.315062656641597,807.4077586206896,39.52499999999999,39.76416666666667,41.42209302325584
12.033333333333333,6.566637214137212,0.7059210526315789,13.536263736263729,923.3365079365078,55.24590909090908,44.571428571428584,49.139515377446436
10.205882352941176,4.887193347193347,2.2833333333333328,12.002568922305759,490.7369458128078,28.30370967741937,39.18811544991511,59.24665071770337
11.6004851004851,9.139964646464646,1.8204836415362735,14.233237547892712,640.244391025641,15.259262672811069,32.1501893939394,38.13266253869969
8.650809716599191,18.61617147435898,4.22825581395349,13.194804369918693,686.3266129032259,33.406052631578945,47.03134920634922,50.79075391180655
9.391812865497077,5.782026515151518,1.7928592725104358,8.153209459459452,1281.9411764705883,55.15237804878049,50.7422619047619,68.72422413793106
14.051587301587302,13.644974696356275,3.1724358974358973,16.42801843317973,1011.2948402948402,30.64804031354983,49.27166666666665,71.36886363636359
13.127232142857142,15.595506756756759,2.4634358288770057,17.818829049367604,1171.713157894737,51.08626444159178,76.61577777777777,87.50996168582373
15.617647058823529,15.17158862350723,3.28880662020906,14.511842105263161,1022.9405772495755,33.85641025641027,68.50539682539684,89.47592905405402
11.083982683982683,3.579824041811846,2.6460402262727842,13.752557396105782,632.2543859649123,29.657142857142855,27.69782282282283,39.00960960960962
12.950166112956811,7.88989502583979,2.842155172413795,14.473223514211883,487.8812709030101,45.82788051209104,37.240206947524015,8.625535880708284
15.392371995820273,8.579842342342342,1.9904545454545455,15.476456876456876,1300.652027027027,39.36655844155847,82.09905869324474,88.83391941391938
7.631535947712418,5.705219987429287,1.3537244561634798,15.316309523809519,588.4662618083671,23.521956224350202,53.830094466936565,54.9900432900433
13.311877667140825,15.609985380116957,2.224248120300752,16.212222222222216,1508.118881118881,20.499183303085292,57.00993902439024,87.14797794117644
13.328968253968254,13.152876196990423,3.87518556005398,13.876363636363633,855.2523219814242,48.09307359307359,35.99534883720929,73.9698245614035
15.108974358974358,10.270502136752134,2.805952380952382,20.12896825396825,1546.8040935672516,66.00867021276596,65.6661290322581,91.74169354838706
11.741258741258742,4.699573170731708,1.5463775510204085,10.560101010101006,678.1578947368421,31.134981684981682,15.750871080139369,49.775263951734566
10.460470085470087,10.292271021021026,3.5189927732610657,13.084265350877185,909.7915601023018,39.02105263157896,46.26281833616295,55.789076576576576
15.67543859649123,9.309602102102103,3.62754629627778,16.38805555555555,1053.0213675213674,45.25444763271162,47.22868217054263,98.41055555555555
12.679310344827586,13.39406250000001,3.716951219512195,14.087332454405626,729.7706495589415,11.55436507936508,38.82333333333332,39.94525641025641
11.732692307692309,11.398518711018713,2.8331081081081066,14.65694444444444,533.81875,32.715833333333336,26.157499999999974,57.34066985645929
12.954391891891891,8.37623611111111,1.5966269841388891,13.468318965517248,1414.3141945773523,25.78,54.92853535353535,78.26612903225804
11.923160173160174,7.798624393624397,1.4988888888888874,16.77472527472527,1413.2916666666665,23.257828282828296,89.10311355311353,112.00841698841694
10.023026315789474,3.7179843750000003,1.472675521821631,15.938124156545202,893.5380067567567,52.74449204406365,50.727777777777774,55.37202462380298
15.862020905923345,15.238411295911288,2.6581395348837207,18.794823705926483,1275.1661211129294,44.71463963963966,53.616005471956214,76.67368421052632
14.15375939849624,7.034124999999996,3.164162194394753,14.802916666666667,959.7095238095238,30.628571428571426,55.541025641025676,81.60007722007725
14.71592775041051,7.692039473684213,0.6914502164502172,13.616068376068375,836.4184829991281,25.77913165266106,31.6885135135135,48.87106261859583
13.783063427800268,4.7502472899729025,1.8353009259259254,13.930382775119615,965.6994949494949,8.27640067911716,33.43628378378375,35.433181818181815
12.141397495056031,18.520528455284563,7.58594684385382,15.35233870967742,642.8972701149424,-12.370232558139541,41.33556876061122,55.71869918699187
14.12719298245614,10.827532738095236,3.9474039829302994,17.37103174603175,1369.7914067914069,44.865853658536594,74.94201680672268,87.90208333333334
11.256818181818181,6.053122469635624,3.355799373040751,14.401266780109667,646.5757575757576,30.921489782465365,45.27692307692308,38.167140825035546
12.8125,13.100375939849622,3.46015911872705,13.72712022367194,663.4960806270997,42.16698924731182,32.80924242424245,33.60722689075628
11.428819444444445,15.771480186480186,3.5667658730158736,15.715740740740745,810.0135033758439,-12.582258064516147,46.24808558558559,51.499999999999986
12.11780905752754,20.319270833333338,2.043708425720621,15.622820512820518,938.9625000000001,28.531578947368416,40.51009957325745,57.99122807017544
12.56146572104019,13.83317812269032,1.6785714285714262,17.27325581395349,814.3474692202462,31.082558139534882,47.746696696696716,55.921929824561396
12.592241379310344,6.777080419580418,1.0397435897435923,14.913124999999999,861.1321388577827,37.57642857142856,22.626318774815665,42.18121212121211
11.159474671669795,11.178205128205127,2.9757558139534885,14.585590277777769,664.3339658444023,60.81033834586466,41.13111111111112,29.890509113764956
10.119327731092437,6.161357142857144,2.211824324324324,12.132565789473684,872.6666666666667,26.146874999999987,41.843304843304836,59.53547619047619
16.616246498599438,13.322291666666668,5.909686609696582,13.897142857142859,1263.8305555555557,26.728818998716314,45.97083333333333,90.6404761904762
11.237691001697794,9.888011363636366,1.7913292847503368,9.07597222222221,1182.1993464052287,47.072500000000005,51.83696236559141,65.48505747126438
14.255263157894737,9.149750000000001,3.0304675716440435,14.880512820512816,1113.1571834992887,60.66065040650406,58.13986062717769,80.18761904761905
11.152255639097744,11.385707070707072,2.7828103913630207,14.900614316239322,597.4570707070707,37.15764705882353,34.506862745098054,39.479147286821686
14.867872807017545,11.883026785714291,2.1406451612903226,18.373897058823538,1622.425,20.532277992277976,79.22162162162167,115.1513513513513
12.180555555555555,2.5005263157894744,1.611283376399656,9.577777777777783,664.3,50.855148005148,32.402639517345406,42.29470588235294
14.147819660014783,15.06093089430894,3.1578869047500007,16.44839285714285,1155.1098339719028,40.809539473684225,56.419146341463446,83.8363711001642
11.064935064935064,6.003552631578954,1.3873885918003563,13.714358974358971,895.4594594594595,-11.956067588325666,43.640853658536585,53.8559510567297
11.214285714285714,5.896144425675676,1.4615310077519374,14.401611587107299,734.165318503539,50.56578947368421,30.85671191553545,38.3358783783784
16.458653846153847,15.36517794221283,4.7332421340629285,16.352353942144074,1233.125806451613,49.52589743589744,56.14027777777777,80.07310167310169
15.827067669172932,17.573839285714286,2.0867647058823544,16.377485380116962,1252.9298245614036,18.704752970606627,70.34094117647057,93.69885057471261
12.483882783882784,9.095465811965813,4.5358552631578934,13.807942039618483,718.9487179487179,15.259262672811069,20.327272727272717,36.10030959752322
10.807692307692308,1.70819767441861,2.2678229665071767,13.839682539682542,650.0005302226934,45.43636363636363,44.94845201238391,49.763750000000016
15.397089397089397,13.046266917293234,4.335155195690286,16.673910840932116,1397.7725563909773,19.285353095030523,59.49076227390182,95.85833333333332
13.402353966870097,7.383271692745378,3.189126559714796,13.122649572649575,1114.6805555555557,49.358605974395466,51.29698169223156,64.63249158249158
14.976325757575758,13.601240418118469,3.385317460305556,20.88380952380952,1523.5175925925926,18.05578947368423,56.21852134146342,112.23283208020051
11.39391447368421,7.06766129032258,2.246371951219513,14.910480693459416,877.234738372093,31.741025641025637,49.58581196581198,85.27209653092004
13.771337126600285,13.630175438596494,3.5851874003189796,16.651595744680854,1467.5897435897436,39.84073260073259,54.22646276595745,48.09570707070705
12.079910714285715,11.192138922888617,0.4692479674963399,14.95906924586487,996.1187551187552,51.90649935649936,58.74166666666666,88.26924019607844
10.074812030075188,6.209795454545455,1.8516711229946516,13.319886702444837,881.9756944444443,50.19686046511629,71.36153846153844,137.14117647058822
14.04989604989605,14.36659722222222,3.0280262373285614,15.266063738156758,1016.7948717948718,52.2876876876877,43.75037878787878,21.667013888888917
14.852180339985217,14.282226600985222,2.437962962972223,17.17901155327342,1146.4060606060607,33.70904183535764,62.838501742160275,84.88642857142855
11.75929054054054,3.0279647435897408,3.883528265125731,13.700810810810813,848.4705882352941,28.457748538011707,37.59885290148444,43.07130365659776
11.69047619047619,7.4431221719456975,1.7606681034482752,15.01248274672188,787.1593984962407,38.39423076923078,51.40596562184027,72.0448275862069
11.43560606060606,7.13990124740125,1.6358333333333328,8.510579150579145,969.5858585858585,44.332436974789935,50.283333333333324,42.44252657911197
12.879595588235293,8.026137576219513,0.07434210526315743,11.931097560975605,1162.1463414634147,48.006696428571445,42.107032967032964,61.360796221322545
15.892857142857142,18.307379807692307,3.470757363253857,17.108571428571427,1425.7507507507507,34.53875000000001,71.52581699346405,89.15279146141216
14.53989703989704,18.914062500000007,3.0540151514984855,15.8779054916986,1170.9894894894894,64.13844827586209,56.566876178504096,94.71901709401709
12.903903903903904,14.838210955710956,3.403571428571429,16.131578947368425,942.6586646661666,25.318292682926824,48.12357008170961,45.734959349593524
12.571572580645162,5.6189543269230775,0.47031250000000036,14.600921052631577,621.1376518218623,29.79533783783783,35.90258928571427,50.89250000000003
12.597222222222221,7.7910476190476246,3.1801093355761143,14.460694444444446,602.9074410163339,14.788762446657149,33.01266233766232,25.30624999999999
12.248835041938491,6.71784965034965,3.8510521885707067,14.124126984126988,835.6004056795132,22.13011583011581,39.919374999999995,52.2235215946844
12.695099818511796,10.086698717948723,4.378538011695905,15.010681818181824,537.5389507154213,245.7288288288288,42.68644736842103,43.78545258620689
11.901526162790697,12.25861191860466,1.326417270929467,15.194444444444454,1033.1824074074075,38.7335386338186,50.523876765083436,68.75263157894739
16.2125,14.746742424242429,3.7954088952654237,16.293887043189372,1193.1121212121213,47.793675213675215,50.15191441441441,104.64654761904762
13.637065637065637,14.356242492492491,4.467982456184211,16.474691358024675,1483.5218295218294,19.45601118359736,60.8738675958188,80.25246710526312
11.101958525345623,13.735619318181822,3.4414673046252005,13.568364418938312,593.4035714285714,5.490555555555542,34.04812500000001,36.427450980392145
11.55079365079365,10.25277823920266,4.2000884173297965,13.812147780534874,790.6701298701299,30.428957528957515,26.007142857142867,42.91875
17.446764946764947,17.384535060975608,3.595502645499999,18.235324675324676,1009.9455337690631,16.48605974395448,61.34793944491169,91.16476190476192
13.458441558441558,11.730993589743592,2.401638655462185,15.828562909958261,1466.8676691729322,26.91238095238097,63.57380952380952,50.44712722298222
11.745192307692308,11.50893740031898,3.415401785714284,16.631818181818176,640.0,36.53743618831538,21.574624624624597,29.059069767441848
13.11111111111111,6.787916666666666,2.6446022727272736,13.648684210526314,1078.6140350877195,35.09446693657219,52.72857142857143,80.22631578947369
10.821560196560197,5.1647470144563155,1.3578124999999994,12.175157318741446,834.0372208436725,42.364564564564574,37.346474358974376,65.23622908622909
11.82623106060606,7.3470441176470604,1.0763888888888888,14.242283163265308,1079.524400330852,51.46210916799155,41.71272865853656,62.68808823529415
13.592307692307692,9.078614864864864,4.563697705846829,13.89958333333334,1315.6045519203412,54.77398373983739,56.619860627177715,79.30144144144145
16.517488076311608,12.424720394736843,2.666463963947299,14.691133004926119,1238.4069498069498,39.706794871794905,53.756065367693296,112.48290598290596
15.645852749301026,13.433520676691728,4.496969696969698,15.008571428571434,1168.0418353576247,-4.2776086956521375,61.49416666666668,82.72027863777089
13.586247086247086,13.802491694352158,3.0091382575757555,14.353968253968253,989.2279411764706,64.15729166666668,34.84131274131274,58.9033430232558
15.573170731707318,14.008821839080461,5.460344827586206,18.077708333333337,1141.9328683522233,33.05325396825397,54.19231707317073,59.44187643020591
11.273809523809524,4.954746716697934,2.4050505050505055,12.456737588652485,662.1094827586207,-17.037142857142864,27.039137931034457,40.448571428571434
10.664807302231239,11.612918229557392,3.487790697674418,14.4,850.559090909091,32.120962425840474,39.59112554112554,47.55535190615832
9.335714285714285,5.895166666666665,1.424342105263157,12.011609907120729,837.3055555555555,42.626875,48.724907407407414,49.697941176470586
13.242948717948718,11.313779904306223,3.1989583333333327,16.875263157894743,1208.0924731182795,-11.702167182662528,59.23349673202613,75.69238095238097
13.288865546218487,5.723924278846151,1.508030303030303,14.252991452991452,894.3976190476191,34.93477443609024,37.804375,42.296835860250496
13.212174940898345,10.060651041666667,3.4422453703703706,17.453427800269914,960.9195906432749,31.451432880844635,40.69033613445379,67.14421052631579
15.35968137254902,6.5969922969187715,1.5647253787982958,14.657580645161294,811.6593927893738,41.97144736842105,33.75476190476189,41.377960526315796
11.607142857142858,6.669568089430892,1.0229411764705898,13.07121212121212,864.7868589743589,40.0232574679943,49.70353669319186,72.41398648648646
11.662508662508662,9.72059451219512,2.2402116402116414,15.553872053872052,759.1631701631701,40.74111842105265,41.32392857142854,40.70000000000001
9.98951048951049,5.826919172932331,0.9428904428904437,14.340221483942418,672.672531769306,42.92026713124273,34.72564102564104,49.66873065015481
13.453222453222454,10.470096153846148,3.60841750839899,12.817499999999999,855.0037712130735,47.29380952380954,46.30398373983739,47.60158730158728
10.589026162790697,12.598092672413797,2.4987145682267635,16.055882352941186,955.8717741935485,36.452368421052626,45.088080495356046,54.00572082379864
16.849032800672838,14.874427899686527,1.3819047619142855,17.98688172043011,1449.4456706281835,20.51238095238095,55.89525641025642,92.89966044142614
10.067567567567567,6.753756720430105,1.616816431322208,12.03624999999999,706.7237076648842,59.93650793650794,30.42669172932332,45.63911411411413
15.573211875843453,9.60860606060606,3.9824324324324323,15.239570339570331,1297.367816091954,22.44166666666667,56.64089743589743,92.59092105263156
12.39102564102564,8.55016666666667,1.5405901116427434,14.682341490545044,566.2207629768606,33.72965949820789,29.83347427766032,29.784210526315782
11.88888888888889,6.074412955465587,1.4116962305986702,12.618209876543208,515.1571834992889,36.941732909379965,32.339473684210525,53.98116826503926
11.808353808353807,8.912882882882885,2.0068376068376064,15.148698358800226,906.2168042010503,34.893172119487886,52.2,58.9920634920635
8.812233285917497,9.869515550239239,1.6692307692307689,12.110823170731699,1121.4632352941176,39.00027777777777,40.103760162601624,63.91172413793103
10.857142857142858,6.6229126984127,1.3465195246179966,12.76710801393728,881.0848837209302,25.128855325914138,39.63018292682926,29.910023310023334
13.601158301158302,17.84598436246992,1.7467857142857137,13.512934220251289,1258.821898821899,70.27619047619046,82.14434121621622,85.66726973684212
15.254504504504505,8.997518768768767,4.1101190476190474,19.663742690058477,1355.8122605363985,57.42128048780489,58.947560975609754,99.75128378378375
10.960526315789474,6.2917631578947315,1.2590971272229812,12.509059829059817,1029.3075657894738,52.326070991432076,41.96857142857141,55.65
13.993243243243244,8.020963230672534,2.2707207207027036,14.128996101364518,1347.3310023310023,29.951597051597044,66.00722610722605,87.41811505507955
12.401307189542484,6.882605321507759,1.5023780487804883,13.930769230769226,614.0729166666666,19.92567783094099,41.24608108108106,38.73901808785531
14.464784053156146,11.193882536382539,1.6893382352941166,17.582678821879377,1218.5240240240241,2.4750000000000085,54.17828947368422,74.54715316760226
15.477453580901857,14.5,3.225142450123932,14.801260683760681,592.6238030095759,33.4591666666667,46.33256410256409,47.80285714285716
14.554263565891473,10.161997549019606,2.143675595250001,15.138928571428565,1245.7456140350878,32.12749999999999,49.7897435897436,70.19919354838709
15.916666666666666,9.890921717171715,3.3184523809523823,18.395257452574523,1482.0833333333335,79.95671052631577,58.947560975609754,100.99570512820512
15.265625,8.4525,1.4842592592777777,11.398717948717955,1543.7512195121951,69.40486486486488,93.47103174603174,120.84750000000001
15.06578947368421,15.835117554858932,2.791423176289803,17.450476190476195,1347.7631578947367,32.939778239778235,69.23515519568153,85.32353770260748
12.624542124542124,7.219360537836147,1.5142980189491824,15.292847075405218,1043.1307814992024,24.706827880512076,31.134551282051255,42.31837837837841
14.384615384615385,13.478938419117647,4.209956140342104,15.50858585858586,1579.7736280487804,11.86000000000002,76.45944444444449,120.51800766283525
12.050750750750751,7.3877727272727265,1.5150568181818176,15.031648351648359,668.2876366694701,39.84243697478992,40.79888888888889,49.47431524547805
13.656756756756756,10.602412790697674,2.7826923076923085,15.347938596491227,1284.4197814836111,60.51017421602787,72.5133130081301,80.18878787878788
8.038721804511278,7.929507211538461,1.4389931289640592,10.757751937984498,750.7480818414323,46.79609250398727,39.55262321144673,43.671013513513515
13.032417195207893,11.511715825297784,2.957302231237325,14.434883720930236,591.2239819004525,54.81008771929825,36.76227134146341,26.96021021021022
11.165739268680445,12.95308467741935,1.7463541666562505,14.28378151260504,1073.7511278195489,32.93931623931622,46.70473856209152,68.185
10.551282051282051,0.768479729729731,1.3543749999999992,10.779089615931724,777.0,46.17886347886349,47.81089430894309,54.96020733652315
15.27142857142857,15.636735829959513,3.602408536585365,19.197541528239203,1173.4831309041836,23.708668730650167,59.98723684210529,93.02853801169587
12.617867867867867,10.540840080971654,3.0218843172331535,11.902999999999995,543.6993243243244,41.80679487179488,38.30754310344825,27.139534883720934
12.436453201970442,13.649605263157897,3.5077906976744173,14.827920410783058,729.0991432068543,28.149603174603172,43.894358974358994,29.220714285714273
12.113998613998614,8.531169376693768,1.6804773561811515,14.095737547892712,566.2207629768606,21.513548387096783,24.12983682983683,49.15847953216373
11.032726045883942,2.0281904069767442,2.7813782051282057,10.667168262653897,1122.2926829268292,51.83268292682926,46.72758620689654,73.80740740740742
10.727272727272727,6.418336466165416,1.6373527373527372,11.579753086419753,850.0795454545455,79.8121568627451,53.0634278002699,65.35872518286311
9.60952380952381,7.322571428571428,1.6920454545454542,14.649571603427166,740.3695652173913,44.14773706896551,39.0074074074074,37.851818181818146
13.596774193548388,7.906310975609754,0.25177400120035864,10.212972972972977,658.4823232323233,35.09055555555556,34.65865102639298,43.45142857142857
11.539705882352942,6.290675675675674,2.3114285714285714,12.979600886917963,950.5143325143324,30.315377446411915,42.066274509803904,77.13501742160278
12.96644844517185,9.122708333333332,3.6537037036851854,14.776354166666673,826.608323133415,6.5340579710145406,47.45291666666667,47.75476190476191
13.475302419354838,9.439587482219062,2.6277680906713172,15.927671451355664,881.7402597402598,51.55531135531137,44.394736842105246,77.03247311827955
12.62005028284098,10.894744936234055,2.6870235934664257,13.294850498338866,777.8648018648018,29.621198830409348,37.46061692969871,38.28025851938897
13.38312693498452,11.386853383458647,3.6602747909199524,14.916829268292684,676.1594827586207,39.71458333333333,37.5752995391705,52.96693711967548
14.80263157894737,11.023074324324323,0.9061447811262615,17.724999999999994,1010.1794871794871,22.63355957767724,55.07534883720932,89.64068376068374
11.705658783783784,4.911671717171716,-0.3945374800637964,11.859973544973544,837.6388888888889,20.309956395348816,51.64518970189707,59.012500000000024
13.06060606060606,9.818541666666665,1.9530886627906985,13.306428571428567,1196.797697368421,49.027941176470584,53.33589743589744,64.57205882352942
11.681537405628003,7.977697368421057,3.4667182662538707,15.234770784770783,1247.9978632478633,39.42416988416991,48.450780141844,88.57703703703704
12.084169884169883,13.274806743421056,2.8461886304909556,12.760802469135797,748.4220374220374,14.188095238095233,48.720343137254915,39.017434210526304
11.176470588235293,5.209861111111112,0.937096774193547,12.657142857142851,825.6944444444445,33.08769230769233,45.27022144522147,43.71841432225066
12.944444444444445,17.347225378787876,3.976349206349207,14.281249999999998,857.1222591362126,28.096874999999997,65.47447447447445,53.449523809523804
14.531631097560975,13.908720077220078,1.063206627671053,16.785002594706796,1244.8838383838383,27.909188034188034,59.82540650406503,100.04166666666664
10.341269841269842,3.5849017857142904,1.6129958960328328,13.47625,757.0227272727273,46.29345345345345,60.04458700882116,55.14092664092664
13.118198874296436,5.733951219512195,1.6738775510204087,14.662144702842376,619.3260869565217,27.00328525641025,36.337815126050415,42.6970588235294
11.634847613571019,7.018503134796237,1.910817477096547,14.262830687830682,395.42836257309955,48.280581395348804,49.174145299145266,66.69517241379313
15.207051282051284,10.86549908424909,3.601631509558338,14.604838709677415,534.9260670731708,30.880833333333317,31.526060606060593,45.92575757575761
11.38210624417521,7.208292540792541,1.819230769230769,14.532291666666664,591.2719414893617,39.17809523809524,30.12625458996329,40.286124401913895
13.384846211552889,6.49251508295626,2.8154725609756097,15.021730926152594,982.1934065934065,32.06198439241918,49.64986486486487,53.189560439560424
11.007142857142856,3.8188334403080875,0.21279809220985557,14.593155350472426,702.3619047619048,13.266249999999989,37.807325746799414,48.57222222222227
18.93853427895981,13.654326225045374,2.6661682615191378,13.582388663967613,1124.1664596273292,41.02220353238015,57.90361111111112,100.12473604826542
16.120121951219513,14.990142857142853,3.912352941176471,15.123712121212122,1167.7046511627907,28.409999999999986,43.225714285714275,68.15752688172039
16.332046332046332,16.520967987804873,3.4769079464988195,17.495073891625616,1343.6396396396397,27.47312500000001,64.28906485671195,98.81646273637374
16.797676282051285,10.880949248120304,0.10950292397660766,14.013529411764702,1623.1055555555554,71.41179487179488,94.32305555555553,102.2656818181818
11.25,9.518446356275303,1.5572698135198133,14.538521855188527,495.41447368421063,47.69882352941177,45.864102564102566,44.721916842847044
16.0,13.029583333333337,5.784316239307692,17.43495798319328,1179.499358974359,50.69082934609253,55.46562500000001,100.75343915343917
10.001879699248121,5.009767801857587,1.5976166328600407,16.77999999999999,864.4285714285714,39.63353353353351,41.661554054054065,61.60997425997426
13.64624060150376,10.997447552447552,3.1877613240418112,13.664837398373976,936.1375415282392,34.91663837011883,59.464870129870114,63.418099089989894
11.351063829787234,5.409519005847952,2.568651778329198,13.069143767423343,899.0574324324325,53.31145510835913,49.894394752534275,69.40303030303028
11.326578073089701,6.395312499999998,1.0349358974358978,13.855945419103305,836.7727272727273,38.55758928571429,49.500264550264546,47.92937500000002
12.688419117647058,8.925745354729731,2.181980102695764,15.069255455712442,1030.966550522648,35.88674568965518,53.133461538461546,54.26271929824561
15.004504504504505,15.146298920377864,3.0744444444444454,16.296969696969704,1334.1864801864804,65.00594202898549,78.41523378582205,95.53672496025439
10.513573000733675,7.571810344827581,1.7971109839816937,9.111487455197135,856.203007518797,30.40427631578948,67.13740053050398,50.941829085457265
13.13169479090242,11.344058028616848,2.0048611111111123,12.985143540669856,630.8202090592334,51.63772727272726,32.045180023228774,37.499548872180426
12.590557275541794,6.8091165865384635,1.4679924242424245,14.342207139265966,674.0,25.927380952380965,34.35809294871795,46.6860250494397
9.648897058823529,6.696993243243244,0.844120209059233,15.316309523809519,715.2435897435898,9.88997093023255,47.89926739926738,56.11678571428571
12.224908424908426,13.914902439024392,0.4874999999999996,14.982198142414859,664.0,54.145559210526315,40.919528619528606,62.32166666666667
11.200258397932817,9.115350560897433,1.2672086720867213,15.694368234415828,843.9648351648351,45.85421195652174,49.617989864864875,58.02134615384617
11.783783783783784,9.630572100313476,2.2778309409888355,9.279973544973545,764.2195340501792,42.92821297429617,37.95469348659003,49.499375000000015
11.553235053235053,4.811617647058827,1.4452332657200824,12.131609195402303,682.5509803921568,89.2074712643678,38.15111111111111,24.977088452088424
13.255813953488373,5.067381810897434,1.2672086720867213,16.28521929824562,814.5264423076923,30.936613272311213,30.801450230718515,49.94595141700403
16.224137931034484,17.64242914979758,3.7819300069029818,13.781269841269845,1388.6208494208495,31.017142857142872,59.74797160243409,93.48921568627449
14.484375,13.800014142049024,0.5514473684210524,18.55180180180181,1135.519446275544,37.689418604651195,66.35036764705882,87.74761029411762
13.240196078431373,6.27711187932118,1.915964912280703,12.27558139534884,1176.2331081081081,57.63875,47.68409090909091,56.67429487179486
12.755813953488373,11.17527243589743,1.917799688635184,16.50936563970903,820.821978021978,43.281086956521726,42.54779169413315,47.2021220159151
13.087740384615385,9.396078125000004,1.9328947368421052,15.304484657749803,1105.4201219512195,59.58758445945948,46.244711538461544,55.000464396284826
10.999451754385966,8.209595959595962,1.7696386946386944,12.73638565891472,1126.7158948685856,39.00027777777777,57.5,48.62591768631813
11.140756302521007,6.932548363095241,0.9727564099230757,10.528260869565203,924.6166666666667,52.20678160919541,47.731568627451004,57.07851697851699
14.586748038360941,6.497795454545456,1.4664228723404251,14.029119032894545,1057.120634920635,57.787619047619025,46.79749999999999,30.141176470588206
12.687275985663083,6.413152056277059,2.2195632798573994,17.866430020283975,649.4230158730157,47.165303030303036,33.457499999999996,47.71303656597773
11.43611111111111,5.916847402597402,1.5872093023255807,13.50317251461988,817.8178137651822,22.569256756756747,56.662857142857135,78.10094594594595
12.509856630824373,10.203054177005793,3.452083333333332,14.085763888888891,572.4772727272727,37.301857585139324,30.524137931034474,34.98711433756806
14.970445736434108,15.695126205331817,4.217764857881136,16.515853658536585,1200.196394686907,23.79735294117648,59.89350649350651,93.46533776301219
15.857142857142858,13.895168269230766,2.803125,18.05810975609756,1251.5127413127411,23.02433155080214,56.49750000000002,82.77892857142855
11.545977011494251,12.240111111111112,3.329234234243243,12.14634146341464,796.0697674418604,14.024722222222216,59.175555555555505,9.428103448275827
12.492448330683626,6.876801801801798,1.4155348047538205,12.400000000000002,1128.350806451613,41.693780487804894,38.921621621621625,51.977677224736034
10.335065835065835,7.492919384902146,1.5127631578947371,12.760010668563297,712.3075980392158,50.273948948948956,36.79626016260163,66.56948051948055
14.598290598290598,16.33512406015037,4.165769230769232,14.178291316526614,1101.2308362369338,-2.1931797235023076,64.11055555555556,74.60166666666663
14.43939393939394,10.684485294117646,4.369956140342104,12.40384331116038,1529.8048780487804,49.168292682926854,84.159078590786,111.86731321839082
12.226190476190476,9.231556372549017,0.0023848684210530102,13.531428571428574,1232.2368421052631,34.839999999999996,60.735135135135145,100.50595238095235
13.472972972972974,14.52793243243243,4.289285714285716,15.220230263157895,518.0833333333333,29.795595238095228,26.829970760233913,55.64643493761143
11.486486486486486,11.699283288043482,4.02361111111111,15.1030701754386,551.8338963963963,161.67710622710618,25.054689984101728,52.915843023255796
12.465959328028294,6.217899797570847,2.720535714285716,12.899884259259252,510.91430260047275,5.2388198757764215,28.222229822161452,30.1368983957219
12.257440476190476,6.455374331550804,0.14545454512121214,15.175959023539676,1111.7779411764704,25.076710526315797,43.52666666666665,44.45926724137932
17.38235294117647,14.063552631578943,3.9295163584637267,20.002232142857146,1351.8641649048625,-8.169999999999995,68.08910569105694,101.35600600600598
15.410658307210031,10.571454216073779,3.5009981572481568,17.26737346101231,1552.2252141982863,43.33619909502266,74.23030303030305,89.016138996139
10.778708133971293,8.225162790697674,2.3223529411764696,12.608038808038796,892.8893581081081,43.59314251639835,48.061764705882354,67.38661764705881
15.452208305866842,14.927202743902445,3.8216666666500014,15.431133004926117,1189.105651105651,48.41357142857145,58.100341997264024,88.90414781297132
13.626262626262626,14.913320707070707,2.0634274640011054,16.45083333333333,1227.3706959706958,37.361607142857146,58.55625000000001,85.01036414565826
15.156547619047618,12.89696138996139,2.929034531360112,18.189342105263158,1346.6465838509316,68.78500000000003,70.18823529411767,120.2025498891353
12.446428571428571,6.179723557692309,1.5960254372019076,12.594064039408869,683.0279605263158,41.0111111111111,45.31637426900585,66.50902255639099
13.35897435897436,26.332726550079485,3.6426470588235307,14.731365740740742,597.0138888888889,24.159970238095227,26.67229102167181,48.93974008207934
13.611861861861863,11.319956040839472,5.912539682530159,13.758055555555563,1461.4074074074074,30.49904761904763,103.6806039488966,118.4298295454546
12.792471042471043,16.51103121175031,3.4328112203022103,15.717280701754389,1178.6084223758644,36.29069767441861,48.75302564102566,99.54888888888887
12.603535353535353,10.691826923076924,2.2528043775649778,12.486914728682173,865.875,60.663124999999994,43.672916666666666,18.204492600422775
12.36969696969697,7.878552631578952,2.5828205128205144,18.44505747126436,1270.2990599294947,20.5631994261119,51.57073170731711,81.51151515151516
11.165384615384616,7.831880681818184,1.0421183378685637,14.102080344332851,908.4512012012011,22.301482127288594,41.035502645502625,14.756518082422211
11.309385382059801,3.281226383265853,1.7933068633011906,16.323606395019812,902.821978021978,42.41583054626533,50.17319819819818,52.16336996336995
13.116599462365592,8.219069319640568,3.4566013071895445,15.388390313390312,1169.4055555555556,53.09369369369372,57.80744680851063,55.03021885521883
12.761904761904761,5.756317567567571,2.9220893142384377,14.75748251748252,782.3550792171482,32.350384024577565,54.22833333333336,74.26620967741935
11.307692307692308,5.007907101865133,1.20498866213152,12.685400516795866,655.6216216216217,-7.325168690958158,34.56741071428573,12.940162271805264
12.750397456279808,10.193019626769626,1.0041666663333328,13.970413436692505,1719.1787941787943,33.03701923076922,85.68236808236807,105.40295250320924
14.189285714285713,5.160872913992292,2.0193993993994,11.857104247104246,725.3603603603603,30.18499999999999,31.78409266409264,39.49930555555558
13.994642857142857,11.596924242424246,3.1145604395604383,15.394976076555015,593.913082437276,43.287230989956974,34.44052287581698,41.869545957918035
10.534965034965035,7.839519027484142,1.5149610136452245,13.855238095238098,800.2482837528603,53.95390749601273,41.3,49.90529411764706
13.222972972972974,8.142422480620152,2.7556035437335553,14.813588850174222,1299.2521222410867,56.05573549257761,59.253103913630234,86.66196428571428
12.4021978021978,9.704525518341308,3.4889338731443997,14.226545893719804,806.5571725571726,25.607539682539688,63.61176470588232,48.21137820512817
13.035714285714286,11.990441176470586,4.394041506195762,14.053030303030301,1552.2334494773518,52.09512195121953,75.77670250896061,115.89261083743844
11.949346405228757,6.346017045454541,2.290277777777778,17.118728070175436,939.6315789473684,63.001785714285695,48.678986175115206,57.58344594594596
14.221288515406163,12.032774966261806,3.6495656370656375,14.165631469979298,1194.058823529412,54.870504201680674,57.82168067226892,83.31608231707317
14.813630490956072,16.24387387387387,2.8809475806451608,17.888529411764708,1186.4202898550725,26.563286264441594,53.83589743589744,80.34480519480516
12.793139293139292,12.290904067197172,3.4873778033352503,18.25037037037037,556.336898395722,49.518181818181816,34.816666666666656,51.160798548094405
12.868421052631579,9.42489035087719,1.9943008225616925,16.011498257839726,1582.3864661654136,42.926974789915974,52.66881720430104,87.31624713958814
13.340821566110398,7.959249999999997,1.994119241192413,14.828988667159399,723.8265582655827,33.87132034632035,52.53589743589743,66.13847117794487
13.675,9.552681623931628,6.341722972972971,14.343548387096773,443.02362804878044,12.538333333333334,33.37625,37.27738359201776
11.580788177339901,6.387280487804878,2.192500000000001,12.93843700159489,999.0263157894736,38.82425595238095,46.65490740740743,65.0170930232558
11.20697012802276,11.87938529993408,2.256296296277778,17.81269841269841,1109.6360628618693,42.92122416534182,51.9482900136799,87.267908496732
14.527027027027026,13.442003588516748,3.7012121212121225,14.850290360046465,1215.1756756756756,14.720270270270262,53.3617316017316,63.558937198067646
13.882748538011697,12.604380681818178,2.046052631578946,17.622756892230576,1310.9589743589745,57.29177958446251,78.51532507739938,84.8900900900901
11.084453781512604,7.610644841269844,1.8884615384615406,12.655609318996415,632.7542997542998,20.015038115038127,32.1972619047619,44.71500000000001
8.261416589002796,6.128401253918493,1.7849929873772787,14.76632616487455,801.978835978836,36.83477564102565,50.6461323392358,75.38112128146452
12.406954887218046,10.380915991902835,1.3242260061919504,13.537695852534556,818.9975961538462,47.954999999999984,46.32291021671827,51.800772200772165
12.0099573257468,6.820847193347192,1.3783155487804883,14.617877906976743,1004.9064449064449,49.050179211469526,42.38083333333337,25.51550079491254
14.629910714285714,9.082451079622144,2.327506775067751,17.029999999999994,1756.8833333333332,82.32529411764706,96.01569069069066,94.87250000000006
11.149405772495756,5.217500000000001,1.693567639257294,11.330750750750745,708.2702020202021,50.03055555555556,40.4119279819955,60.136585365853655
11.833333333333334,5.49745098039216,2.4795210166177917,14.528881987577648,533.8819444444445,25.65777777777779,49.282813582813596,42.76487394957989
10.5,6.050583538083539,1.4777406417112295,14.180283140283148,807.2100313479624,37.34135338345866,58.99055555555552,49.47431524547805
13.76392572944297,12.906925675675677,1.584126984136506,13.519722222222226,760.5234708392603,31.246372688477962,35.45749999999998,54.308806818181765
13.10731319554849,13.426920914542723,5.378793859657897,14.497222222222222,1647.8851674641148,94.82738001573566,100.61230769230767,123.07820512820514
16.567567567567565,8.749594298245619,1.429960317460318,13.572938530734639,1199.5593073593072,65.06761904761903,57.96203208556148,54.94221598877978
12.799999999999999,5.7378394858272905,3.581966449207827,13.902911448033402,740.09009009009,14.515882352941158,36.20484896661367,40.55777777777779
12.489266547406082,13.813498475609759,-0.3437049941832755,15.425609756097568,1112.9371621621622,41.33690330477356,47.44381578947368,63.50201238390094
13.584077380952381,6.043170797413794,1.9728947368421053,14.620771474019083,1151.2221489782467,68.293125,48.9972850678733,51.945246179966034
13.36036036036036,20.480833333333337,4.679566563467493,16.390101010101013,1296.6853146853148,36.77395833333334,57.77613240418117,86.67571428571429
11.158687258687259,7.992813267813267,4.324431818181817,13.030476190476186,926.8305847076462,22.257142857142867,41.10085365853657,49.31451726568005
16.43428184281843,14.27988244514107,3.1767441860465118,16.432222222222226,1283.050933786078,9.044642857142854,56.97166666666667,83.67254623044094
14.977083333333335,14.227891774891766,2.9861990950226236,16.69087209302326,1123.2296511627908,22.71458333333332,40.51799227799228,70.52575757575752
14.49437148217636,17.372571428571426,3.1916122004264715,17.400737379466822,1301.784355179704,34.42426739926739,59.964899257688245,83.59081395348835
13.901960784313724,10.666382059800663,3.3563423645320194,14.529064327485388,981.0345864661655,25.067647058823532,54.48761904761909,95.1173295454545
12.5,9.261437499999996,2.04224358974359,14.954444444444455,949.7744360902255,33.29090909090908,62.05075757575759,107.7892736486487
11.158521303258144,8.096981351981352,1.72922794117647,14.344466873706004,965.6736842105264,37.91025641025643,54.37578659370727,56.926134301270395
19.325000000000003,13.537586580086588,2.5225735294117646,17.274244186046513,1265.5666666666666,60.21446886446887,47.532598039215685,66.02460317460319
12.595693779904305,7.373437969924813,1.918416090509115,15.666687513028975,1532.4507936507937,45.01831119544592,61.37437275985661,72.88746867167923
11.410560344827585,15.468783783783785,3.4875925925925917,14.40634146341464,918.205602536998,31.792222222222208,27.033513513513512,41.87158536585362
13.299707602339181,13.70771645021645,3.1035714285714286,16.17222222222223,838.0966952264382,20.10862068965516,50.19327789327793,53.25641025641026
15.91871921182266,15.290178571428573,2.519117647058824,17.1,1287.5892448512586,48.38445993031359,73.46799999999999,101.73301724137932
12.790643274853801,9.473772464698328,5.9043629343629345,15.858536585365858,1494.5180451127821,45.87078431372551,66.5526267281106,118.51315789473688
15.919471153846153,22.8820892169448,4.7550935550935565,14.154761904761909,1442.9607142857142,24.453579858379246,62.50375816993466,82.09798850574711
11.71904761904762,7.438201298701301,4.35533948582729,13.93194444444445,710.1109123434704,50.67288288288289,43.52458770614691,60.2202380952381
9.730165649520488,6.1425,2.3700104493207954,11.319487983281087,430.7862745098038,30.508348457350287,31.177142857142854,16.09635722679201
15.463706563706564,8.268249999999998,1.5396492236917771,15.158423048661984,920.9828571428573,41.89104247104247,36.99638888888887,49.4
13.957142857142857,8.504425675675673,3.717820512820514,15.703333333333337,1285.9473319473318,48.16025824964133,61.07303523035231,76.09846153846155
13.236842105263158,12.720487637362638,3.635504201680672,15.1813043478261,783.3813131313132,20.872098569157387,23.05563298490126,46.18421052631579
10.364732142857143,7.905453125,2.211824324324324,13.143815789473678,740.3695652173913,42.44606854838709,53.25214424951267,53.17441176470588
13.76450742240216,14.001407467532466,1.7161224489795917,16.6123839009288,1451.8478260869565,46.497635135135134,73.74709254709256,90.82820512820508
11.88670244484198,14.512679924242423,1.8447606142728095,15.226315789473688,1012.8020270270272,32.24127086007704,41.32631578947367,78.19789473684213
14.756756756756756,13.412177601809955,8.11317042605639,14.203417899929526,1307.2166427546629,44.130769230769246,73.0244444444445,109.35064655172417
17.757422402159243,12.453298368298366,6.088822393822394,15.019716859716851,1024.2083333333333,22.758888888888897,56.31333333333332,88.56984962406011
11.305050505050504,4.777701127819551,1.0359150717703354,14.286748038360946,910.0148883374691,46.183689839572196,31.08018018018018,67.79120879120876
11.073763955342903,4.998368441971386,1.9592836257309936,14.786148904006044,1017.4474772539288,38.15512387387389,52.46452205882352,44.80496323529415
15.846153846153845,16.20984295415959,3.3034965034965054,15.53051948051948,1166.4681467181467,41.909677419354836,56.72896825396826,77.14083333333333
16.656976744186046,22.704657327586208,2.5241452991282056,14.100000000000005,1499.8157894736842,21.817761100687918,65.11004851004851,85.11549783549788
12.6273106738223,7.064409167367539,1.6880471380471374,13.463131313131315,818.4171952078929,39.363647490820085,40.54416666666664,59.514285714285705
13.680555555555555,11.765464285714291,3.2994573643410843,13.622804972804978,1163.078947368421,33.16388888888889,47.89546809779366,52.55880893300246
11.401247401247401,15.971491996951226,2.5174120453190207,12.621029411764715,793.7465918203688,41.092624584717605,42.566738351254465,81.33010269576381
17.377693965517242,11.106872593068038,0.7361757106020681,13.667142857142858,1566.9388888888889,103.92421052631578,78.49255555555554,122.04068181818178
12.100751879699247,4.844958333333336,0.9535714285714281,13.604694167852063,792.2941176470588,63.638541666666654,43.2,54.98158536585364
13.994435612082672,11.611788183532367,2.5719172932330823,16.7603668261563,1383.4312354312356,51.85706766917292,81.44954954954954,83.86789473684212
14.56890756302521,5.6710456730769225,1.387756497948016,14.839472368092023,957.4183135704875,42.611244019138766,35.617488076311595,51.3686111111111
11.515873015873016,7.645384615384616,1.8654248366013082,13.310764119601332,817.4243951612902,46.90711382113822,34.28731443994601,70.3031746031746
13.314527027027026,13.549341269841275,7.169795802609189,11.869166666666668,1465.9089700996678,47.2575581395349,71.0888888888889,77.6423444976077
9.973684210526317,5.928934210526313,1.5806483957219244,13.944830438378816,707.8780241935484,38.28471760797343,49.07142857142857,74.3330065359477
13.162790697674419,8.295,2.7157749803304494,15.930058007923032,850.6153846153845,38.15631951466127,48.23071852340143,43.3079002079002
13.63312693498452,10.073095479082317,2.4964264264264275,13.406456241033005,1736.7285714285715,32.0,66.23548387096773,70.87894736842108
15.190192008303063,13.914925442684067,3.438372093023257,17.45111111111111,1201.105069124424,32.92,52.85642857142858,69.78998302207127
15.159044715447154,11.477501490757302,1.5893313953488364,16.682209188660803,1242.3325791855202,25.421753460777868,45.63823529411765,81.80206258890472
12.11166253101737,21.068955357142862,3.333251433251432,13.092361111111103,938.3529411764706,49.21848214285714,43.518936877076406,48.73749999999999
15.119047619047619,11.268733660130723,3.2347222222222225,19.620409356725155,1307.0,22.622079772079775,60.244864864864866,86.2186147186147
17.507848837209302,10.733423046251994,3.6014705882352955,16.3906330749354,1193.2260869565218,47.17161172161173,56.68833333333334,76.01672203765229
15.508431085043988,10.19412626262626,4.44379844960465,15.9847619047619,1296.3397435897436,53.70952380952381,54.54594594594595,81.74032738095238
14.892857142857142,16.387534722222217,2.8903225806451607,18.25532051282051,1379.6448051948053,9.853815580286174,56.6244827586207,92.27161764705882
13.022546419098143,10.829471861471863,3.7641369047619033,16.81650071123756,460.74637681159425,40.40530303030303,30.94939668174963,53.39407894736838
16.867983367983367,12.306484962406017,3.24013389711064,14.678253968253967,940.777183600713,29.408307926829263,35.95018315018315,55.292540322580635
12.817349607672188,12.669817708333335,5.229970760233918,15.1030701754386,704.3613086770981,42.154285714285706,49.25228758169934,40.19374999999999
14.830555555555556,7.845057172557169,1.775974025974026,11.74795454545454,827.4242424242425,37.48675675675674,43.719583333333325,56.95000000000002
10.621978021978023,11.251652255639097,0.43400900902702677,12.346901709401715,917.8502024291498,62.05788288288289,47.826532887402465,51.91083333333335
11.942389758179232,6.06725806451613,0.9525862068965523,14.361805273833673,789.0230769230769,31.13163793103448,34.454705882352926,40.9352702702703
12.498185117967333,7.47038237100737,1.9396251089799477,13.714700854700851,945.1178861788618,47.57863777089783,33.12478632478633,53.494935897435894
10.61965811965812,4.431649797570853,1.4554292929292927,13.932883597883604,754.0000000000001,32.79038155802861,63.502067669172945,43.14174174174173
11.0,9.948499599358973,4.187541528239205,12.112758736559135,662.65850945495,31.8646423751687,33.19861111111109,16.795707472178073
13.043290043290044,19.481930894308945,3.49866434377439,20.251517857142858,1284.3361823361824,33.45195968645018,59.829146341463435,81.03592132505179
13.177404718693284,6.168352272727271,1.63139705882353,11.878189033189035,1100.1404761904762,44.29554521276596,41.401666666666664,65.92513842746399
15.678415697674419,13.812189327485385,1.1055555555555556,13.59752525252525,1384.4470588235295,70.30052631578948,91.25491452991452,111.5173275862069
15.082251082251082,16.396249999999995,1.7441176470588244,17.811145510835917,1243.6381578947369,32.385888501742166,68.315027027027,93.65762250453717
15.999080882352942,13.648025415444774,2.667535744322961,15.730521091811413,1385.1713909030982,44.67693452380952,93.47069701280225,69.182683982684
13.22972972972973,15.698331842576025,2.1192857142857147,16.55439763488544,1383.4312354312356,65.88099667774085,84.23974562798094,87.87341197822141
11.446428571428571,9.556129807692308,0.3613970588235291,13.051428571428572,893.5008928571428,45.342543859649126,35.53229018492175,64.62619047619046
12.522368421052631,10.029858722358723,1.8301628551628546,11.946874999999995,1048.6152623211447,37.167500000000004,49.53108974358973,68.67992926613618
13.037393162393162,9.733779904306221,2.723333333333333,16.71354838709678,1044.8666666666666,28.92191176470589,69.72529239766081,85.37495934959354
15.963369963369964,14.182266917293228,6.6233130904271285,16.395196687370596,1111.0627413127413,79.49301075268816,60.72159498207887,73.15251937984493
15.817151162790697,15.313302364864867,1.7214490674318508,18.216666666666672,1007.4823170731709,37.13839406207828,46.25444078947367,55.01465149359887
17.532051282051285,15.361594827586208,2.8456779331608395,14.01555555555555,1497.386201991465,52.81743589743588,56.36998491704376,106.88787878787878
13.868421052631579,12.608452922077923,1.9600000000000002,15.974313725490202,1419.2567567567567,32.99729729729729,81.53385490753915,139.3117647058823
12.224908424908426,3.857484375000002,3.682499999999999,16.37631578947368,1011.8571428571429,43.02450657894735,48.837710437710435,55.027499999999975
12.232539682539683,13.841826923076923,3.5441860465116273,15.009111111111109,675.34375,57.22474358974359,35.87483108108107,45.737674418604605
12.318486590038313,9.985821428571427,1.365334302325581,11.351111111111118,708.963888888889,28.938365194462747,42.235588235294124,55.10518207282913
15.24131274131274,11.031893382352939,3.2347222222222225,17.482451690821257,1316.311219512195,25.280364372469652,43.401450230718524,74.19346590909092
10.446381865736704,13.101500400641026,2.6355158730158728,14.186240310077526,780.0775558166862,21.98461091753773,47.34117647058824,48.87946428571428
11.21904761904762,8.295,0.9634146341463412,15.33932002956393,1155.007575757576,29.852170352170347,57.856923076923074,88.26463748290014
11.36904761904762,6.821595238095242,1.781801470588235,10.270105026256564,983.3421052631579,49.62472972972974,35.79149443561208,53.63518796992485
13.455882352941176,14.049432432432432,4.276250000000001,15.08380681818182,554.0105105105106,24.698621553884713,34.639692982456125,37.37027863777091
10.717503217503216,8.277010452961672,3.2168560606060623,13.767306694343546,607.0493589743589,25.052857142857146,32.27888888888887,31.80338870431894
12.035714285714286,15.882493408042187,3.331122448979592,15.57150735294118,651.5638888888889,29.172305764411036,28.894310099573232,48.979551820728304
12.202786377708978,8.146104651162792,1.1198717948717953,13.587281399046107,1236.2176829268292,39.115862068965505,72.44544334975369,72.53333333333333
11.61060606060606,3.6046718750000037,1.972716959727737,13.88532475490196,849.812091503268,9.918489378442182,40.35437710437708,59.39977827050998
13.513608870967742,4.32045622119816,1.284515890613451,13.992972275951,936.2043269230769,24.904700854700852,46.70472222222222,64.10164835164832
14.727272727272728,15.040277777777781,2.6609064327485368,16.94513888888889,1417.867132867133,30.694623655913976,55.171164021164024,92.50949806949808
12.81517094017094,7.7910476190476246,2.839331896551725,16.860000000000007,598.7901477832512,21.78007518796992,36.89308755760369,27.753924418604633
12.736704446381864,10.472554824561406,3.6603194103194108,13.366599190283402,968.4327731092437,64.11428571428571,43.2877708978328,62.16866359447005
12.655902777777778,7.3192002688172035,2.6509359047078833,16.056748499727227,944.48125,44.93858974358973,48.58020671834624,32.21794871794871
12.461794019933555,13.435078125,-0.12560975609756264,15.660526315789477,1132.7982558139536,34.38847953216374,30.43831578947369,72.36456140350876
13.073643410852712,7.377613095238094,1.6686585365853654,13.56262273901808,936.9142857142857,3.3621428571428744,40.20402476780183,41.70794642857145
13.637068965517242,10.580588549075387,1.651116071428571,12.780589680589687,1086.4944178628389,80.47734499205086,51.829462365591404,49.09663865546218
11.136247877758914,7.906310975609754,1.45538808039709,9.396502384737682,599.5412912912914,37.090915915915915,42.858366935483886,44.42941176470588
10.244310099573259,6.817455882352941,1.4537815126050417,11.634615384615376,828.5,85.09186046511627,51.10465116279067,53.4
10.978693181818182,5.9693982670089865,1.3106060606060606,14.51220305076269,784.022566086396,40.236513629842165,45.4769230769231,49.69416785206262
14.645833333333334,14.511859984984984,4.2796052631578965,15.322059800664453,1576.7670089858793,61.6312015503876,70.54601186552406,99.72462462462465
14.67016806722689,14.112398190045251,4.056517094017096,17.545684754521975,1285.1314285714284,13.454774535809019,53.364864864864856,82.7
14.949524312896406,6.244196301564722,3.7380124777183603,16.642788971367967,1406.1767676767677,38.41666666666668,58.33194444444445,78.12732758620686
15.564542483660132,11.712500000000006,2.7276455026455033,15.108428030303028,990.8739130434783,17.125563909774446,45.98720430107525,48.121621621621635
13.495495495495495,13.989672949002218,1.4907894736842102,13.752468944099373,538.2676892627411,39.8,30.918571428571425,35.57777777777778
13.2012012012012,13.831048976608193,3.122908622899615,14.787777777777782,1386.3591731266151,33.91309669522643,73.84102564102564,84.50285714285712
17.13953488372093,13.983645833333336,3.1646990740740737,18.61337209302326,1325.3333333333333,40.23515559293524,62.21025641025641,89.75238095238095
17.43930799773114,15.720090090090084,2.3108630952380955,16.208333333333336,1070.8505747126437,31.81655580192166,61.85625000000001,90.33192640692634
12.578149920255184,7.287060032894735,0.049999999666666683,16.727021822849807,778.4554924242424,32.32569444444444,50.471658986175136,52.48604651162786
9.851697851697852,4.600177845528458,2.437768031189084,14.846242424242424,1043.2510822510822,44.2140350877193,39.023928571428556,59.77636363636363
12.898041474654377,7.872889676113364,2.2131016042780742,15.417232142857141,860.8782327586207,59.71127450980392,40.10526315789472,51.67980295566501
13.753174603174603,3.8672764227642267,1.7519246519246516,11.730621912234815,730.0964912280702,25.212499999999995,41.148648648648646,42.903831417624524
14.515426497277678,7.131916461916462,1.317839687194526,17.020256410256405,917.7015503875969,57.10651828298887,37.13483483483484,68.40416666666664
14.916666666666666,6.015431286549704,4.311766334440753,19.69548611111111,1581.905982905983,63.756283783783786,58.55312500000001,78.67305555555552
11.436120789779325,7.652998960498959,2.3211993243243234,14.986586689374207,875.151103565365,35.10178890876567,41.85813953488372,57.01256704980842
11.787081339712918,9.728847744360902,0.46489898989899014,10.983078626799559,763.7146464646465,44.23871951219512,37.70416666666666,47.01346389228887
12.792279411764707,6.322696110744891,1.7892169448010276,16.469298245614038,1072.5492424242425,36.68283783783784,45.51612903225807,59.461538461538446
8.997111681643133,7.405436046511626,0.8998355263157904,14.530232558139534,858.3613782051282,58.871666666666655,33.215291607396864,47.54235588972433
14.627708978328172,6.907967105263156,1.9096153846153854,14.99948717948718,924.3650793650793,37.90098039215685,60.69019607843139,82.9441031941032
10.442989864864865,7.238318858560793,-0.10758075148319057,15.164739952718687,827.4201388888889,65.80358974358975,41.397177177177184,59.16605937921725
13.372972972972974,8.010340909090907,3.874662618083671,14.83777777777778,1267.7422037422036,26.634344100197758,43.370731707317084,72.26090090090091
11.38911988911989,7.238742887624466,0.014047619047617976,12.24333643988816,1177.4747807017543,171.28399168399164,44.31333333333335,63.71283891547051
13.900184275184275,15.32378056052474,1.6942857142857124,16.734051036682615,1401.7179487179487,70.90180451127819,72.17682227682228,85.48627311522051
11.884615384615385,5.388537698412698,1.5524405772495762,14.996958525345624,957.2423076923077,47.829639639639645,36.474734208880555,50.54681818181822
12.96838061465721,17.797694852941177,-0.09375000000000133,11.900083639330887,733.5630662020906,29.222727272727283,27.159740259740232,43.37344497607649
10.827631578947368,7.328936293436289,0.465178571428571,10.830748663101597,863.6825757575757,27.056756756756755,38.15692307692308,51.30670995670994
16.75138888888889,11.995542929292935,4.83019105079638,14.285658914728684,1244.5774193548386,62.84423076923078,57.67083333333335,85.71333333333334
10.422710622710623,5.582835790335786,1.4005555555555558,12.481655405405402,849.8701923076923,62.449742599742606,44.720650406504056,55.322575757575805
11.142857142857142,9.82765765765766,2.796940690690689,12.840659340659338,754.4141304347826,24.978137651821843,39.91920634920636,52.89315476190477
12.347222222222223,6.239673161533628,1.8743749999999995,13.525975975975971,989.5894428152493,69.42457983193279,41.95330330330328,50.98903625110523
14.983333333333334,11.335729166666669,3.442857142857143,16.088304093567245,1151.3375939849625,34.15383771929825,52.645972222222206,76.04255185417976
11.421200750469044,6.945232558139536,2.821875000000002,12.213178294573645,687.75625,33.41552631578948,28.189473684210512,51.19616541353383
15.684046345811051,17.85734756097561,4.587656641592106,16.088755760368663,1316.2289562289561,4.749935815147634,61.65859078590787,88.57095238095238
12.592054263565892,6.489324324324327,2.0228947368421046,14.546443812233282,849.5198863636364,63.27696078431375,51.258888888888876,45.42473604826549
14.013157894736842,10.441327399380809,7.101206140342104,15.214141414141416,1425.6092258748674,49.29523809523812,70.50694444444447,110.40911877394637
13.663194444444445,14.984659971811132,3.5169435215946847,15.925609756097566,862.6230110159119,34.392500000000005,47.53504795117699,55.141666666666666
14.173202614379084,7.888305743243246,0.7567524842100266,13.261517094017092,970.0188933873144,26.869015047879614,52.66752136752136,61.690952380952375
12.856681034482758,13.699632575757583,3.7974089635854344,14.673234367971208,704.8867276887871,42.896060606060615,32.50665575559192,41.21749999999999
13.609126984126984,5.61311141304348,1.6657192075796725,10.47261178861789,1041.4868421052631,47.036527777777785,41.20970328789093,51.68534798534796
14.02142857142857,7.926442307692308,0.7747899159663865,13.589801587301581,821.84375,40.868859649122804,38.610977443608995,60.98928571428571
12.041558441558442,7.520095238095238,1.5094172297297297,11.114267676767676,764.3034188034188,60.195163584637264,37.26429512516466,62.103070175438624
10.9496996996997,9.751250000000002,1.377586206896552,13.519487983281092,844.3190476190475,30.689137931034494,36.959444444444465,49.32553342816501
10.369243421052632,8.416818181818183,1.9828655578655574,12.205871212121206,1073.01247771836,49.38361111111111,40.047860360360346,67.08505747126436
13.022492401215805,13.452429653679657,3.8344466936572204,17.837835249042136,730.3997485857951,32.059761904761906,45.477893738140416,35.071936274509795
11.364864864864865,9.699140466531443,7.2330658964396655,15.5982683982684,1530.4109386548412,11.267741935483883,93.9,119.65689655172416
11.680672268907564,6.983053724456159,1.4358720930232565,12.457435897435893,754.8678861788618,12.458008658008652,46.444411764705855,37.52558139534885
11.71875,6.761538978494623,1.454283965728274,14.787315891472868,696.2972972972973,48.17361111111111,41.86031746031746,66.30153846153846
13.743243243243244,7.088345460845471,4.401603073643879,15.994736842105263,1287.8205128205127,25.554324324324313,45.977149877149834,89.490560875513
14.137303556658395,14.434911616161617,2.7241795366795367,16.897231377719176,1325.622807017544,14.445138888888884,60.095625000000005,84.90371517027859
12.256535947712418,10.983966927453768,0.9254846779237027,14.36076241134751,992.4102564102564,43.65763397371082,50.382880844645534,51.4591133004926
13.45945945945946,17.531033197831977,4.467982456184211,18.86059431524547,1274.4461538461537,19.449183303085306,62.86730388925511,95.95091911764703
14.792436974789915,15.857325581395347,3.2120535714285707,17.409064327485392,983.6955903271694,23.432558139534894,58.02075630252103,93.43538851351349
12.097044334975369,5.814712320200127,0.9818780318780314,8.997718686428366,838.6060606060606,45.25375,39.27337837837838,34.953229974160216
12.5829346092504,9.552104247104248,1.5256910569105693,13.45240384615385,1221.3858695652175,46.7405080213904,66.27152380952384,93.85706563706556
13.83264119601329,9.123173745173744,2.8752757352941165,14.314844720496888,1212.6591591591591,8.035526315789483,56.9013888888889,86.51662245800172
15.573926868044515,7.494412225705327,2.008971291866028,14.111576086956523,888.609182530795,35.564323467230444,28.752161172161195,42.02718954248366
11.13888888888889,9.597152073732719,1.5898556535685642,13.345972222222226,846.7027027027026,30.29612068965516,26.200888888888898,36.38820512820513
12.167181467181468,12.474965392221497,3.672879616963064,12.597500000000009,912.4687791239514,36.73881506090809,30.999516129032273,61.35716072545338
12.386974789915968,11.213980848153213,4.530813953488371,15.360465116279066,572.0216216216216,35.75903873744619,37.913883016208594,71.30815939278939
14.758868243243244,8.4525,5.911269841269841,14.304545454545453,1526.4,88.38102564102564,81.29406906906901,102.71535714285716
15.716216216216216,15.360469497607657,4.497556207233628,16.12508710801394,1146.111111111111,42.64999999999999,54.38767857142857,93.02287581699346
14.679276315789474,10.62830945121951,3.8386996904024784,17.80074750830565,1504.6645299145298,75.53252032520325,76.56558823529411,93.88859649122807
13.745700245700247,11.860699472096528,2.223936877076412,16.446725195094757,1523.9377990430621,42.53698924731184,65.06322393822393,66.28544117647057
15.194901315789474,8.907466525722349,1.9951219512195115,17.774448217317477,1345.5497692814765,38.085683139534886,82.98648648648647,86.81506493506495
9.985714285714286,5.230074013157894,1.433290267011197,14.45461468308253,741.8054347826087,30.073289473684213,25.94411764705881,36.541875000000026
11.191611842105264,5.412203895071539,1.232258064516129,14.800559440559436,948.1201550387597,47.57863777089783,32.2010101010101,56.24749999999999
13.4625,10.515848155467724,2.8831501831501827,11.464040404040396,208.5636672325977,40.3673780487805,26.57499999999999,11.305156723963577
15.615830115830116,16.335279605263153,3.460692951015531,16.563392857142862,1238.3803803803803,28.904459459459474,69.86803921568628,97.36469622331691
14.057673509286412,10.221186868686862,3.477499999999999,14.888430268918079,779.7058823529412,39.264901960784314,32.23689503456946,22.509549549549547
14.279166666666667,15.216066202090587,3.3711460446247457,18.77583333333333,999.7888616891066,26.94117647058823,47.33910714285714,68.31568627450976
11.103174603174603,12.471536458333336,1.0014328808446433,14.784510869565208,851.5443262411347,36.15833333333334,50.829663865546216,66.82108108108106
13.136973180076629,11.507467166979364,3.619961240310077,13.931125000000002,659.0113636363636,46.39257575757574,42.5083841463415,58.6684061259217
16.112068965517242,16.639672757475083,2.558824733842752,18.40103896103897,1240.3531135531134,18.680675675675687,62.04843137254905,107.5883787661406
11.96509009009009,1.9471532716927475,4.445714285714285,13.411114864864853,1034.0,28.992050874403834,49.44365079365077,39.01465201465205
11.251262626262626,7.900651315789477,3.9879984051124415,15.09151068254869,851.6027846027847,14.748362369337954,38.259259259259274,72.04736842105261
11.994949494949495,7.77772804054054,4.426063122923588,13.638486842105266,996.909090909091,50.414444444444435,29.97751724137933,80.40187969924813
13.644935344827585,8.371035714285714,4.353472222222222,14.350277777777778,776.0389507154213,27.55728411338167,59.613055555555505,38.4824854651163
11.537581699346404,7.324980407523509,1.4368421052631575,14.990131578947372,721.4431239388795,38.97720588235291,52.98730158730158,57.42972972972972
13.00932400932401,3.2081884920634893,2.0176558265582676,17.832882882882885,924.579744816587,48.37754952311079,50.92298474945536,56.9
10.272727272727273,7.665,2.267324561403508,15.846842105263153,1216.9642857142858,34.634650034650036,42.085714285714275,65.36252100840335
13.25897435897436,7.636856060606055,2.760188933873144,17.1959649122807,1213.816722972973,44.602317073170724,63.07004377736085,52.41942028985508
12.088235294117649,8.353825417201541,2.521918604651163,12.785213675213672,753.0036231884058,26.917783094098876,53.286621621621606,41.581961030798254
11.782467532467532,8.709396306818181,2.2705128205128187,12.38520531400965,848.0482456140351,38.8,51.304024767801856,43.76679536679538
12.595864661654135,12.466052036199095,2.394570707070706,15.85777777777779,1349.9433333333332,30.457444168734487,65.56708708708707,69.64593301435404
11.314285714285715,8.064300664451828,1.7765246015246037,12.777314814814813,927.9978632478633,37.85211365211366,37.36217391304345,37.494047619047635
12.624493927125506,11.291650641025644,3.5718669250645996,15.085882675438594,680.2230414746545,20.37780938833571,35.47797157622738,53.6553153153153
13.512570710245129,15.455558076225053,3.529558869205032,14.668333333333335,1111.6855620155038,23.022627278441234,63.77991452991453,69.68777777777777
13.365243902439024,10.752470930232557,3.2679521276595747,14.884126984126976,1128.9842105263158,68.1557724957555,75.92922297297298,106.44095238095238
14.523026315789474,11.527917229729727,2.508552631245615,14.466289198606269,1326.6832986832987,54.93772865853658,67.05437201907789,81.96568627450979
11.82974481658692,12.40748498498498,5.769999999999999,13.04208880550344,551.1808823529411,21.308198198198205,36.845287637698924,40.66237006237008
12.979310344827585,10.086698717948723,3.6948148148148134,11.826646341463416,769.8453802639849,23.42276822276822,40.23691176470586,24.868830128205133
15.372767857142858,13.586037296037295,2.709706959706959,11.583870967741943,1060.596138996139,24.216607565011817,50.321666666666644,47.569342105263125
10.888138138138137,8.788866396761135,4.717441860465115,13.411333333333333,792.9647435897436,46.120714285714286,35.19375000000001,14.913890634820838
9.95879120879121,5.191181988742966,3.838877551020408,13.076819923371646,407.0,32.84212454212452,36.414285714285725,61.1359477124183
16.530483972344438,15.202417763157898,4.194166666650002,15.165775862068973,1193.9267654751525,41.33794117647061,59.43843023255816,109.1784615384615
12.667151162790697,16.404451013513516,1.634646654158849,15.463888888888894,1022.7365384615387,28.531578947368416,39.50924261874197,77.4853947368421
14.803383458646618,9.513687499999996,2.508552631245615,17.270073891625614,1404.9642375168692,80.93252032520324,73.97790530846484,113.34509803921569
10.00868725868726,1.8376016746411477,0.8509199134199141,13.026685463659147,820.915191053122,12.874534161490715,26.848513513513524,49.058579509742295
11.975020475020475,7.5015287162162165,1.5920138888888893,15.67635964912281,993.415770609319,32.981717011128765,41.78068783068784,67.37076023391813
13.443735933983497,6.213928769401332,3.090151515151516,17.56470588235295,515.5896825396825,23.330238095238087,22.640426829268296,18.013165266106427
11.86111111111111,7.16670454545454,0.8071428571428569,14.200657894736844,728.4296205630355,25.57736486486486,45.26598214285713,54.32844594594592
13.214245495495495,11.429433831672203,2.210897435897434,16.472868217054263,1831.6455773955774,47.20888157894737,87.85774555042843,106.01456241032997
13.635823429541595,7.072911739864866,1.4375000000000002,14.6,896.9543269230769,37.32986111111112,35.168907563025215,54.81855620155036
13.175675675675675,12.219609375000005,1.7319444441111107,14.421862745098037,711.4733194733195,34.405145929339454,36.37941176470591,16.86983695652173
14.875381097560975,16.3227987012987,1.650435729838235,19.65269576379974,1195.2262156448203,38.292521367521374,82.0670731707317,83.59081395348835
12.071428571428571,6.571747311827955,0.8470471236230108,12.910929487179484,560.6756756756756,48.019852941176474,37.12638888888886,48.4
12.776942355889723,8.096981351981352,2.191319444444444,14.733473084886125,1016.826625386997,38.59625779625781,42.51711389385809,58.690344827586195
15.595029239766081,5.48498504784689,1.618628048780488,15.538344312692137,865.5321428571427,17.634374999999984,43.32850877192982,60.44418604651164
11.513513513513514,6.556401515151512,1.6397203947368422,13.54454545454545,661.6660341555977,59.800555555555555,33.566374269005856,43.35689189189192
12.88888888888889,12.781373873873875,3.3368055555555554,15.794684385382055,767.8707093821511,51.31100478468898,40.6884027777778,39.56654411764706
13.712488350419385,12.997306201550384,2.0635164835164814,17.362676767676774,1243.4520146520147,51.85706766917292,85.02647262647265,114.07862644415918
13.21728307254623,9.864688160676534,1.5521520803443325,16.75754573170731,1120.8322344322346,44.87177033492822,50.74031986531985,76.24220572640513
17.63888888888889,16.702681686046503,3.198611111111111,17.50371212121212,1101.0029556650247,24.74969040247679,62.16435897435902,84.68331395348834
16.725,14.46912593984962,3.946527777777778,15.490119047619052,1064.0845295055822,17.73631578947368,55.144736842105274,97.12060150375936
11.9991452991453,7.664139097744359,0.8532236842105254,13.348717948717958,491.37837837837833,74.97058823529413,41.32522167487683,57.39277777777779
14.40492277992278,12.331041666666668,2.5543274853801154,18.178888888888878,1287.4711538461538,11.491789819376024,60.28910569105692,74.72244318181812
11.352272727272727,2.668972689075633,2.2156746031746044,13.053741496598636,942.411714770798,50.906449631449654,59.12604166666665,19.41369168356998
13.266409266409267,11.245257936507933,7.258919413919411,12.158461538461541,587.1419913419913,63.379285714285714,33.166862745098065,48.134444444444426
15.392857142857142,15.128715277777776,3.246901528013582,18.064087301587296,1358.941722972973,22.206290322580642,57.220955882352946,89.42346509671997
12.20992822966507,6.680072174447174,1.8731249999999993,15.986621088938167,694.4100840336133,42.01437499999999,47.93416666666667,72.68418604651166
12.745495495495495,11.257607886904758,1.9891025641025646,13.754540420819492,1527.1531531531532,59.0591911764706,80.47284427284427,76.82237174095877
10.469696969696969,7.706298138639284,1.9165501165501162,13.065177923021068,836.8201219512196,63.75382352941176,49.18117216117214,53.07567099567096
11.961597542242703,8.28019736842105,1.6127470355731222,13.421144674085848,865.5833333333334,75.24242424242424,51.47311522048365,38.443333333333314
16.898032200357783,17.089831701346387,4.438663967611337,16.66865079365079,1074.657335907336,21.088248847926277,54.79182539682539,86.15976190476188
11.850877192982455,6.03331714527027,0.8662037037222223,11.106612466124654,771.6118951612902,53.91111111111108,37.828764478764484,56.92688953488369
12.420634920634921,5.0167105263157925,1.5948863636363635,13.780184331797237,784.0082949308756,61.39839572192514,42.3126126126126,59.85437405731524
15.132290184921763,11.25448464912281,3.6516718913270645,16.918953823953828,1236.5833333333335,80.23333333333332,47.468270676691716,87.0386111111111
12.77027027027027,6.4071794871794845,1.48415559772296,14.513809523809522,617.655982905983,26.65719298245616,32.231462231462245,29.28963585434174
10.49890350877193,6.175606617647066,1.645525657071339,10.066666666666666,803.0012987012987,46.71509971509972,38.454054054054055,76.05513784461155
13.048489666136726,6.4850921375921375,1.4729437229437234,14.259039961013643,868.665915915916,28.58420208500398,46.295420420420434,53.69581395348836
10.977678571428571,7.070769230769232,2.2131016042780742,13.72730158730158,951.04375,46.12598039215685,41.59473684210527,68.45087108013936
10.10952380952381,-0.19427083333333783,2.929202373104811,12.11045540796963,718.8960526315789,32.53214285714286,56.652756410256416,50.83174603174604
11.819444444444445,12.4953869047619,3.6031132783195803,13.953863102232658,509.8184210526316,42.16698924731182,36.000909090909104,36.10211180124223
10.13938223938224,6.720984848484851,0.27663382595369423,14.809086672879786,737.0696969696969,33.42186520376174,34.22529411764705,46.205564387917335
12.453125,8.027444196428572,1.5248065015479884,14.8,1403.221437740693,49.187584459459444,51.073596673596676,59.956766917293244
10.741959064327485,5.693534427284429,1.7239002932551322,12.409145299145294,867.8523809523809,50.41610644257703,28.525474254742583,50.33992424242421
10.1992673992674,6.040242424242422,1.5051470588235298,9.808538011695894,778.8064516129032,58.67532327586207,47.295978835978836,51.58875000000001
10.694047619047618,6.625691105769229,0.28172348484848286,15.52266793190706,764.2429149797571,33.421730769230784,59.87277368122523,66.8398902821316
14.64864864864865,14.52793243243243,3.6067708333437505,13.96804435483871,707.5833333333333,53.272305764411016,34.26934984520122,40.27034976152624
13.570788530465949,10.251929824561405,2.9074574574574585,14.158479532163744,958.5115207373273,52.570695970695986,38.31002844950211,62.694556451612904
11.76547619047619,5.269391891891897,1.2522222222222206,9.924324324324317,949.5757575757576,48.22640522875818,45.11959064327484,62.82696728558802
14.551282051282051,15.30365789473684,4.309385964921054,15.232446415373246,1281.8978354978356,55.7864548494983,79.26247086247089,107.2587837837838
11.557142857142857,6.10211189516129,1.6477448907681465,11.562638888888891,860.7837837837837,32.598026315789475,52.773099415204655,56.41153846153851
13.271671826625386,8.207451127819548,2.279318181818182,15.643897058823535,1381.5,29.041385135135123,77.09860769860771,119.85526315789468
12.363216875411998,9.511332737030411,3.5409523809428576,15.73426111908178,1269.9086687306503,38.79663461538462,68.63690629011552,95.26097744360902
17.182142857142857,12.953810375670841,3.6619391025641015,16.87479091995221,949.8175675675675,5.560972644376893,46.80422764227639,40.206184210526324
14.08955857385399,8.54818181818182,2.9422256097560995,14.751742160278743,942.6626728110599,43.19999999999999,47.267171717171706,72.1582880434783
12.723778735632184,9.265208034433286,1.3618006993006995,17.03195564516129,830.7352941176471,-15.189078947368397,38.34999999999996,42.26480263157896
11.3510101010101,7.0368055555555555,1.0887718023255808,10.982724014336918,601.0125,50.13699324324324,44.71814921090389,51.661928104575175
11.69047619047619,6.3089233993902445,1.6820346320346327,12.35712518555171,853.1013157894737,29.865357142857146,30.504473684210527,54.38666666666665
12.918918918918918,10.324791666666663,2.045833333333334,15.075226860254077,1383.1408199643492,33.724812030075185,60.55645933014353,78.20261551874451
12.792763157894736,10.406298701298699,2.693201754385965,14.425359477124184,566.5277777777778,19.331578947368428,37.550000000000004,12.781587301587308
12.957602339181287,15.879836265884652,3.627182539682539,14.244594594594602,1005.6242071881608,33.40945945945943,55.248706152961475,51.499999999999986
15.980994152046785,11.07500614250614,2.3017310788864735,16.38805555555555,950.1711259754737,33.14597523219814,48.709237726098195,89.04143790849673
15.325892857142858,13.704597039473686,3.2629032258064514,15.37207797679233,1370.2726550079492,43.405752753977964,58.896706081081085,99.12222222222223
14.814794215795327,11.706554878048774,3.0272222222222207,14.021071428571428,775.6646191646191,6.917717717717711,53.465608108108114,53.38474264705883
9.617647058823529,7.718932898415657,1.464634146341463,17.49041666666666,701.6570512820513,22.427310673822305,50.45641025641026,51.16000000000001
14.593093093093094,12.465629984051038,3.2425958188153308,16.204605263157898,940.6230110159119,51.22391304347826,36.75225225225224,51.45877192982455
13.850770218228499,23.94598161764705,3.5832748538011687,18.508972125435548,1299.07326007326,94.81585365853658,87.50773109243696,91.22307692307693
11.56827731092437,15.158474085365851,2.6001212751483025,13.74571237904571,1168.5656565656566,57.40833333333334,41.83874078275667,60.12051983584129
13.42142857142857,15.033560606060613,1.6253258145458642,14.792777777777777,746.9825119236884,49.43506493506495,42.45462184873947,27.632765151515137
11.351351351351353,7.066560592850918,1.389613970588235,12.05426356589147,844.1557692307692,41.93247863247864,37.40694444444447,54.28013827781268
11.323529411764707,4.8420332211942805,1.6281451612903224,13.878707827260454,643.3352713178293,26.871908271908275,45.53085365853656,47.23040697674421
13.309677419354838,18.08166559691913,3.2724406224406235,15.260897832817335,792.6810631229235,38.90000000000002,44.836264441591766,47.35358422939069
11.291666666666666,10.18020833333333,1.294239631336407,13.429017857142862,631.3055555555555,29.296666666666688,46.645726495726514,45.631004901960786
15.460526315789474,9.913255067567565,3.976608187134504,18.10547619047619,1357.5710955710956,73.11130820399113,75.01477428180573,105.54444444444444
12.253941441441443,14.190772569444444,5.148611111111113,17.48051539912005,1647.0157894736842,59.68666666666667,62.13189024390245,107.64684684684687
15.78494623655914,18.20918918918919,3.135269576379975,17.95726098191215,1557.7570850202428,21.419047619047635,58.65751879699246,86.49123152709362
15.04642857142857,17.054594594594597,1.9687780497833547,15.686043449637925,1426.3171834625325,25.000714285714288,56.41891891891891,100.03933566433571
10.697936210131333,6.619414132379249,1.424868421052632,13.871553884711776,787.2189079878665,29.664696969696948,38.63172932330828,41.013181818181806
11.681456548347613,0.4452499999999997,1.6547667342799177,13.983634992458509,719.0062499999999,50.136860465116285,72.34999999999997,57.12352941176468
12.203125,9.677068256578945,3.094813341493268,14.798733219890334,1373.3466371027348,44.36402243589745,53.43846153846153,51.62693498452013
16.595077220077222,15.235416073968707,3.607476076555024,15.080135823429549,1326.1111111111113,28.26904761904762,58.771191646191674,103.11193181818184
10.751420454545455,5.287094131097559,-0.02434210559649097,13.345869565217383,1152.0232558139535,38.64426847662141,60.40810810810811,56.453235294117654
14.484375,12.65666385135135,2.4077564102564097,17.43373983739837,1238.0679140679142,26.648333333333344,59.43095975232196,85.31080357142855
13.795287637698898,4.080485465116279,2.2181219681219684,16.390341880341882,943.2298136645962,23.730769230769226,62.86422764227645,73.24632306725333
15.81547619047619,17.324295659295657,3.1529014844804317,12.365911072362685,1285.5769841269844,26.919924812030068,59.751176983435045,93.33800940438874
11.92361111111111,9.458598484848483,2.609375,11.370394736842101,892.8947368421053,47.81737804878048,48.36750830564784,52.230156472261775
12.56111111111111,13.386981589147288,4.7221017069971545,12.880903866248696,1032.5042016806724,34.16636904761906,45.731246273106734,41.614509246088176
14.999205087440382,8.462605321507759,1.2036224489795915,12.670352564102554,708.0555555555555,45.25681818181819,55.594787234042535,41.93023255813958
13.789473684210526,6.237340525328331,1.4691176470588236,10.047338247338246,1015.6330128205129,43.03661654135338,42.632600732600736,58.6364864864865
15.306686046511627,17.59252252252252,4.015043604651162,15.898684210526325,1283.923076923077,27.196413199426097,55.99090909090911,77.58075933075934
12.144110275689224,10.08726984126984,2.457316162738521,14.027969924812036,1153.7524193548388,24.023839223839232,74.63934056007228,108.40586466165409
11.584207459207459,10.776555555555559,0.38615288220551314,15.7158201304753,698.0526680526681,45.02385141739982,26.768298368298392,37.52105263157894
13.539473684210526,8.066639705882347,1.7097435897435913,14.99948717948718,858.8501742160279,31.347916666666656,61.27692307692309,62.222332859175026
12.96838061465721,11.541658215010138,4.126620370388889,13.685981709593127,618.8180112570356,31.68022727272727,26.51619047619046,23.59844497607652
10.85,9.971739864864858,1.9793233082706763,10.563991130820398,690.1693404634582,54.89629164047767,47.482777777777756,55.685215946843876
12.97623089983022,10.358374689826304,3.448401162790696,14.023124999999999,721.9195804195805,37.48264705882353,35.704651162790704,43.318266542404466
15.635714285714286,16.351883289124668,2.808632478615385,16.01068376068376,1359.2105263157894,43.9869597069597,63.25501165501168,91.37256347256346
13.0,11.3975,3.513156906906906,14.589610389610387,945.2654462242563,44.17070175438596,59.14777777777778,56.71783536585366
13.9375,10.615281385281387,3.64501661129568,16.63770053475936,553.1437587657783,53.510283454185895,38.57875816993465,34.629069767441834
17.504926108374384,19.000555555555557,2.3062388591800356,17.478518971848224,1411.468286099865,23.871602787456453,76.01299999999998,71.36551724137934
11.853381374722838,4.707342105263159,1.617174796747967,15.536008869179602,755.0758075148319,44.33774131274132,49.4970695970696,65.6411027568922
16.229741379310347,6.042822398190041,2.4578947368421065,14.294003378378383,592.0531914893617,31.19729064039408,30.42435400516797,34.887045454545415
11.041758241758242,6.796747819767443,1.387756497948016,12.629974160206718,670.8255567338283,28.604024767801867,35.8752100840336,46.67568181818181
11.109375,8.218755448997383,1.3522648083623703,14.41973995271868,733.4375,55.93858974358973,41.32079365079366,77.36047529706065
15.998214285714287,14.008744881244887,3.3855677154582766,14.795280771412363,1214.075,51.55897435897437,57.67083333333335,74.84476190476194
10.217647058823529,10.27781467181467,2.048584494773519,14.803315602836875,1038.8609986504723,51.37300664451826,49.698910256410244,75.75428571428571
13.995495495495495,9.5875450058072,2.3041666666666663,14.837209302325585,1740.6864864864865,32.05990853658536,85.82522522522518,118.07176829268292
12.661794019933554,12.835296474358985,1.4259527439024384,12.671212121212124,1046.913888888889,34.32117794486216,46.732376395534274,37.872528883183556
13.685612082670906,15.137177996422182,2.505987841945288,16.801010101010103,1308.5663003663003,60.46388278388279,82.15575109993715,85.48627311522051
11.414772727272727,8.052358071135433,1.569035947712419,14.371836734693874,858.4921658986175,33.50540540540544,43.1684966216216,65.75717360114778
15.190592334494774,16.885776160776157,2.811831395348837,16.612701612903233,1310.467032967033,27.063295553618133,57.59411764705884,88.51459330143543
14.125730994152047,11.711473214285721,3.6053571428571414,13.763136645962739,536.1944444444443,36.572972972972984,43.8752976190476,17.676006191950478
8.287941787941788,6.660814855875832,1.8179516250944827,11.708119658119658,582.6857142857143,36.75926739926739,30.25142857142857,39.431269349845195
15.175750834260288,16.267089783281737,3.4233295795525533,17.210818713450298,1564.2225563909774,75.51773109243697,71.38842911877396,107.78746130030956
15.36573734409391,14.927777113237635,1.2839712918221673,13.486842105263165,1295.8112648221345,39.898973042362,56.88535714285714,84.96832579185522
12.060883620689655,7.684632179386312,2.1895663956639564,13.957446808510635,1070.0691287878788,41.295970695970695,46.618055555555564,51.339743589743556
14.978632478632479,5.191181988742966,1.3893903715332294,13.303562801932364,781.6756756756756,29.29758672699848,34.56741071428573,44.72705882352941
14.02390180878553,11.843969298245618,3.483996212121212,16.012573099415206,849.1315789473686,57.094466936572175,39.972161172161194,64.31211750305997
14.676785714285714,7.1617745535714326,2.5405594405594396,12.097705314009655,697.8666666666667,38.830360360360366,50.41764705882352,64.85287595287592
13.120967741935484,14.964784946236561,3.263621794871794,14.202138157894737,634.1522727272727,29.47825311942958,38.87368421052633,4.612607758620719
11.656964656964657,8.73903846153846,1.4201787994891446,12.78356997971602,711.5912280701754,32.07291841883938,44.6546341463415,52.510270270270254
12.447172619047619,5.387853046594979,1.8995079161405646,14.356460819927351,814.202302631579,38.63882783882784,45.2088888888889,54.66550116550117
18.04054054054054,16.632251291989665,2.8754385964912283,14.597936507936497,1567.582995951417,34.0,68.21707317073174,79.70880681818178
11.426788124156547,10.975531129653401,3.087529137529137,13.895972222222227,771.4906444906445,40.29125138427464,38.68857142857142,34.25030959752322
16.0,11.457121143375682,6.584346764329671,18.363636363636367,1499.8157894736842,27.291129591129582,61.44518364518365,90.61549783549782
11.533990659055528,13.469812500000002,3.9167118338035225,18.03146341463415,709.2737804878047,32.171240601503776,53.64328808446455,66.57619047619048
13.101298701298703,11.020135566188193,3.362959112959112,15.450784313725487,1520.8413132694936,45.33762993762996,81.90425880425883,94.87677655677653
10.739583333333334,1.9471532716927475,1.6874137931034479,14.403753753753751,830.1245059288538,40.58529411764708,46.51111111111109,47.17412045319027
13.562687687687689,6.582970861486489,2.816091091073073,14.982667876588021,1195.2971342383107,68.54491255961844,68.26363636363635,96.75232558139537
12.762867647058824,12.197748138957813,0.5057291663229164,13.030448179271707,920.2368421052631,56.78153846153843,54.991354723707666,69.7097435897436
10.93720930232558,10.392682291666667,1.5640624999999992,17.91111111111111,873.1734960767219,35.23148558758315,43.83083333333336,28.910473457675764
15.402310924369747,14.917156964656964,2.338157894736842,17.441586748038368,1138.610433604336,28.26904761904762,59.984772577455495,84.536038961039
17.1125,10.776584595959601,3.8438235294117655,10.522458471760798,1411.4897435897437,44.90029137529136,60.78462643678159,85.72154761904764
10.78125,5.2724377828054285,1.4546874999999997,14.231578947368412,816.9581646423752,22.822364864864866,40.3233455882353,52.88929487179486
13.087606837606838,10.306291787790697,5.404680603939374,18.270793650793653,1502.0344827586207,59.04961240310078,94.65481029810293,119.76474025974036
10.320689655172414,4.2349198717948715,1.6456339712918662,14.714358974358971,886.985380116959,37.74216216216215,45.048717948717965,56.364337568058126
16.169858870967744,14.799119574119578,3.271437740693197,16.194623655913976,1265.738958470666,41.683357558139534,84.07815315315314,79.3480113636364
13.243243243243244,8.119054054054057,2.6840928137259596,13.683625730994153,1185.4017094017092,5.741715628672175,59.255064935064915,90.71043368950346
11.336687306501549,8.79365711854793,1.2546428571428585,11.897786774628882,501.91666666666663,10.50783444198078,43.05590909090909,42.714393463230664
12.490421455938696,14.898552631578948,3.5158333333333323,14.563484320557494,828.5607973421927,33.98293650793649,39.59241379310344,38.47944444444441
14.75952380952381,17.507063953488373,1.9972426470588247,14.840557275541787,1367.2864137086904,35.751219512195135,75.81447058823528,85.72139959432047
9.837837837837839,6.372910986367282,2.8881616832684385,17.573363286264446,1409.5379436964506,32.14776556776559,69.51523867809058,92.59545787545788
14.866279069767442,13.617713414634146,3.9930555555555554,20.832520325203255,1144.3948306595366,33.15521008403361,61.24151785714285,95.93968492123034
13.13888888888889,10.882631578947368,1.689277389277389,12.876392652815426,1098.6513157894738,53.56632352941176,53.90587262200166,45.60861742424242
13.714285714285715,6.7519090909090895,1.5278343023255812,14.815156032597887,847.5087719298245,50.68918918918921,44.114729729729746,63.73947368421055
10.965996168582375,8.685594128611367,3.205225019113273,12.875197132616488,910.3281853281852,31.18887195121951,54.00564930300808,55.29459815546768
17.796332046332047,14.222855477855475,3.3409361955873584,17.474904880066184,952.9286786786786,31.29406234537358,48.69104166666664,62.197499999999984
16.25,14.916437499999994,3.7902777777777774,20.18513157894737,1229.091774891775,237.76372549019604,53.290000000000006,82.67232758620688
13.865783410138249,16.287258179231863,6.168872180451127,19.693293718166387,1178.902329749104,42.166017316017324,59.93141891891891,101.6747607655503
11.354166666666666,7.961060606060607,1.5127724498692239,14.514087301587297,770.3354700854701,51.711666666666666,40.81054131054132,42.06149732620322
13.19609507640068,12.07582236842105,2.9190799396681752,13.531564301331743,1240.3325825825827,17.881572481572505,51.13744680851065,58.917037037037026
11.158687258687259,6.130121564482028,0.37972943723896035,13.719404761904762,1017.5090744101633,96.04047619047617,32.503571428571426,50.001504787961714
14.684586466165413,13.758303429027103,3.826381578947367,18.447619047619042,1151.810855263158,27.38272604588395,67.40925297113756,99.7545209176788
14.513513513513512,14.21480263157895,5.426292081546229,12.19333333333334,1220.30866807611,15.587965116279072,67.01207827260461,82.26263157894735
11.722222222222223,5.248488247863249,1.321969696969697,13.60859788359789,890.5627165627167,45.55533088235294,51.71399776035835,69.86802900461437
16.176470588235293,14.54299228675136,3.0466216216216218,17.626711309523813,1285.0833333333333,-2.4115789473683975,61.946625070901874,82.5464157706093
13.966898954703833,17.208107142857138,4.1150732127383725,16.90975609756098,1165.7195357833657,52.916410256410266,54.77957317073169,85.66833333333332
10.051282051282051,9.276326951951955,1.6949999999999996,14.069080619080617,883.9190891472869,46.7404694167852,43.384761904761916,51.428628389154724
11.817073170731707,9.951330645161292,1.5479974160206722,12.97127525252525,653.436545240893,37.64802631578947,46.153753753753755,38.0805860805861
18.239527027027027,12.269776315789477,3.504055258467024,17.214064230343304,1016.1857142857143,26.71904761904763,57.22616541353384,71.32063492063492
12.135267857142857,5.685847996089926,1.6607469512195123,11.602063185041906,845.7136824324325,36.71538461538463,46.70368055555555,66.14491600353668
13.260526315789475,6.727878787878792,1.0834115071919956,14.225670731707305,899.5688311688313,47.52631578947365,51.35344155844152,95.95270092226616
12.034632034632034,8.440029069767444,1.4495904995904998,14.871916329284753,761.9346120313862,37.73748079877111,36.89444444444447,48.394592030360556
11.229383229383231,3.5423421717171735,1.364916052425062,15.22516057585825,832.2541871921183,17.241517857142863,61.89653846153846,73.21209302325585
13.321479374110952,11.454886269644337,3.2739711302211303,18.020370370370372,558.8567119155354,31.392383292383297,36.818589743589754,12.452402745995428
11.366912366912368,7.525825358851673,1.754366028708134,12.81277432712216,908.4058355437666,58.323809523809516,34.987941176470585,25.798179979777565
14.301158301158301,10.242415850673193,2.0974107142857146,15.553626588465299,1329.3091575091576,65.6661003861004,81.40568990042678,70.32411095305832
14.084975369458128,11.198926809210526,2.3254079254079243,10.418260869565215,690.4166666666666,63.056666666666665,63.646343402225774,29.545525525525534
9.785714285714286,9.390496411483252,3.9853448275862053,11.86666666666667,704.0202764976958,51.35532435740514,35.94346846846845,41.66681818181819
12.264705882352942,8.118687499999993,1.472098515519568,15.11885299934081,931.9898989898991,60.650877192982435,44.86152823920264,43.87152406417108
15.368303571428571,15.916795659295664,2.8901849217638698,15.717321178120624,1569.3845029239767,5.190259740259734,57.80939510939513,77.00370813397132
15.248835041938491,10.467359126984126,2.4207264957264947,14.750322997416019,1156.1835357624832,46.428228228228235,46.02973925299507,54.73131313131311
13.306593406593406,14.350642857142859,2.918686868686868,15.69141414141414,940.777183600713,43.299835526315796,40.80476190476193,45.93713235294119
11.24861111111111,9.936074561403505,2.4413194444444453,17.300513478819006,1230.8045112781956,18.516506410256397,49.95887445887446,73.2008771929825
11.631727158948687,8.480922348484846,0.366089743606409,15.716576576576577,946.2245862884162,21.33963963963961,42.891711389385804,65.74756302521007
15.985294117647058,14.927831439393929,3.0724137931034474,18.101944444444445,1345.263492063492,26.26176470588234,50.40944444444447,88.59249999999999
17.090625,9.587434210526322,2.106906906906907,11.398717948717955,1181.5894736842106,86.09,90.77146464646464,109.34355263157894
15.554738562091503,14.293246951219515,5.14019343233401,16.77392857142857,1378.6302631578947,25.124812030075205,74.69305555555553,82.26988795518207
14.41640866873065,9.460157196969696,2.5766727866254606,20.60547619047619,1306.8339743589743,80.62585365853658,63.56033182503771,97.07333333333331
11.626829268292681,7.989446386946381,0.9237516869095825,17.75941644562333,777.5465465465466,74.98285714285713,43.00750000000001,49.11217038539555
10.5,7.757043029871981,1.3063427800269896,16.773428300094977,968.6520270270271,34.98632352941176,48.562157382847026,53.3
18.039473684210527,14.669213362068959,1.5911764705882336,16.993369565217396,1298.8335403726708,42.91500754147812,62.607142857142875,75.17749999999998
15.281746031746032,15.244687499999994,3.5024437927663725,17.938721804511278,1312.754222972973,20.009705882352932,61.90137254901962,85.5151724137931
12.406976744186046,10.176479323308273,1.6461836612999394,14.863271604938278,1003.4455128205129,54.85596638655463,49.27474358974359,65.36634768740029
11.911764705882351,6.53980785472973,1.6876456876456876,14.122194351542174,685.8294372294372,53.39880952380953,33.29884868421053,48.465853658536574
12.43879173290938,15.30144152595372,3.778517316017316,14.158333333333331,1253.3415032679738,61.06876623376624,57.35333333333337,89.71170731707315
15.75,10.985951280227596,3.5886670761670763,17.44445288753799,1148.840909090909,51.33666666666668,70.29743902439026,93.50457516339867
13.644016227180527,13.649605263157897,3.4998780487804875,14.430102147175315,756.2723180795199,24.736695906432736,35.356842105263134,39.5372222222222
10.936025408348456,5.623254789272028,1.632919254658385,11.215,1033.5977443609022,49.55738636363636,45.61841526045488,55.00360248447203
14.455357142857144,12.25163194444445,7.74375,15.682059800664454,1713.8157894736842,41.05227272727274,64.82904140669314,111.42303732303735
14.910845588235293,14.613333333333339,2.920121951219513,17.0992213570634,1407.6146341463416,41.037335526315786,86.17057739557738,80.23120393120394
15.397165697674419,13.262418560606061,2.638303769401331,19.02485621405351,1251.3868563685637,32.15606617647059,83.03520443520443,60.38972332015811
12.018650793650792,14.44076893939395,3.7817543859649123,14.098232323232324,679.1375921375922,25.6,43.94585561497324,39.11958333333333
11.938034188034187,14.331826923076925,3.127699335548172,12.193833333333338,543.6993243243244,64.70941860465118,27.779464285714283,38.362674418604634
14.518158783783784,10.193538851351345,2.7711842105263162,16.796258503401365,1307.96534996535,19.510121951219514,64.66356209150325,87.21518895348834
12.78112175102599,16.538634868421056,1.0993902439024392,18.01785714285715,1132.7982558139536,4.114759725400493,47.96145092460881,60.89318885448916
14.134843205574912,13.448421052631575,3.1007770270270267,16.819523809523815,925.2374541003671,24.3138157894737,65.71500711237556,92.17203007518796
11.385714285714286,6.138844155844153,2.3343023255813953,12.706666666666672,711.5007518796992,20.049935815147627,32.938260135135124,46.73622994652408
13.691891891891892,8.071432291666664,1.669337606837607,15.559568965517244,1087.4545454545455,40.298496240601494,77.44623376623375,94.8527143981117
11.945221445221446,6.074839572192517,0.11388888855555512,14.867933415790553,836.5207373271888,78.79054054054055,50.43973214285712,64.33950715421305
14.020283975659229,13.377257575757579,3.8913472706155625,14.018045112781952,607.8745819397994,54.28106060606062,32.217227564102586,35.95073529411763
13.580286168521463,9.80442492416582,3.728674242424244,15.118468468468475,1488.307917888563,107.9889247311828,97.35211161387627,119.59577269577272
13.782282282282283,15.076350378787883,3.557142857142857,13.858914728682176,846.7353865493401,30.253846153846144,45.508392603129465,127.26372549019608
14.194444444444445,14.427537878787877,3.357417582417582,18.517857142857146,918.5794019933554,158.99615384615382,44.461776061776064,48.57291666666665
9.99404761904762,6.263104812129204,1.5518421052631575,14.148625548625539,1002.1072261072262,24.46279411764707,50.15330330330328,44.53936243936246
11.166666666666666,6.013391455972101,1.3321854502087058,9.690416666666671,909.2654192654193,48.38749999999999,42.017013888888876,48.92428355957769
11.571889400921659,7.7175,1.2906250000000001,12.3011544991511,753.625,42.256874999999994,41.48835978835981,46.71573170731707
12.690476190476192,6.780100877192982,1.3013087606923073,14.923703041144902,1137.1148325358852,26.395444015444035,39.5538676607642,56.69572368421053
13.200854700854702,19.444621212121213,3.2425958188153308,16.256944444444443,853.237843551797,39.47156862745098,38.43836336336338,48.942342342342336
11.40922619047619,4.781970274390243,1.8762310606060613,13.140477426050857,606.7416666666668,47.74452380952381,31.94147058823528,32.895369458128094
11.103565365025467,7.240276604729731,1.321734234243244,11.106612466124654,866.6979166666666,54.21651651651651,36.61714285714285,64.85813953488369
11.806985294117647,13.025708512931036,3.305139961389961,16.514069952305253,786.0061559507524,31.797753530166872,39.216061046511626,46.08237179487181
12.058189655172415,9.847491809991814,2.6607142857142843,14.324675324675326,846.9023986765922,52.971544715447166,30.12361111111111,41.1252236135957
15.334010840108402,5.928401162790699,4.625238095228572,19.192222222222227,1581.96875,45.418627450980395,91.83273427471113,120.11489898989902
14.584992887624466,12.997306201550384,2.2224107142857132,16.35510366826156,1411.3091575091576,52.70507936507937,83.32353328938696,121.99024767801859
10.608108108108109,9.486259213759215,3.810585585594595,15.455263157894734,1214.4689608636977,32.39218146718145,55.869886363636354,88.30495716034272
15.0,13.067528409090901,1.2972972972972971,17.85881578947368,1263.152380952381,28.46610644257704,57.504705882352944,97.50178571428567
11.579532814238043,12.845152439024389,3.027403846153848,10.783842538190369,506.6748366013072,35.24611111111111,42.089170506912446,44.45675675675677
10.698717948717949,4.079923076923078,1.6408687943262412,13.351033834586463,739.0736253494874,31.32903225806452,32.64522417153996,74.94928229665074
12.792763157894736,10.750676691729321,1.9458333333333342,14.755915032679743,673.5277777777777,32.58157894736843,37.34458204334367,46.56714285714287
11.214181286549708,11.190894906743182,3.9509569377990426,16.924632352941188,635.1925675675676,27.7703830369357,45.2677380952381,37.48157894736846
14.201503759398497,19.831616724738677,1.844234234243244,15.878173374613008,1362.14,31.693755824790294,75.70037537537539,104.69767441860459
14.042652027027026,14.684967105263159,2.110433604336044,12.583333333333332,1554.8,79.05875,94.16055555555553,111.9882894736842
12.859634551495017,8.694566761363639,2.8305266805266793,9.726978818283165,815.1439393939394,52.00333333333331,49.441568627450984,58.826914414414425
11.408371040723981,5.868489681050658,1.7877799900447988,11.656837606837605,706.2222222222222,65.70641025641024,29.658471760797326,41.501112877583466
11.49099099099099,12.067262689518797,5.28511060692002,14.786388888888892,716.4181034482758,13.59726744186046,38.012016129032276,52.92195121951219
13.36814086814087,13.174425675675677,1.4988888888888874,14.485042735042736,1302.8977272727273,66.5812200956938,82.21179653679658,111.75293650793647
16.35135135135135,16.639665404040404,2.593849449204406,19.52222222222221,1197.8461538461538,33.5632183908046,57.941327913279125,93.21832770270268
12.792792792792794,9.489352477477478,2.649687500000002,18.918270676691726,1366.4318885448915,52.00530303030303,58.24047619047618,68.73181818181814
11.477272727272727,11.335752688172047,3.529452614379085,14.205212355212348,677.8962732919255,60.731578947368405,37.525555555555584,69.42187500000003
15.007575757575758,15.267991500369545,1.9459383753382342,19.24688644688645,1298.5662768031189,25.647368421052644,46.82388993120702,162.38515406162466
15.420656634746921,12.573589743589741,3.0778343023255803,15.592647058823534,1332.051282051282,31.19761640798226,56.01578947368421,84.07113095238094
11.050802139037433,8.165013183915624,0.49750000000000005,12.966959706959706,668.6239837398374,17.910389610389608,47.329999999999984,45.08790697674419
11.736160714285715,7.0670123839009324,0.6426939134436382,13.319233449477348,973.8829676071056,47.88727752142386,53.38114942528734,86.81395173453998
16.25357142857143,16.73423883928571,4.231771545827632,15.31964285714285,1134.185296324081,27.632558139534883,35.51619047619045,84.95761904761899
10.978693181818182,7.286609649122803,0.6681818181818184,15.554864341085278,716.3801054018446,44.7409631019387,40.46979166666667,46.757649938800526
14.972972972972974,7.209896438953486,3.5912301587206357,14.097953929539297,1238.18016194332,46.66626180836708,66.51152882205513,105.06867724867726
14.157169117647058,8.307703488372091,2.9326465201465215,14.986842105263165,1010.350114416476,26.75675675675677,59.30571428571431,91.57863175675674
16.666666666666664,13.969407894736843,2.7421794871794876,17.052317290552594,1344.9835497835497,51.990942028985465,77.99688644688646,111.65128378378381
13.203619909502262,9.240390624999995,3.500462962944444,14.574256756756753,903.6177698270722,245.48333333333332,52.14025641025637,53.749248120300734
15.0,8.066639705882347,0.9705769230935886,14.60298245614035,945.0940766550523,75.45392156862745,55.082456140350885,69.49150579150583
13.494186046511627,9.495303030303036,3.513156906906906,11.971428571428572,738.5332480818414,-1.534210526315782,40.295338753387554,31.218092105263153
16.82878151260504,13.592652916073973,4.393971848225213,10.952165898617514,1365.4978632478633,27.003571428571412,60.43836336336339,93.26147450110871
11.881467181467182,11.946519446275552,2.6110658914895324,18.147500000000008,974.3194192377495,37.81976744186046,37.210462074978196,54.679651567944255
8.99624060150376,9.07053846153846,1.5705473856209151,11.927039627039619,848.0515202702703,30.59640591966174,58.89523809523809,56.08654188948303
12.420982142857143,2.3580708828522905,0.48887195121951144,11.904380475594499,920.5034722222222,47.0407326007326,47.99168458781362,77.84474358974357
13.762828535669588,16.929896109637482,4.769581807098901,15.0722619047619,1336.5982783357247,73.0818045112782,52.884478764478786,89.19670731707316
11.966302952503208,10.382106191222565,1.704775641025641,16.802474747474747,1066.5687707641196,36.644669117647055,56.921453900709224,46.02256442489004
11.053698435277383,4.738384009009003,1.8407894736842103,9.556666666666667,596.8319327731092,26.150163398692815,30.31526315789474,41.59777424483308
14.290322580645162,9.849861003861003,3.575,15.497767857142856,594.0746031746032,31.673389355742295,33.85100250626563,21.68669467787116
9.564285714285715,6.572595238095237,2.2838963963963956,12.57834967320261,780.7155635062612,39.65739268680445,25.38875927889712,51.51103603603604
11.398268398268398,14.061793650793652,4.1932051282051255,13.857905982905985,854.5111642743221,36.555000000000014,35.12102941176473,47.27333333333334
15.47069597069597,13.72234101748808,3.6378472222222213,17.79615615615617,1287.7924324324324,20.085042735042737,62.869516027655564,69.64593301435404
14.79004614370468,15.643680555555553,3.404940587867416,11.670580449990542,1057.153300600109,28.00660660660661,46.226114081996464,36.8051051051051
14.615584415584417,10.577964513556612,1.3846074646169875,14.42146807440925,1321.627260981912,35.757692307692324,83.36383838383838,89.016138996139
11.73859649122807,4.8581875000000005,1.7506239364719223,14.389999999999992,898.4576023391813,22.709590235396693,41.35302144249509,59.89789739276707
14.09062980030722,12.06674753289474,2.563582813582816,15.929721362229097,1143.1428571428573,52.570695970695986,66.77894736842103,58.06955645161292
12.362299465240643,10.779476744186045,3.4763513513513513,14.289235880398667,873.2571428571429,44.72395470383273,35.96969696969697,44.808663594470055
13.392857142857142,13.745167112299464,4.576774322160286,15.434370882740444,1529.8048780487804,64.34102564102567,75.37091503267979,120.08356321839082
12.505847953216374,8.631423399390245,3.127272727272725,16.21348684210527,644.0827190827191,-9.964816204051026,44.141904761904776,41.41829865361079
8.717045454545454,8.462068089430892,1.397532894736842,12.85230769230769,1093.0344827586207,57.00064102564103,46.13636363636363,60.64349845201238
14.311298076923077,15.001478153629321,1.9247272143774077,17.534110835401155,1461.519897304236,48.50953525641026,82.00119236883941,104.43030303030305
12.027972027972028,6.148026315789475,0.7741582491767676,14.670522235822109,961.4614718614719,17.63559451219511,46.98380952380954,51.71340852130328
12.09824046920821,10.543784946236556,3.5287499999999987,12.080208333333333,632.2505285412262,46.774313725490195,16.236585365853664,22.240038314176246
17.970075757575756,15.567111074489123,2.344505494493591,19.773025210084036,1251.8148148148148,12.777951635846382,54.34164634146343,100.91967418546363
11.47092547092547,11.80244444444444,3.70735294117647,18.19282051282051,795.0588235294118,27.073333333333323,38.86831395348837,37.96343843843846
12.467545638945232,13.446845238095243,3.712948717948717,11.128563685636852,737.0809943865277,31.95222222222222,44.01999999999998,31.484999999999985
11.04054054054054,5.312573198198196,1.7059210526315796,12.58285714285714,263.90712074303417,30.99081196581198,30.42669172932332,44.76756756756757
14.3331780055918,21.774541973908107,2.385311355311355,17.023232323232317,1277.948717948718,48.080432900432896,81.77503974562799,89.28730650154799
11.802083333333334,6.78867983367983,1.7067982456140351,13.251691729323307,601.1606391925989,35.10461876832845,39.862887989203784,50.350699300699326
10.957347972972974,8.53450581395349,3.743376623367101,13.177693405039642,1199.7955465587045,50.61816239316241,67.99752321981424,92.96071428571429
16.684966216216218,13.016246345029243,4.574418604651163,20.43178294573643,1086.0041128084608,29.457330827067654,54.54895833333335,89.51801801801803
16.33459162663006,15.934948830409358,2.4816809465085674,14.90204678362573,1095.3794466403162,21.573841463414638,77.05403846153845,98.4826709062003
13.297161172161172,4.749219512195124,1.619107744107744,12.824242424242422,873.1751893939394,50.236654135338355,46.51701612903225,39.320000000000014
14.334975369458128,11.267705882352944,2.699465811965813,20.797777777777778,1275.5721212121211,18.46642411642411,61.694276629570744,78.55909090909088
15.07041251778094,6.215439189189187,0.5236341180069743,15.897283437283432,857.5362318840579,47.23277310924368,24.502222222222223,66.73408536585364
16.455357142857146,14.63796251993621,3.4149459783913567,16.80785529715762,1217.4,45.19288668320927,62.02083333333332,100.69783549783553
13.796380090497738,12.054551282051277,2.717658730158731,15.410025062656638,1450.2834224598932,50.255238095238106,58.51157509157512,97.07582496413198
15.052083333333334,11.577428571428575,3.3329865361077116,16.79088888888889,1457.4358974358975,13.691954022988508,51.492460317460306,84.49990783410139
12.71433933933934,10.490705128205128,2.742329345531316,13.098988095238104,445.27586206896547,9.900164473684203,31.348015873015886,50.33720238095234
14.013037350246652,18.09584688346883,6.167543859657895,14.489416257501363,464.51076040172165,33.68435897435898,40.43689503456946,29.800591216216247
16.0781512605042,15.571497093023256,3.858634421125875,17.190577507598785,1331.4678571428572,29.655648267008992,54.299264705882386,66.50952380952381
13.463414634146341,12.558235294117644,4.385834518720483,15.50858585858586,1457.9587242026266,94.12058823529415,65.1777777777778,115.77189655172415
11.080014224751066,4.982313596491225,1.5759485924112604,12.546756756756748,621.7426470588235,18.453472222222224,27.529622132253728,57.226374650512604
14.324324324324325,6.512348837209301,1.453449387491941,13.870482669258182,996.7178571428572,33.254285714285714,37.20194444444445,72.4921052631579
17.2987987987988,10.003024948024951,3.6881449631269465,15.387372501019989,1428.7648530331455,28.7,58.11113636363637,89.70857558139534
12.509856630824373,9.656209677419355,3.2411184210526294,14.137489035087718,683.2558441558442,38.08529411764705,27.965853658536588,40.87733990147783
13.587445887445888,10.868009009009006,1.8916666666666668,14.827732793522266,1604.2103658536585,23.1196640316206,87.68396825396826,115.07821428571425
12.787825059101655,11.476572008113589,1.7906250000000001,14.192243107769425,695.6321138211382,39.61375291375292,33.037092731829574,34.86567982456138
14.204273504273505,10.701632401315788,2.077807017543859,16.144444444444442,704.0706860706861,37.41764705882353,36.777218045112775,36.65021367521367
12.451612903225806,4.089097051597051,2.3661764705882344,17.072916666666664,536.7928571428572,46.1373581011352,29.68037323037323,54.96810850439883
12.432291666666666,7.110054824561402,1.3842307692307672,14.063636363636352,706.6658730158729,47.88921052631579,34.97337042925277,43.8168641114983
12.023908523908524,9.233194352159469,0.33611842105263134,14.114387031408306,788.9229249011858,30.496363636363633,48.219407894736854,54.61090909090911
13.42156862745098,9.592322154471542,4.3188078703888895,13.306428571428567,1205.953947368421,24.239864864864863,60.90465116279069,79.69256756756755
13.522727272727273,13.189970862470863,2.331785714285715,14.822051282051289,1572.3575851393189,42.07689922480621,62.33441558441561,67.2972268907563
10.165567765567765,7.570601822752985,1.3246511627906974,11.858530405405403,908.1145833333334,44.13283783783784,45.98438596491229,77.18507575757576
12.546586059743955,9.450858676207519,4.09047303271441,13.770018975332063,1126.4441980783445,-6.892258064516149,55.60194518125555,58.53873015873015
15.384615384615383,12.093168560606065,2.8192192192192196,15.975280158206978,1310.9649122807018,29.706535947712414,53.7125,93.29473684210522
13.554778554778556,6.549890768146582,1.3846074646169875,10.089831932773107,1381.145514950166,30.822138836773007,61.95139393939397,68.31301587301589
17.533497536945813,12.111346017069698,2.3977976190571413,15.972380952380952,1101.842105263158,24.816059379217286,59.91616541353386,93.31052631578949
13.327120223671947,12.351496212121216,3.5828869047619047,13.366824111560957,688.9130434782609,20.7930524759793,33.599237699237705,33.612499999999976
13.081081081081082,9.49139024390244,0.7951048951048949,15.924130434782615,1054.7398989898988,35.42233381157342,40.97555780933063,65.53973684210528
14.777599486521181,9.608911184210523,3.266290726817044,16.15936507936508,1286.777579010137,74.44027226318778,68.20743034055727,94.16287878787874
13.164772727272727,8.206072891072894,3.4995073891625603,12.688779879540746,650.7741935483871,30.575148319050754,34.59027777777778,44.762940735183804
15.187367864693446,14.555591397849462,4.055489864891891,19.558333333333337,895.2083333333333,17.434648493543758,53.83589743589744,86.6485347985348
12.294117647058824,14.98985159118727,3.5533783783783788,12.712093023255814,650.1272727272727,45.520803443328525,40.086839826839835,38.01001697792874
15.771929824561402,9.00731209150327,2.5286796536796547,17.117867867867858,1163.1895424836603,94.19308823529411,64.66764705882355,127.84985294117645
11.657738095238095,8.428947368421056,3.5662121212121205,14.711068376068386,874.8121968121968,35.54461152882205,43.95092592592596,55.459639909977525
11.906298003072198,2.7063194444444445,1.4,11.49011583011582,744.3172514619885,41.98722222222222,40.160599078341015,29.10681818181815
15.554878048780488,23.352043464665407,3.3700258397932816,16.612701612903233,1237.061717352415,19.20297297297297,54.96813725490196,97.4636842105263
14.064285714285713,14.64644736842105,4.225065789473684,18.18095238095238,1232.993620414673,37.100228832951956,55.57987197724042,83.66917293233081
10.793522267206479,10.130132135306557,3.087381916329285,11.499890350877184,1209.936061381074,32.91236486486487,68.9823717948718,67.58922413793105
11.049261083743843,13.286319444444445,2.190384615384613,14.392835060920167,571.9034531360112,28.154285714285727,35.12102941176473,42.12583333333334
15.65210559396606,17.444165296052635,3.4773511316104146,14.601505376344091,1268.7284541723666,15.587965116279072,66.78521168753727,92.23179487179482
10.763858093126386,7.615469830295409,0.9676520270270281,12.984848484848486,687.75625,49.736578947368415,32.817994310099564,45.71578947368421
12.152777777777779,11.58449324324325,3.345779500430664,12.805347222222217,1026.9794685990337,58.22842105263159,45.61720430107526,51.04837144837143
12.75219298245614,7.849333003952571,1.8452779353374928,13.35689166193987,1039.0373626373625,47.29298245614035,52.895095693779886,76.71633728590248
10.804738562091503,9.263828125,1.485873440285205,12.642465137201976,710.5264069264069,36.15714285714288,41.373891129032266,55.34801829268293
10.412946428571429,12.093706597222223,3.3134615384615356,14.780913229282795,675.9848484848485,-8.142258064516135,56.79138655462185,40.405833333333305
12.564285714285715,9.975225446428572,4.022273589387626,11.168055555555556,835.4735576923077,49.75724185724186,46.087657784011206,50.85119047619048
13.470029239766081,11.877890625000003,2.8386936936936937,15.327033492822972,1116.2368421052631,15.23638888888889,49.35350427350425,64.33461538461538
15.021867612293144,17.663043145654836,2.491769865797214,13.946878824969401,1208.7664596273291,42.04897304236201,54.920624999999994,106.33389355742294
12.868421052631579,9.306036184210528,1.7358708708708694,15.648667570009037,1484.3155279503108,37.008403361344556,71.43548387096772,86.91413533834591
13.08108108108108,7.557754677754681,4.381432748546785,15.279729214340199,1153.321753515302,14.424915540540535,41.74365079365078,65.64444444444445
12.218841642228739,7.321306818181815,4.316028708177833,8.660420168067235,623.2285714285714,32.80342105263157,10.894085365853659,52.3256965944272
11.494940476190477,7.844166666666661,1.222809172809173,11.765161290322585,378.2105263157896,22.03930501930502,59.721367521367526,59.775375375375354
11.687782805429865,6.817491760052733,2.4980442176870743,12.76010101010101,866.1282051282051,29.006410256410255,32.747619047619054,52.83092979127137
12.525466893039049,9.851443713450294,3.7690315315315317,13.624590643274853,969.891774891775,37.80317460317461,44.27150055991039,62.694556451612904
10.391891891891891,7.677719840116286,3.1538194444444434,12.597222222222225,582.24697110904,36.7988095238095,36.38712241653418,40.33920454545456
11.765625,5.6589393939393915,2.0612500000000002,14.972549019607847,533.1037267080745,44.498142414860695,33.41513513513513,55.42556818181819
13.48265460030166,6.208338345864663,3.6911036036036036,17.164444444444445,1257.5589743589744,14.810180995475097,58.66163663663662,61.47111111111113
13.481424148606811,12.56321138211382,1.6090853658536586,16.975826702033586,728.363475177305,40.52055692055691,46.86499999999998,47.22219269102991
12.421658986175116,9.161983082706765,2.608823529411766,18.672649572649572,1209.9116161616162,61.61123755334283,50.09381044487429,93.84880174291936
13.697492163009404,11.770492424242422,3.3916161616161604,14.85717391304348,863.049786628734,42.73584637268847,32.57694444444444,38.420624999999994
12.984754521963824,5.893629699248123,3.512049373040751,14.628442171518493,899.0857385398982,49.03116883116882,44.25809523809522,46.2702564102564
10.847222222222221,7.8205067567567506,0.1791011942174736,13.908611111111114,577.6298780487805,46.601382778126954,35.06582633053223,24.540792838874673
12.252083333333333,8.022628205128203,1.271967963386728,14.981025641025635,976.0,41.01947368421051,45.36944444444444,31.69328493647913
11.307904411764707,9.951181350114414,3.0906359649210535,13.904545454545456,1599.4840294840294,54.0,115.8811965811965,106.5387314439946
11.953282828282827,11.503515873015868,5.769999999999999,17.799662618083673,595.8447712418301,27.90090909090908,32.23689503456946,65.26095305832149
13.285818713450292,12.941764705882356,3.3166666666666664,15.288090204369276,809.75,13.093263888888895,46.55961538461536,84.09638009049772
11.938034188034187,11.855804195804195,3.8853121175030596,14.346571428571432,629.15625,41.99928571428571,27.32964743589742,35.380174418604604
12.71433933933934,12.039381720430109,5.961816652649285,9.713209459459463,396.6876267748479,24.526900584795307,43.807641196013265,53.285197368421045
15.727205882352942,7.329179924242416,1.6804945055064104,14.760386100386096,944.8304093567251,18.83166666666667,46.853374929098116,60.1251225490196
13.703125,6.043170797413794,2.2131578947368427,13.389818491208166,1206.6275543836518,50.69654605263159,42.107032967032964,72.55994152046783
15.117021276595745,11.019977050183602,4.586486486513514,20.574107142857144,1293.015909090909,-8.169999999999995,65.40577235772359,94.32627627627626
13.299174174174174,14.459870304114489,2.324285714285714,13.853787878787875,1248.9899937460914,70.90180451127819,86.28108108108111,87.99438122332857
12.423490488006617,4.751233082706767,3.097156862745099,16.37264957264957,1297.4991039426525,40.49173290937998,53.49293067947839,68.40578703703702
12.35344827586207,8.030699041811843,1.7222593582887704,14.380186480186483,862.4982142857143,32.90375939849624,43.72307692307692,56.86280227596017
12.846264367816092,7.995574324324326,0.20617647058823407,13.586739864864864,1042.9747474747473,41.31907790143085,45.515079365079345,47.31623931623933
11.31954887218045,1.2094531250000005,2.7514328808446438,12.491418764302043,687.8120155038758,34.353333333333346,72.4138450502152,59.56679536679538
10.504934210526315,7.312120445344132,2.4799899193548396,14.391754385964907,729.6578947368422,60.2467857142857,29.252138157894727,42.67425675675679
12.880681818181818,10.255194512694514,3.272556390977442,16.645384073291048,640.7254130605822,39.86163480553726,35.87724014336918,42.45538555691553
15.156722689075629,27.785491486068103,3.1098611111111105,15.149285714285712,935.292105263158,10.653342816500711,58.34229781771502,110.00726817042602
14.025397796817625,10.558377192982455,3.578240740740741,10.66571428571428,666.2249999999999,38.78388157894736,21.49587096774195,53.55386996904026
8.444901315789474,7.076499999999996,1.7461460446247457,14.984615384615376,852.3865131578948,45.752386780905766,38.93658536585367,46.43729946524061
12.773273273273272,8.29262445887446,2.8619369369369365,15.444437460716534,1696.4601706970127,55.50125,91.80568499534013,123.91022067363528
13.403225806451612,11.635409207161128,4.2574561403421045,17.604071969696967,1526.4101412066752,76.46000000000004,72.99039039039043,107.56277890466534
12.3125,16.73423883928571,2.9765837104072372,15.875320512820512,1293.1943947525344,34.22380952380952,49.4,74.38603603603599
12.687134502923977,6.873758928571427,2.2465988372093033,13.210416666666667,874.7732558139535,34.57366013071894,47.15718390804598,62.06904761904762
13.439473684210526,7.348749999999997,2.791666666666667,12.435555555555554,1385.0872586872586,9.462872628726284,74.94225444957155,85.22306306306308
14.615789473684211,10.761672619047621,3.9703448275862057,15.515172311348786,1367.1216216216217,46.26536769327466,86.04273648648652,105.91538461538457
15.494444444444444,9.991370120120116,3.2767857142857144,17.78333333333333,1288.147342995169,67.70407894736842,65.84473684210528,97.24325757575758
9.935887096774193,3.04873538961039,2.9888357256778324,14.021372549019615,415.41278195488724,68.15558823529412,28.50500000000002,53.26078431372548
16.112403100775197,7.8109438344594615,2.8721507352941167,12.82784011220196,1212.6591591591591,17.159999999999997,56.9013888888889,65.43054187192118
12.18704318936877,4.380315315315315,3.744694694713213,14.209050179211477,934.5263157894736,48.854285714285716,51.39133749133748,78.27777777777777
11.353228228228229,2.285012987012985,0.9311204146730461,14.710855003940106,904.5817460317461,60.04353011329752,42.15972222222223,67.05891891891892
13.03355155482815,9.93997326203208,0.6200000000000001,11.451608187134502,660.135737009544,31.68022727272727,36.657875457875456,33.9346749226006
12.644920782851816,10.616231684981681,2.507291666666667,14.593063009342073,1238.275960170697,50.60910714285714,86.37189189189188,110.63197099538561
13.65844155844156,15.264049145299147,1.735357142857143,18.70045750168199,1561.2974828375286,32.71495934959351,57.717277992278,57.973672883787664
12.141711229946525,7.913668371361134,1.3172674418604662,13.368547008547008,727.1590909090909,38.15839475839476,55.594787234042535,46.103664552501805
13.283659730722153,6.290928030303026,5.419464285714286,14.764595959595962,955.144099378882,50.16282327586207,47.93416666666667,46.215238678090586
13.031531531531531,13.816206675224645,4.135303030303031,12.661010101010099,1392.239148239148,57.76118012422358,65.86992376992382,95.75483641536275
15.551691729323307,13.871644144144149,3.3263523391812875,17.192321178120615,1286.6879084967322,27.565946843853816,54.05576102418207,113.82212918660291
13.320261437908497,6.151418269230772,1.5967001885606538,13.248295454545454,801.2983870967741,49.98563492063491,39.746469622331716,59.625324675324634
12.942460317460318,8.971551878354205,1.436818181818182,17.065740740740747,483.6200317965024,36.8,37.469924812030094,58.733660933660914
15.35735294117647,7.188977340488968,5.9818597560975615,16.653055555555554,1160.1953488372092,60.14586466165413,75.92922297297298,93.55428571428573
12.466165413533835,6.184042130365658,1.5543548387096777,14.800559440559436,732.5784313725491,61.52420168067226,32.054742547425484,56.93279411764705
12.764705882352942,9.45329464285714,-0.586375212224109,12.148571428571426,1079.5763157894735,21.84797297297296,44.877682926829294,51.341818181818184
15.0169133192389,11.636089743589741,2.336331168831169,16.509958258795475,1466.0542763157894,42.99056910569108,62.68820346320346,57.973672883787664
13.004714016341923,8.037816558441557,1.539887244538408,14.040399610136449,786.9649758454107,2.2440024479804066,26.342555555555577,59.322857142857146
11.411969111969112,5.935849358974354,1.5614533492822968,13.506666666666662,668.1702786377708,38.10851254480286,17.568776671408223,43.07130365659776
15.240977443609022,28.856079831932767,2.2022893772893783,16.00811965811966,1435.7727272727273,16.76840363937138,58.790148448043226,71.0187803187803
16.525616698292218,13.125094696969702,2.658760683752138,18.068928571428575,1240.2964285714288,35.863157894736844,51.261637931034485,112.13521303258146
11.719097222222222,9.570924812030073,2.052264381884944,14.283333333333335,426.0254372019077,36.23500000000001,42.73305019305019,40.962301587301575
14.240625,8.405311839323467,4.708035714285714,16.653055555555554,1299.0424242424242,77.90443609022554,73.60213963963965,113.20000000000005
11.529516994633273,8.981328124999997,1.4343749999999995,15.129715762273904,704.2985746436608,37.37754010695188,51.328125000000014,47.41484320557491
13.885526315789475,12.317206477732794,3.50262413576367,15.22352941176471,523.5798611111111,37.23924242424241,31.82000000000001,44.68159090909092
15.749205087440382,5.015349420849424,1.6394736842105269,12.697916666666663,1072.5492424242425,25.04500000000001,45.204651162790704,59.007088989441904
15.978639930252832,12.270804093567255,4.552743652770681,15.169523809523813,1191.6935483870968,9.115714285714297,51.32090225563911,67.7138138138138
9.584703947368421,7.784765625000003,1.7765171858216968,14.924702212138401,1065.5904707884288,50.23075657894738,42.60431519699812,37.271052631578996
13.06060606060606,6.981111111111112,1.9828125000000003,15.769359605911328,1251.842105263158,29.64687499999998,59.039534883720926,86.9192857142857
10.036527514231498,7.058006756756755,1.646127717391304,11.2778783308195,1032.7083333333335,48.653535353535354,45.56785206258892,48.9236842105263
13.326298701298702,9.656363636363634,4.0971471471471475,14.073385939741744,1340.5410036719704,38.2360683760684,76.17387669801464,90.73948051948054
12.72857142857143,7.137150793650793,2.9782051282051265,12.787852219465126,618.0,53.23358974358975,55.229084967320226,53.05781609195404
13.472222222222223,5.674307291666667,1.25536858974359,15.186658506731945,1031.869132290185,46.353063063063075,49.4,78.22947368421056
15.622899159663865,18.02260768581081,3.117004048582996,15.433673835125449,1440.8349673202615,23.973949579831928,73.35606177606178,98.98528708133973
13.572874493927126,9.89940008190008,2.237472766866013,15.071253229974161,1029.4372834372834,36.94411764705883,54.99290981281906,95.11933933933932
16.951612903225808,13.096207770270263,2.2851351351351337,17.393706896551727,1058.2465838509315,17.80816993464052,55.09625000000002,69.90169354838707
10.95945945945946,6.948205128205127,1.4085253456221205,13.33571428571428,733.3611111111112,33.08769230769233,48.028205128205144,64.09953560371518
11.005208333333334,7.354386824324332,2.2792857142857157,14.186864864864859,1028.1267942583731,69.2886274509804,32.98555555555553,44.75600539811068
13.249034749034749,11.70827651515151,0.7716269841269852,15.559568965517244,1113.3051201671892,40.298496240601494,61.04732620320856,78.45855327468226
14.348660714285714,12.764640825035562,2.3046428571428588,20.803508771929828,1278.9354354354355,21.258589743589756,58.77983193277311,86.56200657894735
15.199510403916769,10.857183982683987,4.205,15.946025437201921,1153.3333333333335,44.30881934566145,93.23981981981987,104.37999999999994
14.949524312896406,8.947459459459461,3.4598739495798325,18.519433465085633,1113.232638888889,21.00833333333334,56.04250000000002,76.30158434296365
12.5,5.39025816993464,2.7043220668391603,12.222580645161285,783.5386554621849,47.076710526315786,36.30285714285714,48.52708333333335
12.314401622718051,12.98904704944179,3.925000000011904,10.448933143669986,659.0880434782608,-10.50060606060606,30.202337858220236,48.78141891891891
12.808908045977011,7.403179785330944,0.05394736842105363,10.741339285714282,704.1429350791053,11.155574912891979,42.46857322438721,32.05237154150198
10.168803418803419,5.927009423503317,0.5694444444444446,13.147118874773136,939.7518796992482,26.47302631578947,42.00809523809524,35.3605800922874
16.429006085192697,5.4098752598752595,1.8750000000000022,14.05451388888889,597.6708385481852,32.4516611295681,10.897050482132741,13.551604278074862
15.257422402159243,9.984508513931889,4.326647286821705,18.647027027027036,1199.5066666666667,19.682352941176465,58.26433933933932,100.4618390804598
15.56121794871795,10.857999526515156,2.7088235294117653,16.986744186046515,1133.6692307692308,63.1025641025641,54.76030701754387,85.18779761904764
11.567073170731707,3.9308814102564122,0.7143018018018013,14.25097402597402,525.3608660785885,47.41262272089763,56.20818713450288,37.77835497835499
12.457582582582582,7.533402777777781,3.7412068965517253,11.495972222222226,551.8869731800766,24.230372807017524,23.038571428571405,34.81206395348834
11.503663003663004,8.764519230769228,1.8102083333333332,15.98141039530069,777.0736842105264,35.18798076923079,50.387306201550395,45.00367816091952
10.223684210526315,4.260113553113552,1.3567362428842502,12.825921855921857,876.7568965517241,54.17297297297294,37.719709953856295,52.379254079254096
13.427944862155389,24.847004643962844,3.4680017226528865,13.7,848.4779411764706,22.37393292682926,32.72805701425355,44.14926470588237
15.005263157894737,11.761167763157896,2.977067669172933,16.29093567251461,1198.5,31.350416666666682,54.56819444444444,91.18458458458458
12.782988871224166,9.509010297482833,2.898371212121212,9.72204301075269,1757.4641148325359,116.88559139784945,97.53397435897432,128.84638694638696
14.376612903225807,9.840271493212676,3.211997363216875,13.183333333333332,629.9914772727273,-13.666666666666679,34.94142857142856,42.654924242424244
13.376456876456878,10.393752598752599,3.4125438596929834,15.622983114446532,1355.0718085106382,47.18727272727274,80.89588744588747,115.07821428571425
14.607142857142858,10.34211018711019,3.547802197814102,16.517981803143098,1091.5945945945946,38.7,55.87118279569892,79.85999999999996
11.883333333333333,6.347418269230775,0.4005941213258284,14.44820971867008,781.9671717171717,24.60802867383514,53.7612169312169,35.395914634146386
11.659007352941176,7.258576600609756,2.1614203778677465,14.344986449864495,1483.1201219512195,58.156250000000014,44.12417582417583,59.56315789473683
14.999205087440382,5.863211382113822,1.2430128205128208,12.503694400837258,676.1893939393939,25.963932002956405,38.723974358974345,48.6136212624585
12.168956043956044,9.166887626262621,1.895335917312663,15.334820867379014,1064.8593984962406,32.74971264367815,60.94705882352941,62.38333333333333
14.147783251231528,14.286941729323306,3.2312896405919664,16.254470046082957,1300.4102564102564,32.06445945945947,64.77333333333335,89.3939628482972
11.91640866873065,8.298014354066986,2.435975609756097,14.642319667877523,1009.5428571428572,27.379093567251452,55.075852272727246,86.12391304347828
13.282667876588022,9.453228498074457,3.8056511056511058,15.045065789473687,668.8936545240894,10.08483316481297,26.74754578754579,44.45236842105263
12.08974358974359,6.055092245153218,0.49292517007755077,11.633483483483486,584.6666666666667,36.01770057899088,34.56300366300367,40.125437201907815
15.501732501732501,10.41587633087633,3.3696934739617665,16.273050193050185,1226.5284552845528,28.89388888888889,69.68406976744184,79.39223057644105
11.19912559618442,11.825750000000001,-0.26785421785421737,13.941352657004833,725.4204545454545,37.502240896358536,47.22129310344828,77.4
13.091362126245848,10.501567460317462,2.813461538461536,15.748592257415785,694.0909090909091,47.185,37.5013071895425,26.251111111111115
12.134615384615385,3.762764928511353,1.4691176470588236,16.051554001554003,986.0347222222222,39.18306342780027,42.73568953568954,54.80466830466829
13.004248366013071,6.300518092105265,1.6867045454545455,10.133835125448021,804.7468230694037,49.9431818181818,40.482456140350855,51.61288798920377
15.196992481203008,13.326068511796727,2.080419481992399,15.011498257839719,1590.1928571428573,48.67745098039217,64.84574028122412,100.18032581453637
12.018181818181818,7.027408906882591,2.0406015037594,15.552930402930402,819.1045751633986,35.63365853658535,34.30588235294119,31.956442831216016
11.256535947712418,6.955550935550932,1.147279549718572,14.301239837398368,884.4755996691481,83.06705426356586,48.835357624831275,47.298660714285724
16.33787661406026,14.140169878296149,3.632352941176471,18.26193798449613,1297.7270471464021,20.36842490842492,48.80913793103447,82.95821371610839
11.256747638326585,5.823653722721437,1.5305770887166235,13.297926634768746,761.7550505050505,21.723044096728323,44.34723684210525,48.634285714285724
15.375226860254084,15.301792207792209,5.749545454545455,20.98910714285715,1003.1711259754737,34.86863636363637,61.52490196078434,73.86764705882354
